span_id,paper_id,section_name,true_label,predicted_label,confidence,correct,text
698a6149457b76a5,226523849,CONCLUSION,macro,meso,0.5663736217759346,False,"In this work, we have stated several hypotheses based on monocular human visual fixation. We have proposed a model that from an initial image and camera pose is able to estimate its depth map by considering the optical displacement in the images induced by the different poses of the camera as a consequence of eye-head movements inspired by those involved in human fixation, namely, microdisplacements of the head and microsaccadic movements. It is important to highlight the fact that our algorithm is agnostic to the specific robot hardware as long as it is able to replicate the described 3-D camera fixation movements. In consequence, our conclusions can be extended to other robotic platforms since it is only necessary to know the pose of the camera at each instant from the robot proprioception, and compare it with the initial pose. We have studied the behavior of the proposed algorithm in several scenarios in order to quantify its stability w.r.t. noisy input signals and how its parameters influence its performance, both qualitatively and quantitatively. Our good results pave the way for the implementation in a real robot."
8258e87176738c59,240879831,Abstract,macro,macro,0.9999941613802631,True,"Semantic segmentation is paramount for autonomous vehicles to have a deeper understanding of the surrounding traffic environment and enhance safety. Deep neural networks (DNNs) have achieved remarkable performances in semantic segmentation. However, training such a DNN requires a large amount of labeled data at the pixel level. In practice, it is a labor-intensive task to manually annotate dense pixel-level labels. To tackle the problem associated with a small amount of labeled data, deep domain adaptation (DDA) methods have recently been developed to examine the use of synthetic driving scenes so as to significantly reduce the manual annotation cost. Despite remarkable advances, these methods, unfortunately, suffer from the generalizability problem that fails to provide a holistic representation of the mapping from the source image domain to the target image domain. In this article, we, therefore, develop a novel ensembled DDA to train models with different upsampling strategies, discrepancy, and segmentation loss functions. The models are, therefore, complementary with each other to achieve better generalization in the target image domain. Such a design does not only improves the adapted semantic segmentation performance but also strengthens the model reliability and robustness. Extensive experimental results demonstrate the superiorities of our approach over several state-of-the-art methods."
84e615cb148bf2ae,246842082,INTRODUCTION,macro,macro,0.6141938610759157,True,"Videos extend the semantic information of images in the temporal domain like natural language. The series of temporal and spatial changes in videos are commonly called events; events temporally connect in a structured manner to form atomic actions, which at the same time combine themselves to form composite actions (Girdhar and Ramanan, 2020;Zhu et al., 2020). For example, in the composite action of putting down a glass after drinking water, drinking and putting down are atomic actions and after is a temporal connection between them. Humans understand, recall memories and objects in an unordered fashion (Holtgraves and Srull, 1990). We can reason about temporally connected actions also reason about objects, their attributes and relation between objects involved in actions. Spatial and temporal understanding of events, actions and objects play an important role in tasks like action recognition, action prediction, human-object interaction etc. While temporal and spatial reasoning is natural for intelligent species, standard artificial neural networks (ANN) do not inherently have this ability. For complex and human-like spatio-temporal reasoning, an ANN not only should comprehend the con- cept of objects, their relations but also how events and actions temporally relate as well. For example, pick and place cone contains temporally related events where the spatial relation of the cone changes with respect to the table and other objects. Pick and place cone before rotate cylinder additionally contains temporally related actions (Fig.1)."
1bfc7f6659920151,248645309,INTRODUCTION,macro,macro,0.9999989818949875,True,"Deep learning from small datasets is a research area that has been receiving increasing interest in the past couple of years [41,3,8,9]. The distinctive feature that makes this field of research differ from other learning problems is that, the use of additional, external datasets, e.g., for pre-training neural networks, is not available. While nowadays popular datasets contain hundreds or thousands of training examples per class, deep learning from small data trains neural networks on tens or hundreds of samples per category. These extreme settings exacerbate the well-known weaknesses of neural networks i.e., being prone to memorizing spurious correlations among training features instead of actually learning a general function for the requested task [18]. Therefore, deploying a performant classifier in this scenario remains an important challenge."
23a14cb922bf8cda,248836712,Conclusion,macro,micro,0.9988072000479169,False,"We trained a multi-task model to perform both road area segmentation and steering wheel angle prediction in order to transfer road area segmentation performance to a new data set with adverse road and weather conditions. We found out that when the steering task is used in the model training, we gained a 0.1-2.9% percentage point increase in the road area mIoU when compared to the corresponding reference transfer learning model, reaching 90.6% mIoU in the test set with our best multi-task model. This means that steering wheel angle prediction could be used as an useful auxiliary task for improving road area segmentation in a new data set which only has steering wheel angle ground truth. However, there can be plenty of random variation in the results due to small test data set size. Furthermore, one should note that our approach is mostly tested in rural environment and more experiments should be made to optimize the performance of this multi-task setup and to implement it to a multi-class semantic segmentation case. One should also consider if there are other auxiliary tasks that could support road area segmentation more effectively and if there is a limit in which higher road area segmentation accuracy could not be reached due to road area interpretation ambiguity."
e013c4bb89470a8e,251827430,Introduction,macro,micro,0.7728267000546288,False,"Recent advances in three-dimensional (3 D) GIS modeling technologies applied in smart cities have shown an increasing demand for accurate 3 D semantic information for the sophisticated analysis and interpretation of 3 D urban scenes (Biljecki et al. 2014). With the rapid upgrades of 3 D data acquisition equipment, the representative mobile laser scanning (MLS) system has the advantage of quickly collecting highprecision MLS point cloud data which can present 3 D urban scenes with detailed objects (Xu et al. 2021a) and has become more desirable for urban studies. As a challenging task, semantic segmentation of MLS point clouds aims to classify each point in the point set to provide 3 D semantic information of ground objects for urban scene understanding, contributing to many real-world applications such as autonomous vehicles (AVs) and intelligent transportation systems (ITS) (Broggi et al. 2013, Schreiber et al. 2013. Early research works for solving the problem of point cloud semantic segmentation tend to use traditional machine learning-based methods. These methods usually use a conventional classifier to segment points based on manually designed features or rules (Weinmann et al. 2013, Xu et al. 2014. However, the MLS point clouds, as illustrated in Figure 1, are unevenly distributed in a large-scale outdoor scene, different scanned objects inside are varying in shape and size, and may suffer serious incompletion caused by scanning angles or occlusion. The aforementioned objective factors pose significant challenges in the semantic segmentation of MLS point clouds. Recently, deep learning on point cloud semantic segmentation (Zhao et al. 2018, Guo and Feng 2020, Zeng, et al. 2022) has become gradually thriving. Distinctly from defining a group of hand-tuned feature descriptors in most conventional methods, deep learning-based methods achieve automatic and efficient feature extraction with their advances in feature learning and the capacity of parameter sharing (Xu et al. 2021b). For this reason, we intend to accurately segment MLS point clouds of large-scale urban scene by using deep learning-based method in this paper."
7bdc0688b33a1e80,252186894,Abstract,macro,macro,0.8479843341787197,True,"Gene flow between previously isolated populations during the founding of an admixed or hybrid population has the potential to introduce adaptive alleles into the new population. If the adaptive allele is common in one source population, but not the other, then as the adaptive allele rises in frequency in the admixed population, genetic ancestry from the source containing the adaptive allele will increase nearby as well. Patterns of genetic ancestry have therefore been used to identify post-admixture positive selection in humans and other animals, including examples in immunity, metabolism, and animal coloration. A common method identifies regions of the genome that have local ancestry ‘outliers’ compared to the distribution across the rest of the genome, considering each locus independently. However, we lack theoretical models for expected distributions of ancestry under various demographic scenarios, resulting in potential false positives and false negatives in ancestry outlier approaches. Further, ancestry patterns between distant sites are often not independent. As a result, current methods tend to infer wide genomic regions containing many genes as under selection, limiting biological interpretation. Instead, we develop a deep learning object detection method applied to images generated from local ancestry-painted genomes. This approach preserves information from the surrounding genomic context and avoids potential pitfalls of user-defined summary statistics. We find the method is robust to a variety of demographic misspecifications using simulated data. Applied to human genotype data from the admixed population of Cabo Verde, we localize a known adaptive locus to a single narrow region compared to multiple or long windows obtained using two other ancestry-based methods."
fb1a7a4abf3c4928,252408502,Conclusions,macro,macro,0.998625045171548,True,"In this work, we present a novel benchmark for holistic, multi-level surgical understanding based on a systematical deconstruction of robot-assisted radical prostatectomies. We introduce and validate PSI-AVA, a novel dataset that will allow the study of intrinsic relationships between phases, steps and instrument dynamics, for which we introduce the atomic action definition and vocabulary. Furthermore, we propose TAPIR as a strong transformer-based baseline method tailored for multi-task learning. We hope our framework will serve as a motivation for future work to steer towards holistic surgery scene understanding. Step Description TAPIR builds upon MViT [9], which uses a multiscale pyramidal strategy to extract low-spatial but highdimensional features from video sequences. Step Recognition tasks, TAPIR shows higher continuity along with its predictions, while SlowFast fails to keep coherence. Supplemental Figure 1 shows color codes for both tasks. B) Both methods fail to recognize some of the atomic actions, demonstrating the task's difficulty. However, TAPIR action prediction keeps coherence between the options, contrary to SlowFast's (e.g., travel and still). Best viewed in color."
6db3b0e0731797d4,252769272,Conclusions,macro,macro,0.6716311218868735,True,The target of this study is to lighten parameters of the network while maintaining good performance. We design a lightweight depthwise separable convolutional neural network with an attention mechanism named DSCA-Net for accurate medical image segmentation. Our proposed network extracts richer feature information and reduces feature loss in segmentation processing compared with U-Net. We assessed our network on four datasets and collected segmentation results against state-of-the-art networks under various metrics. The visualization and quantitative results show that our network has better segmenting ability. We intend to utilize DSCA-Net to segment 3D images in the future.
1fe3632db9b4254f,252810518,INTRODUCTION,macro,meso,0.9970886648237541,False,"A UTONOMOUS Driving (AD) relies on processed information from numerous sensors installed over the vehicle, perceiving the surroundings, helping to understand the traffic scenes and control the movements of the vehicle [1], and hence playing a role of its eyes and ears. These sensors mostly include high resolution cameras, radar, and Light Imaging Detection and Ranging (LiDAR) [2] to classify the objects via feature extraction and to measure the distance to surrounding objects via radio waves and illumination, so as to eventually yield a 3D view of the environment. To avoid collision with on-road obstacles, various types of other sensors have also been deployed for autonomous vehicles, which include infrared, sonar, micro radar, ultrasonic, and short distance sensors. Similarly, vision sensors are used to equip autonomous vehicles with the ability to understand the visuals of surrounding environment, which include road lanes detection, traffic light analysis, road sign detection and recognition, vehicle detection This work is licensed under a Creative Commons Attribution 4.0 License. For more information, see https://creativecommons.org/licenses/by/4.0/ Fig. 1. Sample segmented images for an autonomous vehicle, helping in scene parsing: (a) exemplifies instance segmentation, where each object from similar classes is segmented into different color with its own boundary pixels; (b) depicts a semantically segmented image, where objects of similar classes are highlighted in an individual color, without any differentiation. and tracking, pedestrian detection (both on-road and off-road), and short-term traffic prediction [3]. Visual scene representation and understanding for AD include lanes detection, traffic lights analysis, traffic signs, surrounding pedestrian and cars detection, and many other tasks. Accumulating these information provide more enhanced and safer instructions for automated actions of the vehicle, such as turning manoeuvres, lane changing, or braking [4]."
ac0ca3e75a0cd496,252825642,Title,macro,meso,0.8811330267975995,False,Algorithm and Hardware Co-Design of Energy-Efficient LSTM Networks for Video Recognition with Hierarchical Tucker Tensor Decomposition
54370d43d57c3f6c,252928762,Title,macro,macro,0.9999988444879699,True,Toward Holistic Scene Understanding: A Transfer of Human Scene Perception to Mobile Robots
4d34e90d82203cb3,253099805,Introduction,macro,macro,0.9975897674326554,True,"With these new datasets of images and videos, LVIS and TAO, we are interested in building a strong large vocabulary video tracker. However, as the annotation difficulty between images and videos is even more severe in large vocabulary datasets, the significant gap in dataset scale and label vocabularies naturally exists. Therefore, pre-training the model on images for learning large vocabularies and then fine-tuning on video for seamless video domain adaptation is a standard learning protocol. Given this context, can the current advances of large-vocabulary detection and multi-object tracking be successfully unified and tied into a single model? In particular, we see there are two main challenges for the successful marriage of two streams: First, no tracking supervisions are in LVIS. This essentially leads to inconsistent learning of detection (with LVIS and TAO) and tracking (only with TAO), resulting in sub-optimal video feature representations. Second, detection supervisions in TAO are partial 3 . Thus, catastrophic forgetting [47] is inevitable if one naively fine-tunes the LVIS tracker directly on the TAO."
45c6bc7ea9aeb398,253121230,Introduction,macro,meso,0.9069473422302393,False,"For handling the problem of US-MSMA for semantic segmentation, we propose a two-stage method which consists of a model adaptation stage and a model integration stage. For the model adaptation stage, we propose a novel learning strategy, model-invariant feature learning. Specifically, to take full advantage of diverse characteristics of the source-domain pre-trained models, we train the source-domain models to produce target-domain features with similar distributions which are referred to as model-invariant features. The conception of the model-invariant feature learning is to reduce the domain biases and improve the generalization ability of the source-domain models by harmonizing the model characteristics derived from different source domains. Moreover, to obtain predictions in the target-domain label space, we introduce a classifier ensemble strategy which combines predictions of all the classifiers of the source-domain models as the complete prediction. To integrate the adapted source-domain models, we further introduce the model integration stage which distills knowledge of the adapted models to train a final model. We validate the effectiveness of our method in various situations of the union-set multi-source setting by conducting extensive experiments. This paper's contributions are summarized as follows."
2f3ee9bc57609972,253145517,INTRODUCTION,macro,meso,0.9799233846924181,False,"Driver error or a delayed reaction time are responsible for more than 70% of documented traffic accidents in Great Britain [1]. In order to prevent road accidents and promote safe driving, a number of researchers are currently creating intelligent vehicles. In recent years along with autonomous vehicles, computer vision has been introduced in several places, such as fraud detection [2], forensic system [3], home security systems [4], [5] accident findings [6]. As a consequence of technological developments, various mechanisms have been created to inform drivers of potential lane departures or accidents, lane layout, and the placement of additional vehicles in ways. Because of the significant signals it displays in the surroundings of intelligent vehicles, lane detection on the roadways has become a crucial challenge. When the input image becomes noisy due to environmental instability, locating the lane lines becomes harder."
34a7bb815fc77934,253290620,INTRODUCTION,macro,macro,0.8199213986542963,True,"With the rapid increase of car users the need for parking system with predictive modeling that allows learning by analyzing past user information is becoming essential. Prediction models are required since machine learning algorithms can predict future parking demand and the behavior of the parking users. Moreover, with trained neural network-based parking system license plate detectors, the parking system license plate detection and classification will improve with you only look once (YOLO) neural-network algorithm. YOLO provides real-time license plate detection [1]- [5]. Du et.al. [1] published work emphasis the need to have a multi-plate processing and detection [1] where YOLO can do that with increased speed and accuracy [6]- [8]. Masood et.al. published [9] work presents license plate detection and recognition using convolution neural network (CNN) with only 93.4% accuracy. Silva and Jung [3] published work presents license plate detection and recognition using CNN without optimizing neural-network hyperparameters [3]. Hyperparameter optimization is performed on the proposed general-purpose graphic unit (GPU)-based neural-network real-time parking system object detection. Also, other published work [4], [10] do not include hyperparameter optimization in their neural network processing. Nyambal and Klein their automated parking space detection using CNN achieving a 95.5% accuracy without license plate detection [10]. Fukusaki et.al. [11] also presented their published work on parking space detection using CNN without license plate detection [11]. Acharya et.al. [12] published work descirbes parking system with parking space neural network detection Int J Artif Intell ISSN: 2252-8938  Neural network-based parking system object detection and predictive modeling (Ziad El Khatib) 67 achieving high accuracy of 99.7% without any predicitive modeling processing [12]. Lin et.al. [13] and Idris et.al. [14] and Sarangi et.al. [15] in their published work presented a survey of smart parking system without any proposed design implementation. Applying existing machine learning in smart parking applications is investigated in [16]- [20]. However, they look at the data analytics without proposing a system implementation. Other published work [21]- [23] do not propose a machine learning model algorithm."
e40aa8800a6e0fdb,253357754,INTRODUCTION,macro,micro,0.993186059036848,False,"R EAL-TIME semantic segmentation models are applicable for unmanned aerial vehicles (UAVs) to enhance situational awareness of aerial scenes. As shown in Fig. 1, the main task is to label each pixel of an aerial image with a corresponding class and generate a segmentation map. For example, pixels corresponding to grass are colored yellow on the segmentation map (see Fig. 1). This process occurs in real-time on edge computing devices, such as portable embedded GPU processors mounted on UAVs. Consequently, the segmentation algorithms must be small in size, low power, and computationally efficient."
6cd7171ce16d5f4f,253704574,CONCLUSION,macro,macro,0.664928537513177,True,"An adaptive granulation-based CNN model with eleven layers is proposed for remote sensing image classification. The model AGCNN (M 6 ) considers class belonging information of pixels in image patches through class-dependent granulation, and selection of informative features from the granulated ones in terms of rough set theoretic reducts. The model evolves its architecture automatically to accommodate the information content in new samples during the learning process. During classification, it incorporates the weighted class membership, and roughness measure on overlapping granules representing more than one class. The principle of roughness-minimization on overlapping granules enables appropriate class-assignment to doubtful pixels. The concept of using roughness measure in case of tie is novel. The adaptive granulation characteristics of AGCNN reduces the number of weight parameters and makes it able to learn in a single pass. In our study, the number of weight parameters is seen to be much less (viz., 108) in comparison to thousands of weight parameters in conventional CNN. Further, the single-pass training resulted in much reduced computational time (say, to few seconds), as compared to more than 100 s in conventional CNN."
1f3a51db961cfe39,253762912,Introduction,macro,meso,0.519533576471722,False,"Event cameras are novel vision sensors that show great potential for robotic applications. They asynchronously capture light intensity changes in each independent pixel, rather than a full image of absolute intensity, resulting in a stream of events as the output. Due to their low latency, high dynamic range and robustness to motion blur, they are able to capture more information in challenging conditions of motion and light where conventional cameras fail to produce clear images. Additionally, these sensors reduce communication bandwidth and storage compared to conventional cameras since information is only transmitted when events occur [1]. Despite this, the use of event cameras for computer vision applications is not trivial, given the nature of their output. Note that events are caused by the relative motion between the elements of the scene and the camera. Thus, extracting relevant information is challenging, especially when the camera moves, since events are caused by both the target and the background. Moreover, traditional vision algorithms generally take absolute intensity images as an input, so an adaptation is needed to use them on events."
e988f35448a95ad0,253842093,INTRODUCTION,macro,meso,0.6806763310418028,False,"A UTONOMOUS vehicles need to understand their surroundings to safely navigate in dynamic, real-world environments. To achieve holistic perception and enhance safety, the sensor suites of autonomous vehicles are versatile to explore redundant information of individual sensors such as cameras, LiDAR, or radar. Particularly in autonomous driving, where a malfunction of one modality can result in lethal consequences, redundancy is key. Widely explored cameras and LiDAR sensors capture the environment precisely but face limitations under adverse weather such as fog, rain, and snow. Additional information is required, which is accessible via radar sensors, and hence, makes them crucial to enable safe autonomous mobility."
94e5645dc5fca7b0,253954742,Abstract,macro,micro,0.9541393006842808,False,"Object detection in high-resolution remote sensing images remains a challenging task due to the uniqueness of its viewing perspective, complex background, arbitrary orientation, etc. For fine-grained object detection in high-resolution remote sensing images, the high intra-class similarity is even more severe, which makes it difficult for the object detector to recognize the correct classes. In this article, we propose the refined and balanced feature pyramid network (RB-FPN) and center-scale aware (CSA) label assignment strategy to address the problems of fine-grained object detection in remote sensing images. RB-FPN fuses features from different layers and suppresses background information when focusing on regions that may contain objects, providing high-quality semantic information for fine-grained object detection. Intersection over Union (IoU) is usually applied to select the positive candidate samples for training. However, IoU is sensitive to the angle variation of oriented objects with large aspect ratios, and a fixed IoU threshold will cause the narrow oriented objects without enough positive samples to participate in the training. In order to solve the problem, we propose the CSA label assignment strategy that adaptively adjusts the IoU threshold according to statistical characteristics of oriented objects. Experiments on FAIR1M dataset demonstrate that the proposed approach is superior. Moreover, the proposed method was applied to the fine-grained object detection in high-resolution optical images of 2021 Gaofen challenge. Our team ranked sixth and was awarded as the winning team in the final."
f1692b8abf7612e8,253954742,INTRODUCTION,macro,micro,0.9200782923150761,False,"In recent years, with the development of convolutional neural networks (CNN), the field of computer vision has grown considerably due to the powerful feature extraction capability of CNN. Various vision-based tasks including classification, object detection, and semantic segmentation have been able to achieve superior performance. A number of CNN-based object detectors [5], [6], [7], [8] have made significant progress and achieved excellent performance on MS COCO dataset [9] and PASCAL VOC dataset [10]. However, most of the existing techniques tend to suffer from dramatic performance degradation when applied to remote sensing images, mainly due to the difference between remote sensing images and natural scene images. Objects in remote sensing images are usually densely distributed, appear in arbitrary orientations, and have large scale variations, which make object detection an even more challenging task. As shown in Fig. 1, for fine-grained object detection, the high intra-class variation and low inter-class variation lead to limitations in the performance of various detectors."
8cd2b111e22e9482,254099325,Abstract,macro,micro,0.9968534053376662,False,"Multibeam forward-looking sonar (MFLS) plays an important role in underwater detection. There are several challenges to the research on underwater object detection with MFLS. Firstly, the research is lack of available dataset. Secondly, the sonar image, generally processed at pixel level and transformed to sector representation for the visual habits of human beings, is disadvantageous to the research in artificial intelligence (AI) areas. Towards these challenges, we present a novel dataset, the underwater acoustic target detection (UATD) dataset, consisting of over 9000 MFLS images captured using Tritech Gemini 1200ik sonar. Our dataset provides raw data of sonar images with annotation of 10 categories of target objects (cube, cylinder, tyres, etc). The data was collected from lake and shallow water. To verify the practicality of UATD, we apply the dataset to the state-of-the-art detectors and provide corresponding benchmarks for its accuracy and efficiency."
1d725143aef6e03c,254100391,Title,macro,macro,0.9860937121644112,True,Computer-aided diagnosis through medical image retrieval in radiology
c28b89110a795ae8,254125044,Introduction,macro,micro,0.9839934158745887,False,"In the literature, there exist numerous relevant studies. Similar problems have been considered in video object detection, which detects objects using multiple adjacent video frames (Feichtenhofer, Pinz, and Zisserman 2017;Zhu et al. 2017;Wang et al. 2018a;Deng et al. 2019;Wu et al. 2019;Guo et al. 2019;Kim et al. 2021;Chen et al. 2020c;Koh et al. 2021). The primary interest of these studies focused on enhancing visual features using a sequence of video frames. Recently, this study has been extended to LiDAR-based 3D object detection Yin et al. 2020;Yuan et al. 2021;Emmerichs, Pinggera, and Ommer 2021;Yang et al. 2021). In this study, the 3D object detectors that consume the temporal sequence of point clouds are called 3D object detection with point cloud sequence (3D-PCS). Several 3D-PCS methods have employed various sequence encoding models to aggregate the intermediate features obtained from each set of points Yin et al. 2020;Yuan et al. 2021;Emmerichs, Pinggera, and Ommer 2021;Yang et al. 2021). The method in was based on a ConvLSTM model (Xingjian et al. 2015) modified to capture a temporal structure in a sequence of point features. 3DVID (Yin et al. 2020) incorporated an attentive spatio-temporal memory in a ConvGRU model (Ballas et al. 2015) to enable spatio-temporal reasoning across a long-term point cloud sequence. VelocityNet (Emmerichs, Pinggera, and Ommer 2021) used deformable convolution to generate spatio-temporal features based on the velocity patterns of dynamic objects. 3D-MAN attempted proposal-level feature aggregation using a transformer architecture."
d87ce8c738dc2119,254125126,Title,macro,micro,0.9683535492749721,False,FADEC: FPGA-based Acceleration of Video Depth Estimation by HW/SW Co-design
c3dfe3eef17d0352,254125143,Introduction,macro,macro,0.9961833312263703,True,"Colon cancer is a common deadly malignant tumor, the fourth most common cancer in men, and the third most common cancer in women worldwide. Colon cancer is responsible for 10% of all cancer cases [1]. According to prior research, colon and rectal tumors share many of the same or similar characteristics. Hence, they are often classified Eosin (H&E). Treatment with H&E is a common approach when staining tissue sections to show the inclusions between the nucleus and cytoplasm and highlight the fine structures between tissues [5,6]. When a pathologist performs an examination of the colon, they first examine the histopathological sections for eligibility and find the location of the lesion. The pathology sections are then examined and diagnosed using a low magnification microscope. If finer structures need to be observed, the microscope is adjusted to use high magnification for further analysis. However, the following problems usually exist in the diagnostic process: the diagnostic results become more subjective and varied due to different doctors reasons; doctors can easily overlook some information in the presence of a large amount of test data; it is difficult to analyze large amounts of previously collected data [7]. Therefore, it is a necessary to address these issues effectively."
b7625ca72df78bc3,254125230,Abstract,macro,macro,0.6672658171692227,True,"We tackle open-world semantic segmentation, which aims at learning to segment arbitrary visual concepts in images, by using only image-text pairs without dense annotations. Existing open-world segmentation methods have shown impressive advances by employing contrastive learning (CL) to learn diverse visual concepts and adapting the learned image-level understanding to the segmentation task. However, these methods based on CL have a discrepancy since it only considers image-text level alignment in training time, while the segmentation task requires region-text level alignment at test time. In this paper, we propose a novel Text-grounded Contrastive Learning (TCL) framework to directly align a text and a region described by the text to address the train-test discrepancy. Our method generates a segmentation mask associated with a given text, extracts grounded image embedding from the masked region, and aligns it with text embedding via TCL. The framework addresses the discrepancy by letting the model learn region-text level alignment instead of image-text level alignment and encourages the model to directly improve the quality of generated segmentation masks. In addition, for a rigorous and fair comparison, we present a unified evaluation protocol with widely used 8 semantic segmentation datasets. TCL achieves state-of-the-art zero-shot segmentation performance with large margins in all datasets. Code is available at https://github.com/kakaobrain/tcl."
686e992d1f3bdfdd,254125463,INTRODUCTION,macro,micro,0.9994267040548207,False,"Soft labels use a well-trained model to completely generate the training data for another model. A clear use of soft labels is in model distillation [5] where the final layer in a large neural network containing the class probabilities is used as the ground truth to train a smaller network on. This effectively teaches a smaller model what a large model learned in a teacher-student [6] relationship. In this paper, we use soft labels to train an object detection model on satellite imagery and then rapidly create a dataset of soft labels."
2872e0c2366295d6,254125472,Introduction,macro,meso,0.5712745133739922,False,"Incremental Learning aims at incrementally updating a trained model, through tasks that learn new classes without forgetting old classes [1] [2] [3]. Class Incremental Learning is where a limited memory or no previously learned samples are allowed during the training process. This limitation is motivated by practical applications, such as storage and computing constraints which prevent us from simply retraining the entire model for each new task. It is worth mentioning, that Incremental Learning is different from Transfer Learning in that it also aims to have good performance in both old and new tasks. Since the objective of an Incremental Learner is to keep on learning new tasks, it should be evaluated based on the classifier's performance on the past and the present tasks, in order to be confident about its behaviour in future unseen tasks. Lopez-Paz and Ranzato [4] pointed out that the ability of learners to transfer knowledge should also be paid attention to, and accordingly proposed the concepts of backward transfer (BWT, which is the influence that learning a task has on the performance of previous tasks) and forward transfer (FWT, which is the influence that learning a task has on the performance on future tasks). These new metrics are emerging which balance intransigence v forgetting [5]."
a633a138ec038d56,254125510,Introduction,macro,macro,0.9999375556463604,True,"Automated insect camera traps and data analyzing algorithms based on computer vision and deep learning are valuable tools for monitoring and understanding insect trends and their underlying drivers [2,18]. It is challenging to automate insect detection since insects move fast, and their environmental interactions, such as pollination events are ephemeral. Insects also have small sizes [18,41], and may be occluded by flowers or leaves, making it hard to separate the objects of interest from the natural vegetation."
8315f0f2bd8debc5,254125589,Conclusion,macro,micro,0.9699783195914972,False,"Toward learning medical segmentation from multi-rater labels, we propose a selfcalibrated segmentation model to calibrate the segmentation and estimate the multirater confidences recurrently. In this way, the shortcomings of the two independent tasks are complemented, thus gaining mutual improvement. Extensive empirical experiments demonstrated that self-calibrated segmentation outperforms the alternative multi-rater learning methods."
99505480adfa2d29,254125696,Introduction,macro,meso,0.673841365207101,False,"On the other hand, common sense relational knowledge that links coarse-grained to fine-grained classes is readily available from text, e.g. ""a table-lamp is a lamp that sits on top of a table"", ""a coffee-table is a table in front of a sofa or chair arrangement"". Moreover, detecting and labelling relationships between objects in an image, such as ""on top of"" and ""in front of"", has been studied widely under the name of scene-graph generation [14,15,10,9]. One might immediately wonder whether annotating relationships requires an even higher annotation effort. While the number of general spatial relationships between objects in an image can be large (quadratic in the number of object instances), general relationships are often not very discriminative for the task of fine-grained classification. Discriminative relationships often occur between a few pairs of objects, and are much easier to label. Additionally, such discriminative relationships can often be derived from fine-grained labels using automatic rules (as we shall see in Sec. 5.1), eliminating the need for an expert annotator. Thus annotation of discriminative relationships is a cheaper and much less time-consuming task than fine-grained object bounding box annotation."
cab9bbc9b3bb2f87,254125707,CONCLUSION,macro,meso,0.8625067765075354,False,"In this paper, we have presented a robust task-aligned Detection Transformer named PMMW-DETR. Different from popular neural networks, we perform the denoising coarse-tofine Transformer backbone to deal with the problem of high noise and lack of texture information in the PMMW image, the query selection module to introduce spatial prior information, and the task-aligned dual-head block to enhance the ability of the network to identify object categories. Numerical experiments show that PMMW-DETR outperforms other SOTA methods, and achieves the classification of different objects for the first time. It is worth noting that PMMW-DETR is also applicable to infrared, optical, and radar images that possess the following characteristics: (1) high noise; (2) Lack of local texture information; (3) The object of interest appears in a relatively stable spatial position (for example, in the security image, hidden objects always appear in the human body area)."
71cf26b7fd9791b3,254128235,Conclusion,macro,micro,0.9999994718338686,False,"In this paper, we propose Triangle Area Triple Loss Function (TATLF), which adopts Triangle Area (TA) as measurement of sample distance. The advantage of the model trained by TATLF not only considers the distance relationship between samples, but also considers the angle relationship. As a result, retrieval performance of the model is improved. Furthermore, we combine CNN with Transformer. It allows our network model to have the ability to jointly model local information and edge information, which has better performance than single CNN. Extensive experiments on two public datasets, Fashion200k and MIT-States, confirm excellent performance of our proposed method."
10e848de847e9645,254128686,Title,macro,macro,0.6750895744076428,True,CNN-based object detection and growth estimation of plum fruit (Prunus mume) using RGB and depth imaging techniques
630fcb5e46b19e09,254128686,Abstract,macro,micro,0.618246064702184,False,"Modern people who value healthy eating habits have shown increasing interest in plum (Prunus mume) fruits, primarily owing to their nutritiousness and proven efficacy. As consumption increases, it becomes important to monitor work to prevent Prunus mume fruits from falling out. Moreover, determining the growth status of Prunus mume is also crucial and is attracting increasing attention. In this study, convolutional neural network (CNN)-based deep learning object detection was developed using RGBD images collected from Prunus mume farms. These RGBD images consider various environments, including the depth information of objects in the outdoor field. A faster region-based convolutional neural network (R-CNN), EfficientDet, Retinanet, and Single Shot Multibox Detector (SSD) were applied for detection, and the performance of all models was estimated by comparing their respective computing speeds and average precisions (APs). The test results show that the EfficientDet model is the most accurate, and SSD MobileNet is the fastest among the four models. In addition, the algorithm was developed to acquire the growth status of P. mume fruits by applying the coordinates and score values of bounding boxes to the depth map. Compared to the diameters of the artificial Prunus mume fruits used as the experimental group, the calculated diameters were very similar to those of the artificial objects. Collectively, the results demonstrate that the CNN-based deep learning Prunus mume detection and growth estimation method can be applied to real farmlands."
c03fc3acdeaa94a4,254129812,Introduction,macro,micro,0.6277682116134476,False,"Estimating accurate dense depth maps is an essential task for unmanned vehicles [1,2]. Having access to the distance that separates them from objects of the environment is indeed a prerequisite for most obstacle avoidance and trajectory planning algorithms [3][4][5]. To the best of our knowledge, the only reliable long-range distance sensors suitable for outdoors are heavy, bulky, power consuming, and expensive, which makes them unsuitable for use on vehicles such as drones where weight, size, and power availability are constrained. Therefore, these vehicles need to infer distances by other means. One way to achieve this is to replace the distance sensor with an algorithm that estimates depth from RGB pictures captured by an on-board-mounted camera, as done by Kim et al. [4] for instance."
215df5dd976f797a,254149008,Abstract,macro,micro,0.9984332123324113,False,"Digital image processing techniques and algorithms have become a great tool to support medical experts in identifying, studying, diagnosing certain diseases. Image segmentation methods are of the most widely used techniques in this area simplifying image representation and analysis. During the last few decades, many approaches have been proposed for image segmentation, among which multilevel thresholding methods have shown better results than most other methods. Traditional statistical approaches such as the Otsu and the Kapur methods are the standard benchmark algorithms for automatic image thresholding. Such algorithms provide optimal results, yet they suffer from high computational costs when multilevel thresholding is required, which is considered as an optimization matter. In this work, the Harris hawks optimization technique is combined with Otsu’s method to effectively reduce the required computational cost while maintaining optimal outcomes. The proposed approach is tested on a publicly available imaging datasets, including chest images with clinical and genomic correlates, and represents a rural COVID-19-positive (COVID-19-AR) population. According to various performance measures, the proposed approach can achieve a substantial decrease in the computational cost and the time to converge while maintaining a level of quality highly competitive with the Otsu method for the same threshold values."
952c6148b3826864,254152460,Abstract,macro,macro,0.9850043284258744,True,"This paper introduces the Human Action Multi-Modal Monitoring in Manufacturing (HA4M) dataset, a collection of multi-modal data relative to actions performed by different subjects building an Epicyclic Gear Train (EGT). In particular, 41 subjects executed several trials of the assembly task, which consists of 12 actions. Data were collected in a laboratory scenario using a Microsoft® Azure Kinect which integrates a depth camera, an RGB camera, and InfraRed (IR) emitters. To the best of authors’ knowledge, the HA4M dataset is the first multi-modal dataset about an assembly task containing six types of data: RGB images, Depth maps, IR images, RGB-to-Depth-Aligned images, Point Clouds and Skeleton data. These data represent a good foundation to develop and test advanced action recognition systems in several fields, including Computer Vision and Machine Learning, and application domains such as smart manufacturing and human-robot collaboration."
3662c40efb1d7362,254220742,Introduction,macro,macro,0.8444287320376662,True,"The transition towards a more sustainable power generation has already begun. A core component of the energy mix in the future could very likely be solar panels also known as photovoltaics (PV) [15]. However, as the amount of deployed residential PV increases, the difficulty to balance the frequency of power for the Transmission System Operators (TSOs) becomes a harder task, as a greater part of the energy mix will be fluctuating due to meteorological variation caused by solar and wind. The ability to track solar adoption using remote sensing may benefit policy makers in their efforts to incentivize further green energy adoption, as identifying regions of lower solar adoption may be assisted using machine learning methods. Finally, there could be a viable motivation to understand the adoption of residential solar power, both in the sense of demographics studies as well as supporting greater adoption through hubs of installed PV-while some countries have good data and registration of residential installed PV, we often find it sparse, de-centralized and not easily accessible. Our contribution represents datasets spanning Denmark. We believe this dataset may contribute towards better models and generalization for the detection and localization of solar, and is as such a step in the right direction of the aforementioned goals."
4a347d3ec40e31e1,254220843,INTRODUCTION,macro,meso,0.9802092212528226,False,"The ability of the ML community to train accurate, well-generalisable models can be significantly hindered by a lack of available data. One of the main reasons behind this lack of data is the perceived risk to data privacy, which reduces the willingness of individuals to contribute their data for scientific study. One example of adversarial involvement that can pose such a risk is a membership inference attack (MIA) [42]. This attack aims to identify if an individual data record was used to train the target model. The core idea behind MIA is the ability of an ML model to ""memorise"" the features associated with an individual data record. This results in the target model behaving differently (e.g. by having a higher confidence) when producing predictions on the data that it has previously been trained on, in comparison to the data it has not previously observed. This, in turn, can be leveraged by the adversary to infer if a specific record (that they obtain in advance) was used as part of the training dataset for a given ML task."
0a60126b51ce8621,254220860,Abstract,macro,macro,0.9999909407511668,True,"News Image Captioning requires describing an image by leveraging additional context from a news article. Previous works only coarsely leverage the article to extract the necessary context, which makes it challenging for models to identify relevant events and named entities. In our paper, we first demonstrate that by combining more fine-grained context that captures the key named entities (obtained via an oracle) and the global context that summarizes the news, we can dramatically improve the model's ability to generate accurate news captions. This begs the question, how to automatically extract such key entities from an image? We propose to use the pre-trained vision and language retrieval model CLIP to localize the visually grounded entities in the news article and then capture the non-visual entities via an open relation extraction model. Our experiments demonstrate that by simply selecting a better context from the article, we can significantly improve the performance of existing models and achieve new state-of-the-art performance on multiple benchmarks."
5a8a483ecad1c957,254220908,Conclusions,macro,micro,0.9838579652054501,False,"In this paper, we address the task of synthetic-to-real domain adaptive semantic segmentation by proposing a two-stage geometry-aware training framework. Beyond the previous depth-based UDA methods and based only on source depth information, GANDA gains a deep insight into the 3D geometric space and extracts the domain-invariant information after the structure-texture and coordinate-color disentanglements. Besides, without any structure or model dependency, GANDA is plug-and-play and boosts the performances of other existing UDA methods, especially effective in the segmentation of small-object categories. Comprehensive experimental results and analysis demonstrate the effectiveness of our method, where GANDA outperforms other methods on two prevalent synthetic-to-real tasks. We hope this work will prompt more researchers to explore the potential of geometric information on the UDA tasks."
e1656e92ab70042b,254220943,CONCLUSION,macro,meso,0.7750435705037696,False,"In this paper, we propose an interactive-cross attentionnested U-Net network, called UIU-Net. The UIU-Net increases the network depth without reducing object resolution, and it does not rely on the classification backbone to avoid information loss of small objects during downsampling. Furthermore, by including an interactive-across attention module, deep multi-scale features can be encoded while object global and local context representation is improved. Quantitative experiments on SIRST and synthetic datasets, as well as generalization studies on ATR ground/sir datasets, demonstrate the superiority and efficiency of UIU-Net. UIU-Net brings a new perspective on infrared small object detection, and its robustness and stability make it a popular choice for real-world applications. As a result, future work will concentrate on finetuning the network to increase object detection accuracy and efficiency, especially in complex video sequences."
8a042031ab4a5b05,254220951,Introduction,macro,micro,0.9765853063316144,False,"Although the model architectures of those methods are different, they commonly follow a similar paradigm consisting of three essential components including camera feature extraction, BEV feature extraction, and task heads. Among the three components, BEV feature construction is BEVspecific compared with 2D tasks. [18] presents a new framework that learns a unified BEV representation with spatio- temporal transformers. They first lift each query on the flattened BEV grid to a pillar-like query and then project the sampled 3D points to 2D views. The extracted features of hit views are weighted and summed as the output of spatial cross-attention. [17] first predicts the depth for RGB input and projects the image features to frustum space. Then they sum up the frustum features that fall into the same flatted BEV grid. Both methods have pros and cons, while they all flatten the BEV space along the height dimension."
a55ecee3d1a07689,254221010,Introduction,macro,micro,0.9999881484565962,False,"Most existing WSOD algorithms [2,32,31,37,22,8,14] Human-Labeled Ours RPN Selective Search are based on multiple instance learning (MIL) [6]. They treat images as bags of object proposals, which are produced by an object proposal generator [34,44]. Although many promising results have been achieved by WSOD, they are still not comparable to fully-supervised object detectors (FSOD) [21,4]. One of the main reasons is that state-ofthe-art object proposal generators still cannot produce accurate object proposals -this is a particularly serious issue for in-the-wild images with multiple complex non-rigid objects and cluttered background, as shown in Fig. 1."
ab25d3abfc2a33b6,254221046,Title,macro,micro,0.9999230690114824,False,DWRSeg: Dilation-wise Residual Network for Real-time Semantic Segmentation
9c7aa9b807308ffa,254221058,Introduction,macro,meso,0.7474738753421469,False,"Although planogram usage has such benefits, placement of the products on a shelf may not comply with it. A shelf is considered planogram compliant when all the products on it are in the right place and quantity. However, this may not be satisfied due to several reasons. The products can be misplaced by human error, low on stock or out-of-stock. These situations not only result in loss of sales to the retailer, they also cause the retailer to pay penalty fees to the supplier. According to Shapiro [1], the planogram compliance ratio is only 70% on average in an average retail store. This results huge sale losses for the retailer. According to the same study, resetting planogram, which is re-allocating all the products, can improve the sales up to 7.8% in two weeks. Therefore, retailers must continuously organize the shelves in compliant with the planogram to maximize overall sales. In order to explain the planogram compliance problem further, we provide a sample visual representation of the planogram and corresponding two shelf images in Fig. 1."
3cbf5ddcb0086af1,254222270,Introduction,macro,macro,0.9999927017648885,True,"In this work we propose a novel and systematic approach to social distancing measurement in a pedestrian setting, called PETL4SD, which stands for Pose Estimation, Tracking and Localization for Social Distancing. This technique functions as it states in its name. Pose estimates are tracked, which are then used for localization, and thus, inter-personal distances are calculated and social distancing violations are estimated. That being said, this is a high-level overview and there are many nuances that add to the novelty of our technique. These will be explained in the coming sections. Furthermore, although we employ PETL4SD for social distancing estimation in this work, its modular nature allows it to be generalized for a bevy of applications, such as detecting and tracking human behavior, action estimation, analyzing pattern of movement (for example in clothing shops), training pose estimator with labels, etc."
8dac21e2f4ff7d62,254246616,Introduction,macro,micro,0.9985696926307802,False,"3D object detection is vital in various computer vision applications, such as autonomous driving (Larson and Trivedi (2011); Imad et al. (2021)), uncrewed aircraft, automatic operation, and augmented reality. 3D detection of targets from monocular images is more complex than 3D target detection using lidar information (Lu et al. (2020)) and multicamera systems due to the lack of directly calculable target depth information in the image. However, if monocular 3D object detection can achieve reliable detection performance, it will have the advantages of low cost, low power consumption, and flexible deployment in practical applications."
64033a40193fc568,254246653,INTRODUCTION,macro,micro,0.9992664121674056,False,"Sparse annotation semantic segmentation is a kind of weakly supervised semantic segmentation (WSSS) [6]. It marks just a piece of each visual item, leaving the rest unidentified. Due to the absence of a precise object boundary, segmentation performance substantially impaired. To more precisely estimate unlabeled pixels, it is required to discover The baseline trained only with sparse annotations is incapable of recognizing the full object. In the majority of earlier efforts, auxiliary networks containing information about other tasks or previous stage. Our SASFormer utilizes inherent global dependencies of the transformer to achieve state-of-the-art performance without developing a complicated framework. more hidden information."
1337c02c9276ce89,254246666,Abstract,macro,macro,0.9999999178017186,True,"Video recognition in an open and dynamic world is quite challenging, as we need to handle different settings such as close-set, long-tail, few-shot and open-set. By leveraging semantic knowledge from noisy text descriptions crawled from the Internet, we focus on the general video recognition (GVR) problem of solving different recognition tasks within a unified framework. The core contribution of this paper is twofold. First, we build a comprehensive video recognition benchmark of Kinetics-GVR, including four sub-task datasets to cover the mentioned settings. To facilitate the research of GVR, we propose to utilize external textual knowledge from the Internet and provide multi-source text descriptions for all action classes. Second, inspired by the flexibility of language representation, we present a unified visual-linguistic framework (VLG) to solve the problem of GVR by an effective two-stage training paradigm. Our VLG is first pre-trained on video and language datasets to learn a shared feature space, and then devises a flexible bi-modal attention head to collaborate high-level semantic concepts under different settings. Extensive results show that our VLG obtains the state-of-the-art performance under four settings. The superior performance demonstrates the effectiveness and generalization ability of our proposed framework. We hope our work makes a step towards the general video recognition and could serve as a baseline for future research. The code and models will be available at https://github.com/MCG-NJU/VLG."
9e3af513f2ff2ae8,254246718,Introduction,macro,micro,0.9991159442787331,False,"While unknown object detection is pivotal to the OWOD objective, existing OWOD methods have very low unknown object recall (∼10%) [9,11,32,36]. As such, it is clear that the field has much to improve to meet its actual goal. The difficulty of unknown object detection stems from a lack of supervision as, unlike known objects, unknown objects are not labeled. Hence, while training OD models, object proposals that include an unknown object would be incorrectly penalized as background. Thus far, most OWOD methods have attempted to overcome this challenge by using different heuristics to differentiate between unknown objects and background during training. For example, OW-DETR [9] uses a pseudo-labeling scheme where image patches with high backbone feature activation are determined to be unknown objects, and these pseudo-labels are used to supervise the OD model. In contrast, instead of reasoning about known and unknown objects separately using labels and pseudo-labels, we take a more direct approach. We aim to learn a probabilistic model for general ""objectness"" (see Fig. 1). Any object -both known and unknown -should have general features that distinguish them from the background, and the learned objectness can help improve both unknown and known object detection."
e3d93307bf62b397,254246835,INTRODUCTION,macro,macro,0.8219571773321678,True,"H UMAN pose estimation has been being a fundamental yet challenging research topic in the computer vision field, which aims at localizing the anatomical keypoints (e.g., eye, elbow, wrist, foot, etc.) or parts of each person from the image or video, and describes the human skeleton information by those ones. It has pervasive applications, including human action recognition, human-computer interaction, smart photo editing, pedestrian tracking, etc. Although human pose estimation has made great progress in the past decade, besides the difference of scale, appearance and number of people in each image, there is still many additional challenges (e.g., illumination variation, object occlusion, self-occlusion, etc.) to design a robust human pose estimation algorithm. Here, we mainly investigate how to improve the performance of existing human pose estimation methods when confronting the complex factors mentioned above. At present, 2D human pose estimation algorithms can be categorized into the top-down and bottom-up methods. The top-down methods [1], [2], [3], [4], [5] first use the object detector (e.g., Faster-RCNN [6], YOLO [7], etc) to obtain the bounding box of each person instance from the image, and then crop the bounding box region of each person from the original image and resize them to approximately same scale and feed them to the keypoint detection network to predict all the keypoints of each person. Thus, they can simplify the multi-person pose estimation to single-person one and are generally less sensitive to the scale variance of persons. However, as such methods rely on a separate person detector and need to estimate the pose of each person individually, they are computationally expensive and not truly end-to-end system. By contrast, the bottom-up methods [8], [9], [10], [11], [12] primarily predict identity-free keypoints of all the persons in the input image by anatomical keypoints detection network, then group them into person instances. Both these methods generate a heatmap for each anatomical keypoint and locate its coordinates by using an argmax operation [13] on the heatmap. Generally speaking, the heatmap-based pose estimation methods are more accurate but not truly endto-end system from the input image to human anatomical keypoints. Therefore, some researchers [14], [15] use pixelwise keypoint regression approaches (e.g., CenterNet [16]) to directly predict the positions of human anatomical keypoints from the input image, which is more flexible and effective for various human pose estimation tasks, especially realtime anatomical keypoints estimation tasks on edge devices. However, the regression-based keypoint estimation methods are spatially inaccurate and its overall performance is worse than other two methods mentioned above. The main reason is that some challenging factors (e.g., occlusion, motion blur, truncation, etc) make the real labels of anatomical keypoints fuzzy and ambiguous, and the keypoint estimation approaches based on regression are more susceptible to these noise labels."
5258be26dd4230f3,254246885,Title,macro,macro,0.998876606791034,True,CoupAlign: Coupling Word-Pixel with Sentence-Mask Alignments for Referring Image Segmentation
3d886eeb27241d84,254246922,Title,macro,macro,0.9999997532762757,True,Onboard Real-Time Multi-Sensor Pose Estimation for Indoor Quadrotor Navigation with Intermittent Communication
748468580f3d1df5,254246951,Conclusion,macro,micro,0.8773516346839022,False,"In this work, we identify and explore a novel domain adaptive class-incremental learning paradigm for 3D object detection. To achieve both incremental learning and domain adaptation, we propose a novel 3D object detection framework, DA-CIL, in which we design a novel dual-domain copy-paste augmentation method to address both in-domain data scarcity and cross-domain distribution shift. We further enhance the dual-teacher knowledge distillation with multi-level consistency between different domains. Extensive experimental results and analysis demonstrate the superior performance of our method over baselines under the challenging class-incremental scenario. In our future work, we will explore more scenarios with different domain shifts, such as geography-to-geography, day-tonight, and simulationto-reality to further verify the effectiveness of the proposed method."
4441c1e6088741e0,254247020,Conclusion,macro,micro,0.9965880348001579,False,"In this paper, we presented YolOOD -an OOD detection approach for the underexplored multi-label classification domain which utilizes the main concepts of object detectors, and more specifically, the YOLO object detector. We demonstrated how all parts of an input image can be exploited to model both in-distribution and OOD data. In our evaluation, we performed a comprehensive set of experiments on various benchmark datasets and presented two new OOD benchmark datasets that better reflect the complexity of the multi-label domain. Our approach achieved state-of-the-art performance compared to the baselines and state-of-the-art OOD detection methods examined."
cc60408ea0fbbd4c,254247022,Introduction,macro,macro,0.7044057489087984,True,"Despite the remarkable advances, current image captioning algorithms generally lack the controllable capability to generate desired captions. In other words, once the captioning model is trained, the caption generation process can hardly be influenced. Typical cases include the control of Copyright © 2023, Association for the Advancement of Artificial Intelligence (www.aaai.org). All rights reserved."
3ba82e45a86dd2c1,254247065,INTRODUCTION,macro,micro,0.9999960651398874,False,"User-friendly scribble annotations [14] for SOD have been proposed recently. These annotations are located inside the salient objects and the background, and thus, each image can be annotated quickly in several seconds. However, models can hardly predict precise boundaries based solely on these sparse scribble annotations. Therefore, [14] introduced an extra edge Binwei [15]. By adding our proposed synthetic images as training data, our method can perceive tortuous edges and predict a more accurate boundary."
03e2fbbd76ee254d,254247088,Abstract,macro,macro,0.9319082469683287,True,"6D object pose estimation problem has been extensively studied in the field of Computer Vision and Robotics. It has wide range of applications such as robot manipulation, augmented reality, and 3D scene understanding. With the advent of Deep Learning, many breakthroughs have been made; however, approaches continue to struggle when they encounter unseen instances, new categories, or real-world challenges such as cluttered backgrounds and occlusions. In this study, we will explore the available methods based on input modality, problem formulation, and whether it is a category-level or instance-level approach. As a part of our discussion, we will focus on how 6D object pose estimation can be used for understanding 3D scenes."
fc55e1e8db419a75,254247090,CONCLUSION,macro,macro,0.6021394399212534,True,"While our approach produces promising results, there is still work needed in order to make it adoptable by growers. For one, it requires the use of a stereo camera that is able to take quality images in light varying environments. We used a custom-made illumination invariant camera system [32] that is not freely available. As well, to process results in real-time, a computationally sufficient device has to be carried out in the field and connected to the camera. This brings challenges as the wiring makes it difficult to maneuver around the cluster. In an ideal scenario, lightweight models small enough to run mobile devices would be used. While it is possible to replace the backbone of Mask-RCNN with lightweight networks [64], [65], RAFT-Stereo still requires sufficient computational resources. Further investigation is needed to determine if faster learning-based stereo matching algorithms [66], [67] provide sufficient performance to be used in agriculture. Alternatively, one advantage to our fully automated approach is images can be collected and processed offline. This would require connecting the camera to a device with sufficient memory capacity to save the captured images to be processed at a future point in time."
7e8bf03204ad858c,254248547,Title,macro,meso,0.8037774599591014,False,Single-shot self-supervised object detection in microscopy
98787d597f1ea28a,254274920,Title,macro,meso,0.989803464885679,False,Adaptive Testing of Computer Vision Models
572c4c5e74e21fbe,254274989,Introduction,macro,micro,0.9486901153382828,False,"Recent methods in semantic segmentation are usually based on an encoder-decoder architecture where the encoder generates feature maps by downsampling, and the decoder upsamples feature maps to high-resolution segmenta-* Corresponding author. Figure 1. Performance-Parameters curves on the ADE20K validation sets. All results are reported with a single model and tested by single-scale data. We can see that our IncepFormer achieves the best balance between performance and parameters compared with previous methods. tion mask with per-piexl category scores. The early CNNbased models, including the representative FCN [22] and DeepLab family [2][3][4][5], capture the rich semantic information through convolution and the variants of convolution, such as dilated convolution, achieving state-of-the-art results on semantic segmentation task. Gradually, with the great progress in natural language proceeding (NLP), there has been increasing interest to employ Transformers to vision tasks. Dosovitskiy et al. [12] proposes vision Transformer (ViT) for image classification, which is considered as the first work of the application of Transformer to the vision domain. In ViT, they split an image into a sequence of embedding patches (tokens) and update the patch features progressively via self-attention, leading to a classification performance boost on ImageNet. Inspired by this work, Zheng et al. [40] developes the SETR to show the superiority of using ViT as the backbone in semantic segmentation task."
15910b321efd7ef3,254275003,Introduction,macro,macro,0.9991951705856963,True,"In the past decade, many impressive general object detection methods have been developed due to the huge success of deep learning [2,9,10,16,17,19,24,29,30]. Despite the tremendous success, current state-of-the-art deep learning based object detection methods have difficulty in recognizing objects of unknown classes as objects because they are designed under a closed world assumption. In other words, given a training dataset with annotations of a set of known classes, the goal of these object detection methods is to detect Figure 1. Conceptualization of our open world DETR. We propose a two-stage training approach that unifies pre-training and finetuning to detect unknown objects as objects without annotations. We train the model M t with ground truths of known classes and pseudo ground truths of unknown classes generated by a multi-view self-labeling strategy to detect unknown classes. We use knowledge distillation and exemplar replay to mitigate catastrophic forgetting in the incremental learning stage. the known classes while regarding all other objects beyond the given known classes as background. Consequently, these methods are unable to detect unknown objects at inference time. Humans are better than machines in identifying objects of unknown classes as objects, distinguishing unknown objects from the known classes and rapidly recognizing them when their annotations are given incrementally."
3713be5b13f884ba,254275009,Conclusion,macro,macro,0.8346773096271899,True,We have investigated the cause of overly generic captions of RL models and found out that RL decreases the discriminativeness by limiting the output words to highfrequency words. We propose the lightweight fine-tuning methods to address the bottleneck directly and achieve significantly higher discriminativeness with only the slight modification on off-the-shelf RL models. Our identification of the bottleneck and practical solutions will significantly impact future research on discriminative image captioning.
7138d78d839839bf,254275034,Introduction,macro,meso,0.9722591967850917,False,"A recent trend is to exploit unsupervised domain adaptation (UDA) algorithms to mitigate the domain gap in 3D object detection, where SRDAN (Zhang, Li, and Xu 2021), SN ) and ST3D are the prior works. Though impressive domain adaptation abil-ity has been demonstrated between domains with similar LiDAR configuration, e.g., from Waymo to KITTI (Geiger, Lenz, and Urtasun 2012), where both are based on 64-beam Velodyne LiDAR, none of them is capable of tackling the domain gap derived from various LiDAR configurations. For example, on the Waymo (64beam)→nuScenes (32-beam) ) adaptation setting, ST3D only gains 2 to 3 points improvement over the source only model (i.e., trained with only the Waymo data), even with the assistance of target statistics information. Nevertheless, it is often the case that a self-driving car will upgrade its LiDAR sensor to a new type, and it seems that the well-labeled source data from the old LiDAR sensor is not able to contribute much with current UDA algorithms, which leads to a huge waste."
d61d8df4886fe764,254275139,Title,macro,micro,0.9615801407154929,False,Semi-Supervised Object Detection with Object-wise Contrastive Learning and Regression Uncertainty
b65317006da0dbbe,254275196,CONCLUSION,macro,meso,0.999999258977514,False,"Two methods for segmenting visible regions were used in this research, and a manual technique that is an empirical approach was chosen after comparing them to produce the Ground Truth. Moreover, deep neural networks were used to learn to extract the regions with the help of produced Ground Truths in each exposure. Additionally, three different loss functions were utilised in this article, and the quantitative metrics demonstrated that the focal and BCE loss functions outperformed in Low-Exposure and High-Exposure images, respectively."
0594fa9564b2bc3f,254275302,Introduction,macro,meso,0.9999158677240337,False,"Monocular depth estimation [9,26], is one of the critical and challenging topics, which support widespread vision applications in a low-cost effective manner. In fact, conventional frame-based cameras have presented some shortcomings for depth estimation in challenging conditions (e.g., motion blur and low light) [20,42]. Recently, event cameras [11,35], offering high temporal resolutions and high dynamic ranges, having been attempted to address these common challenges [5,7,8,12,13,15,17,19,24,37,43,51]. However, a key question remains: How to effectively exploit the sparse spatial information and rich temporal cues from asynchronous events to generate dense depth maps?"
d834b54a79295d86,254275345,Conclusion,macro,micro,0.9999999443682732,False,"In this paper, we propose a YOLOv3 object detection method for small object detection. First, in order to enhance the feature information of small objects in the feature map, we added a feature enhancement module DCM to the backbone network, which can enhance information and expand the receptive field by fusing features of different sizes in the feature map. Secondly, in order to further improve the detection accuracy of small objects, we use the multi-level feature fusion module to fuse shallow features of different scales and fuse the fused feature maps with the feature maps for predicting small objects. Thereby providing more contextual information for the prediction feature map of small objects to improve the detection accuracy of small objects. Finally, in order to achieve accurate prediction of occluded small objects, we utilize the Soft-NMS strategy to reduce the penalty for candidate boxes. Therefore, some of the occluded small object candidate boxes are not filtered out, ensuring accurate detection of occluded small objects. The method proposed in this paper has improved the detection accuracy of small objects by 16.2% on the original YOLOv3 object detection algorithm. Compared with other algorithms, the algorithm in this paper has improved at least 5%, without affecting the algorithm for other large and medium object detection. In future work, we will shrink the parameters of the model, so as to realize the real-time detection of the algorithm."
d175bcce84b2f606,254275438,Introduction,macro,meso,0.9987115961138786,False,"As one of the fundamental tasks in vision and language field, image captioning aims to describe the interested se-* This work was performed at JD Explore Academy. The first two authors contributed equally to this work. ... ..."
beef195e186494bc,254275451,Abstract,macro,macro,0.9666496981674338,True,"Recent aerial object detection models rely on a large amount of labeled training data, which requires unaffordable manual labeling costs in large aerial scenes with dense objects. Active learning is effective in reducing the data labeling cost by selectively querying the informative and representative unlabelled samples. However, existing active learning methods are mainly with class-balanced setting and image-based querying for generic object detection tasks, which are less applicable to aerial object detection scenario due to the long-tailed class distribution and dense small objects in aerial scenes. In this paper, we propose a novel active learning method for cost-effective aerial object detection. Specifically, both object-level and image-level informativeness are considered in the object selection to refrain from redundant and myopic querying. Besides, an easy-to-use class-balancing criterion is incorporated to favor the minority objects to alleviate the long-tailed class distribution problem in model training. To fully utilize the queried information, we further devise a training loss to mine the latent knowledge in the undiscovered image regions. Extensive experiments are conducted on the DOTA-v1.0 and DOTA-v2.0 benchmarks to validate the effectiveness of the proposed method. The results show that it can save more than 75% of the labeling cost to reach the same performance compared to the baselines and state-of-the-art active object detection methods. Code is available at \href{https://github.com/ZJW700/MUS-CDB}{\textit{https://github.com/ZJW700/MUS-CDB}}."
c5872310e5c4f002,254275534,Title,macro,macro,0.9999697149253509,True,DiffuPose: Monocular 3D Human Pose Estimation via Denoising Diffusion Probabilistic Model
0a5ffbb53421aacc,254275536,Introduction,macro,micro,0.7444460261857977,False,"Semantic segmentation is a challenging fundamental problem in computer vision with applications to many real-world tasks which require detailed knowledge regarding the surrounding environment. While the introduction of new architectures e.g., Convolutional Neural Networks (CNNs) [4,13] and transformers [19,36], as well as large-scale annotated datasets [9,37], has led to significant improvements in semantic segmentation, the models are typically constrained by pre-defined sets of classes. Thus, if current semantic segmentation methods are to be extended to new classes, retraining of the entire network and availability of both the old and the new training data, fully annotated with all classes, is required."
530a61b28822e4f0,254295534,Title,macro,macro,0.710240530672102,True,Convolutional autoencoder joint boundary and mask adversarial learning for fundus image segmentation
251623c367507bad,254295828,Introduction,macro,meso,0.9999999756425425,False,"Peripheral nerve injury (PNI) is devastating and frequently results in life-long disability, severely decreasing patients' quality of life. It affects more than one million people worldwide, with an incidence of ∼13-23 per 100,000 persons per year (1,2). Among PNIs of the upper limb, radial, ulnar, and median nerve injuries are common, causing sensory and motor dysfunction in the control area of the damaged nerves. In medical practice, early detection of nerve injury may prevent patients from delayed diagnoses, delayed repairs, and potentially worse outcomes. However, the anatomical complexity of the hand may bring difficulties in examination and diagnosis (3). According to a large German database of hand and forearm injuries, nerve injuries were among the most commonly missed injuries, accounting for 24.8% of missed hand injuries (4). The misdiagnosis rate would be considerably higher in areas with insufficient specialized services. In China, for example, there have been reports that most treated patients with missed nerve injuries were from primary healthcare hospitals (5,6)."
d98d5f8cd8f8e0ab,254323071,Abstract,macro,micro,0.9905167891842995,False,"Glaucoma is an eye disease that gradually deteriorates vision. Much research focuses on extracting information from the optic disc and optic cup, the structure used for measuring the cup-to-disc ratio. These structures are commonly segmented with deeplearning techniques, primarily using Encoder–Decoder models, which are hard to train and time-consuming. Object detection models using convolutional neural networks can extract features from fundus retinal images with good precision. However, the superiority of one model over another for a specific task is still being determined. The main goal of our approach is to compare object detection model performance to automate segment cups and discs on fundus images. This study brings the novelty of seeing the behavior of different object detection models in the detection and segmentation of the disc and the optical cup (Mask R-CNN, MS R-CNN, CARAFE, Cascade Mask R-CNN, GCNet, SOLO, Point_Rend), evaluated on Retinal Fundus Images for Glaucoma Analysis (REFUGE), and G1020 datasets. Reported metrics were Average Precision (AP), F1-score, IoU, and AUCPR. Several models achieved the highest AP with a perfect 1.000 when the threshold for IoU was set up at 0.50 on REFUGE, and the lowest was Cascade Mask R-CNN with an AP of 0.997. On the G1020 dataset, the best model was Point_Rend with an AP of 0.956, and the worst was SOLO with 0.906. It was concluded that the methods reviewed achieved excellent performance with high precision and recall values, showing efficiency and effectiveness. The problem of how many images are needed was addressed with an initial value of 100, with excellent results. Data augmentation, multi-scale handling, and anchor box size brought improvements. The capability to translate knowledge from one database to another shows promising results too."
8501a71c8bb76bdd,254336968,Conclusions,macro,meso,0.9992894022125508,False,"In this study, we present the first comprehensive investigation of the effect of face blurring on 3D human pose estimation. We have performed subject face blurring on an image dataset acquired in a previous gait study and investigated the impact of face blurring on human pose estimation and the subsequent kinematic analysis. Following this, we examined the statistical significance of the effects of face blurring on joint angle calculations with a further analysis of the strength of these effects. The results show that training the model on face-blurred images does not have a large impact on the performance of the model. The effects of face blurring are not found statistically significant on kinematic calculations for all joint angles except one (elbow flexion; however, this effect is relatively weak and acceptable). Moreover, we can train the neural network directly on face-blurred images without pre-training on the original images. Our findings indicate that it is feasible to utilize face-blurred image datasets for human pose estimation and effectively protect the privacy of subjects in training datasets without loss of performance in the subsequent kinematic analysis, thus facilitating data sharing that can accelerate convergence of clinical or ergonomic applications."
ea6281a3d1778602,254336968,Title,macro,meso,0.9999698236932199,False,Effect of Face Blurring on Human Pose Estimation: Ensuring Subject Privacy for Medical and Occupational Health Applications
0ff7c6c6fcaad339,254366267,Abstract,macro,macro,0.997823877735292,True,"Recent advances in pixel-level tasks (e.g., segmentation) illustrate the benefit of long-range interactions between aggregated region-based representations that can enhance local features. However, such pixel-to-region associations and the resulting representation, which often take the form of attention, cannot model the underlying semantic structure of the scene (e.g., individual objects and, by extension, their interactions). In this work, we take a step toward addressing this limitation. Specifically, we propose an architecture where we learn to project image features into latent region representations and perform global reasoning across them, using a transformer, to produce contextualized and scene-consistent representations that are then fused with original pixel-level features. Our design enables the latent regions to represent semantically meaningful concepts, by ensuring that activated regions are spatially disjoint and unions of such regions correspond to connected object segments. The resulting semantic global reasoning (SGR) is end-to-end trainable and can be combined with any semantic segmentation framework and backbone. Combining SGR with DeepLabV3 results in a semantic segmentation performance that is competitive to the state-of-the-art, while resulting in more semantically interpretable and diverse region representations, which we show can effectively transfer to detection and instance segmentation. Further, we propose a new metric that allows us to measure the semantics of representations at both the object class and instance level."
e59536a83a6b77c7,254366299,Abstract,macro,macro,0.9998044733345575,True,"Domain adaptation is one of the prominent strategies for handling both domain shift, that is widely encountered in large-scale land use/land cover map calculation, and the scarcity of pixel-level ground truth that is crucial for supervised semantic segmentation. Studies focusing on adversarial domain adaptation via re-styling source domain samples, commonly through generative adversarial networks, have reported varying levels of success, yet they suffer from semantic inconsistencies, visual corruptions, and often require a large number of target domain samples. In this letter, we propose a new unsupervised domain adaptation method for the semantic segmentation of very high resolution images, that i) leads to semantically consistent and noise-free images, ii) operates with a single target domain sample (i.e. one-shot) and iii) at a fraction of the number of parameters required from state-of-the-art methods. More specifically an image-to-image translation paradigm is proposed, based on an encoder-decoder principle where latent content representations are mixed across domains, and a perceptual network module and loss function is further introduced to enforce semantic consistency. Cross-city comparative experiments have shown that the proposed method outperforms state-of-the-art domain adaptation methods. Our source code will be available at \url{https://github.com/Sarmadfismael/LRM_I2I}."
fb8bbbb45d5edecb,254366425,Abstract,macro,meso,0.9995394542388905,False,"In this article, the analysis of existing models of satellite image recognition was carried out, the problems in the field of satellite image recognition as a source of information were considered and analyzed, deep learning methods were compared, and existing image recognition methods were analyzed. The results obtained will be used as a basis for the prospective development of a fire recognition model based on satellite images and the use of recognition results as input data for a cognitive model of forecasting the macro-economic situation based on fuzzy cognitive maps."
ac61211c470fc370,254366494,Conclusion,macro,macro,0.9995444039134863,True,"In this work, we propose an efficient one-stage straightforward zero-shot semantic segmentation method based on the pre-trained vision-language CLIP. To transfer the image-wise classification ability to dense prediction tasks while maintaining the advanced zero-shot knowledge, we figure out three designs to achieve competitive results on seen classes while extremely improving the performance on novel classes. Our proposed method relay on text embeddings as queries that are very flexible to cope with both ""inductive"" and ""transductive"" zero-shot settings. To demonstrate the effectiveness of our method, we conduct extensive performance on three public benchmark datasets and outperform previous state-of-the-art methods. Meanwhile, our one-stage framework shows about 5 times faster compared with two-stage methods while inference. Limited by the identification ability and resolution of CLIP, similar classes may be misclassified and small objects may be ignored in complex scenes. In general, our work explores how to leverage the pre-trained vision-language model CLIP into semantic segmentation and successfully utilize its zero-shot knowledge in downstream tasks which may provide inspiration for future research."
88476a1a0c2077ba,254366529,Title,macro,macro,0.6781119310741992,True,An Intuitive and Unconstrained 2D Cube Representation for Simultaneous Head Detection and Pose Estimation
e438cf22a8221865,254408497,Introduction,macro,macro,0.9940739547835424,True,"Coral reefs, as the most prominent and representative ecosystems in clear warm tropical and subtropical oceans, possess astonishing biodiversity and structural complexity, as well as extremely high primary productivity [30,8]. The coral reef ecosystem is an essential natural resource -for humanity and all marine ecosystems. But while resources are strictly finite, human demands are not. Ecologists see them as the upper limit of what marine ecosystems can evolve to, always comparing them to tropical rainforests on land. The coral reef biome is the basic structure of the coral reef ecosystem, which is composed of scleractinian corals, reefbuilding algae, and a rich variety of reef-dwelling animals and plants. Coral reefs are facing increasing stress from global climate change combined with local stresses from sedimentation, resource extraction, over-fishing and other sources of land-based pollution [22,12]. Today, this has led to events such as coral degradation, increased ocean flooding, and loss of coral reef flora and fauna. 14% of corals have been lost over the past decade, and if humans cannot control global warming to within 1.5°in 2050, 70-90% of corals will be lost [32,1,38]. These factors that affect coral reef health and sustainability are diverse. How much pressure does the coral reef endure and how can we minimize it? Both public and private organizations can play a vital role in protecting our coral reefs, and understanding is the first step. Therefore, in order to explore the fascinating underwater world of coral reefs, how to use advanced technology to map, monitor and model coral reef habitats is the key to our better understanding, protection and preservation of coral reefs. Considering the potential for these stressors to increase the rate of coral degradation to dire levels, ecologists and administrators worldwide are shifting their focus from prevention to identifying key mechanisms controlling reef resiliency and determining where coral reefs will be the most viable in the future. So, identifying habitats with the highest survival potential is critical to coral reef conservation and finding these refuges requires long-term observations of coral reefs to identify these potential habitats."
9e270b767c3cdd6e,254408510,Conclusion,macro,macro,0.9990686712803786,True,"In this work, we propose a novel prototype-based method that introduces a novel Cycle-Resemblance Attention (CRA) module to fully leverage the pixel-wise relation between query and support medical images. In this way, pixel-wise spatial relationships between support and query images can be well preserved to address the loss of spatial information problem in prototypical network. Overall, our network achieves a considerable improvement compared with the state-of-the-art approaches. On the abdominal-CT dataset, our method achieves over 10% improvement on the mean dice score for all labels. Our ablation studies extensively illustrate our current implementation of different components to be optimized. Overall, our proposed method is intuitive and effective for the medical imaging semantic segmentation tasks with insufficient annotated data."
b30f8b587a90b16c,254408526,CONCLUSION,macro,macro,0.9827970569494465,True,"We proposed a self-training via metric learning (STvM) framework utilizing the mean-teacher approach for the sourcefree domain adaptation method of semantic segmentation. STvM learns a metric feature space directly in the target domain using a proxy-based metric learning technique. In training time, a reliability score is calculated for the teacher's predictions by using the distance of the metric features to the class-proxy features. The reliability score is used for scaling gradients and generating object patches. The generated patches are used to augment the input of the student network with the proposed Metric-based Online ClassMix (MOCM) method. The experimental results show that utilizing all the predictions is beneficial for self-training of source-free domain adaptation and also gradient scaling is useful to mitigate the negative impact of false positives pseudo-labels. This self-training strategy also facilitates under-confident positive samples to contribute to training. MOCM augmentation technique highly perturbs the input image, facilitating more robust training. STvM significantly outperforms state-of-the-art methods, and it is highly robust the randomness in training."
78612d5d51e2fd3b,254408528,Conclusion and Future Work,macro,macro,0.8531331540329137,True,"In our paper, we evaluated active learning techniques that are easy to implement and do not involve a significant computational overhead besides model inference. In total, nine method combinations have been evaluated and compared. Our best method achieved a significant performance gain compared to passive learning (no intelligent selection of unlabeled examples for annotation) and comes without additional cost. Future work will concentrate on batch active learning with minimal computational overhead as well as integrating location uncertainty into the scoring functions."
8f95843f5cc2700c,254408639,CONCLUSION,macro,macro,0.7605010498387694,True,"This paper presents ViTPose and ViTPose+ as the simple baseline and foundation models for body pose estimation, respectively. They demonstrate good properties, including simplicity, scalability, flexibility, and transferability, which have been well justified through extensive experiments on the representative benchmarks, including MS COCO, AIC, MPII, OCHuman, COCO-W, AP-10K, and APT-36K. New performance records on these datasets have also been set by the proposed models. We hope this work could provide useful insights to the community and inspire more future studies on the potential of vision transformers for building a foundation model towards generic pose estimation and beyond."
a54dc513113d005d,254408854,Introduction,macro,macro,0.999999956046456,True,"Deep learning approaches have achieved remarkable success in computer vision in recent years. Nevertheless, academic advancements that perform well on specific benchmarks often fail to be applied in real-world scenarios. With the emergence of large-scale annotated datasets, mixing datasets from diverse domains can improve model generalization in actual applications, such as autonomous driving. In addition, a unified model trained on multiple domains simplifies the decision procedure and reduces the burden on deployment. However, expecting a unified model performs as well as the best dedicated model in any environment is an intractable problem."
20761920b8ed4147,254408962,Abstract,macro,micro,0.995146298120417,False,"Owing to the success of transformer models, recent works study their applicability in 3D medical segmentation tasks. Within the transformer models, the self-attention mechanism is one of the main building blocks that strives to capture long-range dependencies, compared to the local convolutional-based design. However, the self-attention operation has quadratic complexity which proves to be a computational bottleneck, especially in volumetric medical imaging, where the inputs are 3D with numerous slices. In this paper, we propose a 3D medical image segmentation approach, named UNETR++, that offers both high-quality segmentation masks as well as efficiency in terms of parameters and compute cost. The core of our design is the introduction of a novel efficient paired attention (EPA) block that efficiently learns spatial and channel-wise discriminative features using a pair of inter-dependent branches based on spatial and channel attention. Our spatial attention formulation is efficient having linear complexity with respect to the input sequence length. To enable communication between spatial and channel-focused branches, we share the weights of query and key mapping functions that provide a complimentary benefit (paired attention), while also reducing the overall network parameters. Our extensive evaluations on three benchmarks, Synapse, BTCV and ACDC, reveal the effectiveness of the proposed contributions in terms of both efficiency and accuracy. On Synapse dataset, our UNETR++ sets a new state-of-the-art with a Dice Similarity Score of 87.2%, while being significantly efficient with a reduction of over 71% in terms of both parameters and FLOPs, compared to the best existing method in the literature. Code: https://github.com/Amshaker/unetr_plus_plus."
e1d83ba5eba490bd,254408972,Conclusion,macro,meso,0.9940367858175033,False,"Where previous works in joint optics design attempted to optimize compound lenses over only a subset of possible surface profiles and spacings, here we established a novel differentiable lens model and optimization method to enable the free optimization of all lens variables; notably, quantized continuous glass variables circumvent issues due to the categorical nature of glass materials. On automotive OD, we consistently observe improvements in detection even when reducing the number of elements in a given lens stack. Along with the release of code, we hope this work will enable exciting future research directions such as combining different lens components (e.g., aspherics or diffractive optical elements), modeling scenes with high-resolution multispectral data, or enabling depth-sensitive downstream tasks."
074257ed1b37bde7,254408980,Title,macro,macro,0.8705129428314674,True,Domain generalization of 3D semantic segmentation in autonomous driving
467ee9597ba0ea71,254429128,Introduction,macro,micro,0.5619726690058948,False,"Autonomous driving has succeeded since the 2007 DARPA urban challenge [1]. It has a high potential for decreasing traffic congestion, improving overall driving and road safety, fast and effective decision-making, and reducing carbon emission [2]. Autonomous vehicles need to perceive, predict, plan, decide, and execute decisions in an uncontrolled complex real world to achieve these goals, which is challenging. A small mistake in understanding the environment, plan, or decision causes fatal effects. A robust autonomous system is needed to avoid such mistakes. One branch of an autonomous system, the perception system, especially 3D object detection, helps to understand the driving environments, such as other vehicles and pedestrians. For the robust operation of the next branches in the autonomous system, the perception system should give precise information about the driving environment. It should also be robust enough to work in bad weather such as rain, snow, and fog and make fast and effective decisions to match high-speed driving [2,3]."
c5919783586e9be3,254429992,Introduction,macro,meso,0.9919975603189725,False,"The multi-class segmentation algorithm is a popular image processing algorithm, and it can automatically divide the multi-class homogeneous regions based on the features such as discontinuity, similarity in color or gray scale, and texture [3]. For aggregate image segmentation, thresholding, region growing, clustering, and semantic segmentation are the most commonly utilized algorithms. Among them, the watershed [4], region growing [5], where [l K−1 , l K ] is the gray-scale range of the K-th region, 0 ≤ l K−1 ≤ l K ≤ L, L is the gray scale of the image, h i is the frequency with grey-scale is i, u K is the mean value of the gray-scale of the region, P i is the probability that the gray scale is i, P i ∈ [0, 1], ω K is the sum of the probabilities within the region, ω K = ∑ l K i=l K−1 P i , α ∈ [0, 1) is a tunable parameter, and we take α = 0.5."
440d9f3094b8d68e,254438543,Introduction,macro,macro,0.9978104932439816,True,"Caretakers are needed as the elderly population rises, which may put society in an unsustainable situation. This condition increases the need for automated assistance and social robots will be especially useful for carrying out daily tasks [1]. Everyday tasks such as manipulating clothing are a challenge for robots. Key components of clothing manipulation include detection and classification."
15310b3651e2b003,254442602,Title,macro,macro,0.7941855917530165,True,Hypergraph-Enhanced Textual-Visual Matching Network for Cross-Modal Remote Sensing Image Retrieval via Dynamic Hypergraph Learning
34d7e533f5f89e1b,254449293,Introduction,macro,meso,0.901380119380941,False,"The survey articles [18,19] are related review works in which the application of UNET in various imaging modalities and UNET variants used in medical image segmentation are discussed. Our survey provides an  In-depth review of UNET-modified architectures;  Benchmark datasets and semantic architectures specifically designed for medical image segmentation;  Presents the application of modified architectures of UNET in the segmentation of anatomical structures and a lesion in different organs to diagnose diseases; In-depth review of UNET-modified architectures; Figure 2. UNET model [16]."
23562e56ffd8b689,254478487,Introduction,macro,meso,0.9940398140175897,False,"The research topic of estimating an object's pose is important from the viewpoint of work support using Augmented Reality (AR) [1] or robot picking [2]. As a target, we refer to a study by Moteki et al. [3]. This study presented a visualization method for inspecting manufacturing defects by estimating the object's pose and superimposing the object's CAD model. Though the proposed pose estimation method includes part of the manual manipulation, the fully automatic method is preferable. Our study's purpose is to estimate the pose of a manufacturing object by using only one image taken of the object. Here, the pose means six Degrees of Freedom (6DoF) parameters, consisting of translation and rotation."
6dd1203f3e032e21,254485744,Title,macro,meso,0.9840949801158522,False,Interpretation and Transformation of Intrinsic Camera Parameters Used in Photogrammetry and Computer Vision
861f32c9d2d2d438,254515560,Introduction,macro,meso,0.9861362845619508,False,"The lentil (Lens culinaris Medik.) is among the most commonly cultivated grain legumes and one of the oldest domesticated crops worldwide. While Canada, India, Turkey, and the United States are the main lentil-producing areas [1], the countries surrounding the Mediterranean basin hold the largest quota of genetic variation for the species [2]. However, a drastic reduction in lentil cultivation has occurred in the last century in Mediterranean countries due to changing lifestyles and eating habits [3] and due to climate changes resulting in the loss of many landraces [4]. So far, several local farmers and international genebanks are the custodians of the existing biodiversity, including neglected landraces. A first step to guarantee their preservation is to characterize them both in situ and ex situ starting from the grain seed size, which is one of the major qualitative descriptors of lentil [5]. Besides grain size, grain color is another important morphological trait associated with quality [6,7]. In particular, grain color is given by the grain ground color (i.e., green, grey, brown, black, or pink), the cotyledon color (i.e., yellow, orange, red, or olive green), the pattern of testa (i.e., absent, dotted, spotted, marbled, or complex), and the color of pattern on testa (absent, olive, grey, brown, or black) [8]."
806c6c49c71d580e,254522774,Conclusions,macro,meso,0.9999999981883185,False,"To teach a model to classify whether corneal reflection on the surface of the eye is normal, 43 images available among 52 subjects of corneal tear film were used as learning data for deep learning models. The empirical analysis results of this study showed that YOLOv5 exceeded 0.955 mAP 50 0.995, precision 0.943, and recall 0.995(See Fig. 6). High performance was achieved using high-quality image data in this work. If a significant portion of an image is not actually available or is degraded in clinical practice, the usefulness of the image in actual clinical applications may be limited. The limitations of this study are primarily in evaluating manual corneal tear film stability."
39ee598ee31302df,254523626,INTRODUCTION,macro,micro,0.9957732453238145,False,"The stereo matching algorithm is a solution to the problem that occurs between the generated stereo image pairs. It is a widely produced technology in most applications especially in depth estimation and cyber-physical systems (CPS). This article explains the stereo matching algorithm used in the matching process to generate a disparity map for the usage in those applications. The disparity map result comprises depth information which will mostly be used as a leading application for depth estimation and CPS such as for object detection [1], 3D surface reconstruction process [2], [3], motion system [4], face detection [5], and industrial automation [6]. The stereo matching algorithm is important in determining each output produced, and it has a direct impact on the accuracy of 3D surface reconstruction. Stereo matching also determines how each stereo image's estimated location, measurement, and pixels are calculated. Furthermore, the production or applications utilizes stereo images is not easy to be manipulated, it is crucial for machine vision system that provides output similar to the human vision. When an item is closer to the viewer, the gap between the eyes becomes lax, TELKOMNIKA Telecommun Comput El Control  Stereo matching algorithm using census transform and segment tree for … (Muhammad Nazmi Zainal Azali) 151 according to a study that investigated the usage of zooming images [7]. Furthermore, the author precise on the use of zooming images stated about the resemblance of human vision with machine vision when an item is closer to the viewer and the disparity between the eyes increases. In other words, in order to acquire accurate results, the matching procedure necessitates the use of a robust framework and algorithm to generate an accurate disparity map."
7cd75fd1a5a1c475,254529873,Title,macro,macro,0.8593468420273979,True,Trustworthy Breast Ultrasound Image Semantic Segmentation Based on Fuzzy Uncertainty Reduction
3f585dbf2144d100,254535555,Introduction,macro,macro,0.9986458880891438,True,"Estimating 3D human motion from an egocentric video that records the environment viewed from the first-person perspective is critical to applications in VR/AR, in which the default sensor is a front-facing monocular camera. However, naively learning a mapping between egocentric videos and full-body human motions is challenging for two reasons. First, modeling this complex relationship is difficult: unlike reconstruction motion from third-person videos, the human body is often out of view of an egocentric video. Second, learning this mapping requires a large-scale, diverse dataset containing egocentric videos and corresponding 3D human poses. Such a dataset demands careful instrumentation for data acquisition and this type of dataset does not exist. As such, existing works have only worked on small-scale datasets with limited motion and scene diversity [23,48,49]."
62908c7480a41b71,254535609,Title,macro,meso,0.9440634578881966,False,Open Vocabulary Semantic Segmentation with Patch Aligned Contrastive Learning
9b7dfe876976c093,254535618,Introduction,macro,macro,0.8039315781990097,True,"Action recognition is one of the most important video understanding tasks used in various applications such as virtual reality and human-computer interaction. Recent studies on action recognition are divided into two methods, RGB-based [29,31] and skeleton-based methods [2,4,23,24,34]. Action recognition using the skeleton modality receives a video sequence with the three-dimensional coor- dinates of major human joints as its input. Skeleton-based action recognition has the advantage of being able to create a lightweight model with low computational complexity by compactly compressing the structure of the human body. In addition, it has the advantage of robustness in that it is not affected by background noise, weather, and lighting conditions unlike RGB-based methods. Earlier approaches [7,8,13,20,36] extract features by dealing with every joint independently, which means that they do not consider information between structurally correlated human joints. However, the connections between human joints are identified as a graph structure after Yan et al. [34] has proposed spatio-temporal graph convolutional networks (GCNs) for the skeleton modality. Recent approaches [2,4,6,24] adopt the GCNs as their baseline and attempt to enlarge the receptive field on the spatial domain."
8ed8b60a9c798b65,254535650,Introduction,macro,macro,0.9951783491477643,True,"Few-shot learning is a challenging problem in computer vision because of the scarcity of labeled samples. Among few-shot learning problems, few-shot action recognition is one of the hardest problems for the complicated temporal evolution of videos. Most of the methods [3,4,11,19,23,26,33,43,50,51,56,57,59,61,62] for few-shot action recognition mainly fall into the metric-learning framework including a meta-training stage and a meta-test stage. Among various metric-learning works, ProtoNet [39] has been followed by many works and has far-reaching influence. It (a) enhances the prototype but ignores the multimodal information. (b) uses multimodal information but combines two modalities on the feature level. Our multimodal prototype-enhanced framework (c) pays attention to both the semantic information of label texts and the prototype enhancement."
71d6643a8c8a1f69,254535666,Introduction,macro,micro,0.8803273319160001,False,"The application of data analysis is becoming increasingly popular for improving sports performance [7,8,4,3]. Objective data, such as pose data, are expected to be a crit-ical part of these analyses that result in innovations. In the past decade, human pose estimation has become one of the most active research fields in computer vision. The solutions vary from camera-based [13,2,1] and inertial-sensorbased methods [11,14] to hybrid of these methods. Inertialsensor-based methods require the attachment of small sensors to the body. Subsequently, postural data can be obtained by analyzing the sensors' output. This wearable sensor-based solution can be applied to a target that moves over a wide area. As wearable sensor-based methods are attached to the body, these sensors may hinder the subject, particularly in sports involving acrobatic movements or body contact. Another disadvantage is its influence on the subject's performance. Wearing a sensor restricts the athletes' routine, impacting their performance."
ce95083027b43207,254535666,Conclusion and Future work,macro,micro,0.9937961278878413,False,"This paper proposes a novel method for obtaining ground truth data for loose-fitting clothes. And we verified the ac-curacy of existing methods, which strongly supports the necessity of our work."
541f1c9675091ea9,254535716,Title,macro,meso,0.6771046774496232,False,SemanticBEVFusion: Rethink LiDAR-Camera Fusion in Unified Bird's-Eye View Representation for 3D Object Detection
3a284a2cabbc09c4,254535732,Introduction,macro,micro,0.9954975086120703,False,"evaluating on the data with different distributions from the training ones. Specifically, the layout of indoor scenes can be varied in different countries or even different people, and the point patterns of the point clouds can be diverse due to the change of 3D data capture devices and procedures. As a result, the performance of modern 3D semantic segmentation methods is not guaranteed with the existence of domain shift (e.g., different layout and point patterns) between the training and testing data, which are inevitable in realworld applications. Moreover, the annotation cost for the 3D semantic segmentation is enormously expensive, which hinders the acquisition of a highly generalizable model that requires diverse annotated data for training."
ddade0c1a46a33de,254535933,Conclusion and Future Work,macro,macro,0.9512985529791665,True,"Velocity is a key evaluation metric for evaluating an athlete's performance. To our knowledge, this is the first work that estimates velocity from RGB video alone. Our novel solution is generalized across participants and two kinds of evaluative jumps: the squat jump and the drop jump. This work also provides insights into what kinds of data are important for estimating key metrics like velocity. In the future, we plan to expand our architecture to estimate a multitude of other essential variables for athlete performance following a multi-task regression paradigm."
7adf6acd9cf6b2ff,254535947,Abstract,macro,macro,0.7161694235581868,True,"Recent studies on semi-supervised semantic segmentation (SSS) have seen fast progress. Despite their promising performance, current state-of-the-art methods tend to increasingly complex designs at the cost of introducing more network components and additional training procedures. Differently, in this work, we follow a standard teacher-student framework and propose AugSeg, a simple and clean approach that focuses mainly on data perturbations to boost the SSS performance. We argue that various data augmentations should be adjusted to better adapt to the semi-supervised scenarios instead of directly applying these techniques from supervised learning. Specifically, we adopt a simplified intensity-based augmentation that selects a random number of data transformations with uniformly sampling distortion strengths from a continuous space. Based on the estimated confidence of the model on different unlabeled samples, we also randomly inject labelled information to augment the unlabeled samples in an adaptive manner. Without bells and whistles, our simple AugSeg can readily achieve new state-of-the-art performance on SSS benchmarks under different partition protocols."
8ea23c0bd8211630,254535959,Introduction,macro,meso,0.995980505311861,False,"Despite this progress, the out-of-distribution robustness of contrastive representations has been minimally studied, especially with regards to object detection. We hypothesize that existing data augmentation pipelines in contrastive learning may result in representations that lack robustness in such domain-shifted detection scenarios. For example, as shown in Fig. 1, state-of-the-art pipelines (e.g. SimCLR, Figure 1: What properties of contrastive views enable robust downstream object detection? Existing contrastive view design methods may cause detectors to lack robustness in domain-shifted settings (e.g. appearance, context). For instance, state-of-the-art pipelines use random cropping, which may cause contextual bias as objects can be aligned to common backgrounds (e.g. boat in a, horses in b) or cooccurring objects (e.g. player, glove, ball, and bat in c). Due to a lack of spatial consistency between views, its use may also discourage the learning of object shape (e.g. cat in d)."
00f7a4b59691d144,254536010,Abstract,macro,micro,0.9954956483096101,False,"In this paper, we propose a novel 3D graph convolution based pipeline for category-level 6D pose and size estimation from monocular RGB-D images. The proposed method leverages an efficient 3D data augmentation and a novel vector-based decoupled rotation representation. Specifically, we first design an orientation-aware autoencoder with 3D graph convolution for latent feature learning. The learned latent feature is insensitive to point shift and size thanks to the shift and scale-invariance properties of the 3D graph convolution. Then, to efficiently decode the rotation information from the latent feature, we design a novel flexible vector-based decomposable rotation representation that employs two decoders to complementarily access the rotation information. The proposed rotation representation has two major advantages: 1) decoupled characteristic that makes the rotation estimation easier; 2) flexible length and rotated angle of the vectors allow us to find a more suitable vector representation for specific pose estimation task. Finally, we propose a 3D deformation mechanism to increase the generalization ability of the pipeline. Extensive experiments show that the proposed pipeline achieves state-of-the-art performance on category-level tasks. Further, the experiments demonstrate that the proposed rotation representation is more suitable for the pose estimation tasks than other rotation representations."
0fd674d384a42392,254559952,Abstract,macro,macro,0.9346922350345742,True,"The Five-hundred-meter Aperture Spherical radio Telescope (FAST) is the world's largest single-dish radio telescope. Its large reflecting surface achieves unprecedented sensitivity but is prone to damage, such as dents and holes, caused by naturally-occurring falling objects. Hence, the timely and accurate detection of surface defects is crucial for FAST's stable operation. Conventional manual inspection involves human inspectors climbing up and examining the large surface visually, a time-consuming and potentially unreliable process. To accelerate the inspection process and increase its accuracy, this work makes the first step towards automating the inspection of FAST by integrating deep-learning techniques with drone technology. First, a drone flies over the surface along a predetermined route. Since surface defects significantly vary in scale and show high inter-class similarity, directly applying existing deep detectors to detect defects on the drone imagery is highly prone to missing and misidentifying defects. As a remedy, we introduce cross-fusion, a dedicated plug-in operation for deep detectors that enables the adaptive fusion of multi-level features in a point-wise selective fashion, depending on local defect patterns. Consequently, strong semantics and fine-grained details are dynamically fused at different positions to support the accurate detection of defects of various scales and types. Our AI-powered drone-based automated inspection is time-efficient, reliable, and has good accessibility, which guarantees the long-term and stable operation of FAST."
6c4e3dae7c3adb1f,254563748,Introduction,macro,micro,0.9997653584350612,False,"The key question for SSOD is how to confidently endorse candidate labels generated by methods. For example, this yields for state-of-the-art methods for classification when applied to the task of object detection. More precisely, one has to answer the question of how far endogenous (candidate) labels created by a teacher are to be trusted so that, when added to the labeled dataset, the detection performance of a student network twinned with the teacher network can be improved. Keeping only trustable labels by thresholding the predictions provided by the teacher based on their confidence scores is a simple yet effective method. But beyond this simplicity, determining the adequate threshold value remains tricky. Current works in SSOD very often require a costly parameter sweep across different values to determine a suitable threshold. While it is easy to understand the behavior of such a threshold regarding the generation of false positives or false negatives, it is not clear which threshold to choose, as evidenced by previous works where the reported optimal threshold value ranges between 0.5 and 0.9 depending on the datasets and network architectures. Also, most works only cover the case of natural scenes, such as MS-COCO [15] and PASCAL VOC [4] datasets, preventing drawing conclusions for other type of images."
87d0105c70d6504e,254563841,Title,macro,micro,0.5670247421316615,False,Algorithmic progress in computer vision
e6f338da59fe98f0,254563870,Abstract,macro,micro,0.844725343360893,False,"In a rapidly flourishing country like Bangladesh, accidents in unmanned level crossings are increasing daily. This study presents a deep learning-based approach for automating level crossing junctions, ensuring maximum safety. Here, we develop a fully automated technique using computer vision on a microcontroller that will reduce and eliminate level-crossing deaths and accidents. A Raspberry Pi microcontroller detects impending trains using computer vision on live video, and the intersection is closed until the incoming train passes unimpeded. Live video activity recognition and object detection algorithms scan the junction 24/7. Self-regulating microcontrollers control the entire process. When persistent unauthorized activity is identified, authorities, such as police and fire brigade, are notified via automated messages and notifications. The microcontroller evaluates live rail-track data, and arrival and departure times to anticipate ETAs, train position, velocity, and track problems to avoid head-on collisions. This proposed scheme reduces level crossing accidents and fatalities at a lower cost than current market solutions. Index Terms: Deep Learning, Microcontroller, Object Detection, Railway Crossing, Raspberry Pi"
f0edf4e25e9b3aa4,254563910,CONCLUSION AND FUTURE WORKS,macro,micro,0.9866141287198833,False,"In this work, we proposed an effective framework Multi-Sem Fusion to fuse the RGB image and LiDAR point clouds in two different levels. For the first level, the proposed AAF module aggregates the semantic information from both the 2D image and 3D point clouds segmentation results adaptively with learned weight scores. For the second level, a DFF module is proposed to further fuse the boosted feature maps with different receptive fields by a channel attention module. Thus, the features can cover objects of different sizes. More importantly, the proposed modules are detector independent which can be seamlessly employed in different frameworks. The effectiveness of the proposed framework has been evaluated on public benchmark and outperforms the state-of-the-art approaches. However, the limitation of the current framework is also obvious that both the 2D and 3D parsing results are obtained by offline approaches which prevent the application of our approach in real-time AD scenarios. An interesting research direction is to share the backbone features for both object detection and segmentation and take the segmentation as an auxiliary task."
631185c95898a2a2,254563926,Abstract,macro,macro,0.9996531414338509,True,"Most action recognition datasets and algorithms assume a closed world, where all test samples are instances of the known classes. In open set problems, test samples may be drawn from either known or unknown classes. Existing open set action recognition methods are typically based on extending closed set methods by adding post hoc analysis of classification scores or feature distances and do not capture the relations among all the video clip elements. Our approach uses the reconstruction error to determine the novelty of the video since unknown classes are harder to put back together and thus have a higher reconstruction error than videos from known classes. We refer to our solution to the open set action recognition problem as""Humpty Dumpty"", due to its reconstruction abilities. Humpty Dumpty is a novel graph-based autoencoder that accounts for contextual and semantic relations among the clip pieces for improved reconstruction. A larger reconstruction error leads to an increased likelihood that the action can not be reconstructed, i.e., can not put Humpty Dumpty back together again, indicating that the action has never been seen before and is novel/unknown. Extensive experiments are performed on two publicly available action recognition datasets including HMDB-51 and UCF-101, showing the state-of-the-art performance for open set action recognition."
1755f0f09be9ce12,254564379,Abstract,macro,macro,0.999940139413885,True,"6D object pose estimation has been a research topic in the field of computer vision and robotics. Many modern world applications like robot grasping, manipulation, autonomous navigation etc, require the correct pose of objects present in a scene to perform their specific task. It becomes even harder when the objects are placed in a cluttered scene and the level of occlusion is high. Prior works have tried to overcome this problem but could not achieve accuracy that can be considered reliable in real-world applications. In this paper, we present an architecture that, unlike prior work, is context-aware. It utilizes the context information available to us about the objects. Our proposed architecture treats the objects separately according to their types i.e; symmetric and non-symmetric. A deeper estimator and refiner network pair is used for non-symmetric objects as compared to symmetric due to their intrinsic differences. Our experiments show an enhancement in the accuracy of about 3.2% over the LineMOD dataset, which is considered a benchmark for pose estimation in the occluded and cluttered scenes, against the prior state-of-the-art DenseFusion. Our results also show that the inference time we got is sufficient for real-time usage."
03adf9a414e124fc,254564431,Title,macro,meso,0.9989915461845944,False,Mind The Edge: Refining Depth Edges in Sparsely-Supervised Monocular Depth Estimation
5e28131d1976b8cc,254564431,Introduction,macro,meso,0.9941406130942357,False,"It was observed in several papers [35,58,65] that the 2D locations of depth discontinuities, which we refer to as depth edges in this paper, are often poorly estimated, resulting in thick smooth depth gradients or incorrectly-localized edges (see the baseline in Fig. 1). Some applications that use predicted depth maps are highly sensitive to errors in depth edges, which are often part of the silhouette of objects. One example of such an application is Novel View Synthesis (NVS) -generating a new view of a scene captured from one or more views. In NVS methods that use depth explicitly [7], these type of localization errors in the 2D location of depth edges, may result in wrongly localized object parts in another newly generated view. Another important application that often uses predicted depth is virtual object rendering for AR [33], which computes for each pixel the closest occluding object from the point of view of the user. When relying on inaccurate depth edges in the computation of the occlusion, significant artifacts and unrealistic appearance may occur (see Fig. 1)."
fa1390bc74f705ec,254564486,Abstract,macro,micro,0.9958942919416478,False,"An important challenge in vision-based action recognition is the embedding of spatiotemporal features with two or more heterogeneous modalities into a single feature. In this study, we propose a new 3D deformable transformer for action recognition with adaptive spatiotemporal receptive fields and a cross-modal learning scheme. The 3D deformable transformer consists of three attention modules: 3D deformability, local joint stride, and temporal stride attention. The two cross-modal tokens are input into the 3D deformable attention module to create a cross-attention token with a reflected spatiotemporal correlation. Local joint stride attention is applied to spatially combine attention and pose tokens. Temporal stride attention temporally reduces the number of input tokens in the attention module and supports temporal expression learning without the simultaneous use of all tokens. The deformable transformer iterates L times and combines the last cross-modal token for classification. The proposed 3D deformable transformer was tested on the NTU60, NTU120, FineGYM, and Penn Action datasets, and showed results better than or similar to pre-trained state-of-the-art methods even without a pre-training process. In addition, by visualizing important joints and correlations during action recognition through spatial joint and temporal stride attention, the possibility of achieving an explainable potential for action recognition is presented."
74ff1b40e3032ee1,254564688,Conclusion,macro,macro,0.9842506690222382,True,"In this paper, we propose a novel attention module to improve the self-supervised depth estimation accuracy. Our method enhances the representative feature ability by learning spatial dependencies from local semantic areas. We leverage geometric cues from segmentation feature maps to learn the regions of interest to guide feature aggregation cross domains. The attention module is employed in a multihead and multi-scale schema to enable the feature learning from different semantic levels. Furthermore, we introduce a semantic aware projection mask to improve the model robustness on uncertain areas.We conducted extensive experiments on the KITTI dataset and achieved new SOTA performance, which demonstrated its effectiveness."
79223ea1a082d239,254564733,Abstract,macro,meso,0.4664945867445721,False,"We present Recurrent Vision Transformers (RVTs), a novel backbone for object detection with event cameras. Event cameras provide visual information with sub-millisecond latency at a high-dynamic range and with strong robustness against motion blur. These unique properties offer great potential for low-latency object detection and tracking in time-critical scenarios. Prior work in event-based vision has achieved outstanding detection performance but at the cost of substantial inference time, typically beyond 40 milliseconds. By revisiting the high-level design of recurrent vision backbones, we reduce inference time by a factor of 5 while retaining similar performance. To achieve this, we explore a multi-stage design that utilizes three key concepts in each stage: First, a convolutional prior that can be regarded as a conditional positional embedding. Second, local- and dilated global self-attention for spatial feature interaction. Third, recurrent temporal feature aggregation to minimize latency while retaining temporal information. RVTs can be trained from scratch to reach state-of-the-art performance on event-based object detection - achieving an mAP of 47.5% on the Gen1 automotive dataset. At the same time, RVTs offer fast inference (13 ms on a T4 GPU) and favorable parameter efficiency (5 times fewer than prior art). Our study brings new insights into effective design choices that could be fruitful for research beyond event-based vision."
e3c129c041d4f273,254591194,Title,macro,micro,0.5016228508484124,False,Object-fabrication Targeted Attack for Object Detection
e4d190fd91d02e33,254591349,Introduction,macro,micro,0.8410547040353784,False,"Weakly-supervised salient object detection (WSOD) methods have been proposed to alleviate the dependency on pixel-wise data. Existing WSOD methods (Zeng et al. 2019;Li, Xie, and Lin 2018;Wang et al. 2017) utilize weak annotation, such as image-level label and scribble annotation, which is easier to collect than a densely annotated label. More recently, (Gao et al. 2022) proposed a pointsupervised SOD framework with the help of edge information. Despite the substantial progress, it is unclear whether Confidence for uncertainty pixels Confidence for certainty pixels Confidence for uncertainty pixels Confidence for certainty pixels Confidence Overconfidence After using AATU Before using AATU Overconfidence Figure 1: Our AATU can conquer the overconfidence issue of existing active learning methods and accurately identify these uncertain pixels."
0aa6d6846a3d6d43,254591531,Abstract,macro,micro,0.9256687064761385,False,"3D point clouds are rich in geometric structure information, while 2D images contain important and continuous texture information. Combining 2D information to achieve better 3D semantic segmentation has become mainstream in 3D scene understanding. Albeit the success, it still remains elusive how to fuse and process the cross-dimensional features from these two distinct spaces. Existing state-of-the-art usually exploit bidirectional projection methods to align the cross-dimensional features and realize both 2D&3D semantic segmentation tasks. However, to enable bidirectional mapping, this framework often requires a symmetrical 2D-3D network structure, thus limiting the network's flexibility. Meanwhile, such dual-task settings may distract the network easily and lead to over-fitting in the 3D segmentation task. As limited by the network's inflexibility, fused features can only pass through a decoder network, which affects model performance due to insufficient depth. To alleviate these drawbacks, in this paper, we argue that despite its simplicity, projecting unidirectionally multi-view 2D deep semantic features into the 3D space aligned with 3D deep semantic features could lead to better feature fusion. On the one hand, the unidirectional projection enforces our model focused more on the core task, i.e., 3D segmentation; on the other hand, unlocking the bidirectional to unidirectional projection enables a deeper cross-domain semantic alignment and enjoys the flexibility to fuse better and complicated features from very different spaces. In joint 2D-3D approaches, our proposed method achieves superior performance on the ScanNetv2 benchmark for 3D semantic segmentation."
0b68ce653bcbb278,254591566,Abstract,macro,micro,0.9998368172834516,False,"Object detection, one of the three main tasks of computer vision, has been used in various applications. The main process is to use deep neural networks to extract the features of an image and then use the features to identify the class and location of an object. Therefore, the main direction to improve the accuracy of object detection tasks is to improve the neural network to extract features better. In this paper, I propose a convolutional module with a transformer[1], which aims to improve the recognition accuracy of the model by fusing the detailed features extracted by CNN[2] with the global features extracted by a transformer and significantly reduce the computational effort of the transformer module by deflating the feature mAP. The main execution steps are convolutional downsampling to reduce the feature map size, then self-attention calculation and upsampling, and finally concatenation with the initial input. In the experimental part, after splicing the block to the end of YOLOv5n[3] and training 300 epochs on the coco dataset, the mAP improved by 1.7% compared with the previous YOLOv5n, and the mAP curve did not show any saturation phenomenon, so there is still potential for improvement. After 100 rounds of training on the Pascal VOC dataset, the accuracy of the results reached 81%, which is 4.6 better than the faster RCNN[4] using resnet101[5] as the backbone, but the number of parameters is less than one-twentieth of it."
c9fab6dfd55f2594,254591642,Title,macro,macro,0.543557497123883,True,CamoFormer: Masked Separable Attention for Camouflaged Object Detection
5a92129694ab04a3,254591656,INTRODUCTION,macro,macro,0.9996919707665913,True,"Due to the rapid development in the Additive Manufacturing industry and its associated monitoring technology, as well as the improved availability of data storage, the size of the data generated, collected and stored during the manufacturing process has increased dramatically. As a result, it is common that raw data collected by the monitoring system is not labeled and the large amount unlabeled data usually exceeds the capability of manually analyzing and labeling. This creates an impediment to exploiting this data fully. For example it is challenging to train high performance supervised deep learning models with insufficient properly labelled data samples as is the case here."
9cd46754f2276e77,254593478,Abstract,macro,meso,0.9983801124447987,False,"It is an indisputable dogma in extremity radiography to acquire x-ray studies in at least two complementary projections, which is also true for distal radius fractures in children. However, there is cautious hope that computer vision could enable breaking with this tradition in minor injuries, clinically lacking malalignment. We trained three different state-of-the-art convolutional neural networks (CNNs) on a dataset of 2,474 images: 1,237 images were posteroanterior (PA) pediatric wrist radiographs containing isolated distal radius torus fractures, and 1,237 images were normal controls without fractures. The task was to classify images into fractured and non-fractured. In total, 200 previously unseen images (100 per class) served as test set. CNN predictions reached area under the curves (AUCs) up to 98% [95% confidence interval (CI) 96.6%–99.5%], consistently exceeding human expert ratings (mean AUC 93.5%, 95% CI 89.9%–97.2%). Following training on larger data sets CNNs might be able to effectively rule out the presence of a distal radius fracture, enabling to consider foregoing the yet inevitable lateral projection in children. Built into the radiography workflow, such an algorithm could contribute to radiation hygiene and patient comfort."
c7757ac53aec5808,254612504,Title,macro,macro,0.9975508068302156,True,Classification of semantic segmentation using fully convolutional networks based unmanned aerial vehicle application
eab4d4ea3798d640,254613286,Conclusions,macro,micro,0.9557856352556808,False,"By comparing it with five other semantic segmentation methods on test sets of apple rot degrees, rot positions, apple varieties, and complex backgrounds, the robustness of DeepMDSCBA was fully verified. It was also proven that the performance of DeepMDSCBA was better than the other tested methods under the influence of factors such as the degree of rot, position of rot, apple variety, and complex backgrounds."
1112bba1542c17b2,254614203,Title,macro,macro,0.9999995871171822,True,Explainable AI in Scene Understanding for Autonomous Vehicles in Unstructured Traffic Environments on Indian Roads Using the Inception U-Net Model with Grad-CAM Visualization
ae2eda3fffb0d765,254614367,Introduction,macro,meso,0.9867482979978004,False,"Railway transportation has become the main mode of land transport with its remarkable carrying capacity and fast speed [1,2]. As an important branch, subway systems have developed rapidly in recent years [3], becoming the preferred traveling way for city dwellers. The lining, which is fixed and arranged by bolts, supports the tunnel structure and guarantees the operation of metros. However, the bolts are exposed to the open air, usually influenced by moisture and air pollutants, and the steel material thus tends to become corroded [4][5][6]. When it comes to maintenance and repair, human-based visual inspection still dominates the tunnel industry, which is also limited by training level. Patrol inspectors have to check all bolts during non-running times such as night and early morning. However, commonly, an inspection team composed of 10 to 15 trained maintainers could check two to three kilometers during a maintenance period of about three hours, which is costly and inefficient. Besides, quite a few bolts are misdiagnosed as normal or corroded due to the poor light in tunnels and fatigue caused by night work. Hence, some researchers have tried many approaches to design an automatic, high-accuracy, and fast detection speed method for practical engineering projects."
d94089f05264ed85,254616336,Title,macro,macro,0.9998373108369336,True,AWANet: Attentive-Aware Wide-Kernels Asymmetrical Network with Blended Contour Information for Salient Object Detection
1c49cfda75c7e950,254625191,INTRODUCTION,macro,macro,0.6123410209916359,True,"Locating the occurrences of objects in an image or a video is typically performed through machine learning or deep learning algorithms to provide satisfactory performance. Deep learning is used in various classification problems which includes data collection, pre-processing, augmentation of data, extraction of features and matching. Humans are able to identify objects of interest in a matter of moment when they look at images or video, often by looking at its qualitative features. Object detection aims to realize this capability automatically through a computer. The quantitative features of capillaries are measured and these features coupled with other qualitative features are used to differentiate between diseased and healthy images."
fa883295fed88e78,254627074,Title,macro,macro,0.893201842840199,True,Semantic Segmentation of Hyperspectral Remote Sensing Images Based on PSE-UNet Model
28941fc3c8b0137f,254636074,Introduction,macro,meso,0.9999524940553801,False,"The possibility to perform machine learning tasks using quantum computers has been an area of extensive research in the past few years, and a number of different avenues of research have emerged. At the high level, machine learning is made of three key ingredients: data domain, hypothesis family, and the learning algorithm. In this context, quantum machine learning can have different meanings depending on which parts remain classical or become quantum. A short overview is provided in the following, where the different variants of quantum machine learning are outlined."
51e01f7427dfca8e,254636085,Title,macro,macro,0.9999999551330288,True,MegaPose: 6D Pose Estimation of Novel Objects via Render&Compare
c7a31a8b3fb352cd,254636094,Abstract,macro,macro,0.807814100198523,True,"Neuromorphic vision or event vision is an advanced vision technology, where in contrast to the visible camera that outputs pixels, the event vision generates neuromorphic events every time there is a brightness change which exceeds a specific threshold in the field of view (FOV). This study focuses on leveraging neuromorphic event data for roadside object detection. This is a proof of concept towards building artificial intelligence (AI) based pipelines which can be used for forward perception systems for advanced vehicular applications. The focus is on building efficient state-of-the-art object detection networks with better inference results for fast-moving forward perception using an event camera. In this article, the event-simulated A2D2 dataset is manually annotated and trained on two different YOLOv5 networks (small and large variants). To further assess its robustness, single model testing and ensemble model testing are carried out."
56e5d55c269be1c7,254636300,Conclusion,macro,macro,0.9999953880027764,True,"In this paper, we aim at addressing the one-shot unsupervised sim-to-real domain adaptation (OSUDA) and generalization (OSDG) problem. To this end, we propose a transformer based approach, where 1) the pseudo-target domain and class-mixed sampling based intermediate domain is proposed to bridge the domain gap on both the style and spatial structure level; 2) the class-aware cross-domain transformers further extract the domain-invariant knowledge, facilitating the adaptation to the target domain. Extensive experiments on different benchmarks prove the effectiveness of our proposed method for OSUDA and OSDG, improving the SOTA performance by a large margin."
a06b296ed138be39,254636325,Conclusion & Future Works,macro,micro,0.9999762852220834,False,"This paper proposes a method to improve the performance of WPOD network by adding edge knowledge to the embedding vector of the network. The results of the article show that when applied to the license plate detection problem, the quality of license plate detection is significantly improved. Accurate object detection, especially in cases where the subject image is tilted, will help better in the subsequent information extraction. The paper can be a good reference for many machine learning and data mining problems."
d454727ca4116f2f,254636342,INTRODUCTION,macro,micro,0.9781025550266694,False,"Monostatic sensing with RIS is relatively under-explored. Relevant works in this direction include [6]- [13]. The authors of [6] introduce case studies of RIS-enabled sensing and localization, including the double-bounce signal scenario, where the signal reflected by the RIS can impinge on a scattering point (SP) before being received back at the UE (denoted by UE-RIS-SP-UE). In [7], several RISs are regarded as controllable passive objects with a priori unknown location. Paths of the form UE-SP-UE and UE-RIS-UE are considered to map the environment and localize the UE. In [8], an RIS is used to overcome line-of-sight (LOS) blockage in radar sensing. Radar performance is further studied in [9], [10], focusing on a single-SP scenario, which simplifies the problem significantly. Studies focused on ISAC include [11], [12], where in [11] an RIS is used to reduce multi-user interference at the user equipments (UEs) due to the joint radar and communication signal sent by a base station (BS), while [12] considers allocating separated RIS elements between sensing and communications. Finally [13] goes even further and considers a hybrid RIS that can actively sense the environment. Despite these studies on RIS-aided sensing, there are still several unsolved problems in the monostatic regime (see Fig. 1): how to separate the different single and double-bounce signals corresponding to the several SPs; how to design UE precoders and combiners to enable tractable processing; how to fuse information coming from single-bounce and double-bounce signals associated with a single SP; and how much RIS can help when a priori information about the SPs is unavailable."
a633bd92fc2caa51,254636429,Conclusion,macro,macro,0.9797493811271792,True,"DETR-based sparse 3D detectors faces the problem of duplicated false positives, and lags in detection performance. In this paper, we solve these challenges with our simple yet effective Query Contrast Voxel-DETR (Con-QueR). The problem of duplicated false positives is mainly caused by the lack of supervisions in handlings dense similar queries. Based on our sparse 3D detection framework Voxel-DETR, we propose a Query Contrast strategy to explicitly suppress densely overlapping false positives, and simultaneously promote the best matched queries towards their assigned GTs in a contrastive manner. ConQueR reduces ∼60% false positives in the final sparse predictions, closes the gap between sparse and dense 3D detectors, and surpasses previous state-of-the-art 3D detectors by a large margin on the challenging WOD benchmark."
e969da538173c493,254636516,Conclusions,macro,meso,0.9286343828178533,False,"In this paper, we propose VINet, the first cooperative object detection method that is designed from the standpoint of large-scale system-level implementation. We demonstrate that for lightweight, scalable, and heterogeneous cooperative 3D object detection tasks, VINet can enhance overall mAP by 1.7 -18.9 for car and pedestrian classes, while reducing system-wide GPU costs by 2× and communication costs by 12×. Furthermore, VINet also offers a unified framework for cooperative object detection with low system-wide costs. For future work, data compression, impacts of noise levels, and latency will be further investigated to evaluate the performance of VINet under more challenging environments."
187d2793ed67866c,254636533,Introduction,macro,macro,0.566344624467987,True,"Image captioning has been widely investigated in computer vision and language research. However, most current methods treat image-caption pairs for training indistinctively, thus neglecting the difference in terms of learning difficulty. As illustrated in Figure 1, an image is annotated with multiple references with diverse styles and complexity levels. Such diversity can introduce different levels of learning difficulty, and undertrained captioning models can be misled by wrong gradients when training on the difficult data (Dong et al., 2021)."
7ddc6f6a708671bb,254641269,Title,macro,meso,0.6964581475593631,False,Multi-scale and attention enhanced graph convolution network for skeleton-based violence action recognition
c2b3e2f0f3506de5,254661366,Abstract,macro,macro,0.5657525230005847,True,"Deep learning has proved to be a breakthrough in depth generation. However, the generalization ability of deep networks is still limited, and they cannot maintain a satisfactory performance on some inputs. By addressing a similar problem in the segmentation field, a feature backpropagating refinement scheme (f-BRS) has been proposed to refine predictions in the inference time. f-BRS adapts an intermediate activation function to each input by using user clicks as sparse labels. Given the similarity between user clicks and sparse depth maps, this paper aims to extend the application of f-BRS to depth prediction. Our experiments show that f-BRS, fused with a depth estimation baseline, is trapped in local optima, and fails to improve the network predictions. To resolve that, we propose a double-stage adaptive refinement scheme (DARS). In the first stage, a Delaunay-based correction module significantly improves the depth generated by a baseline network. In the second stage, a particle swarm optimizer (PSO) delineates the estimation through fine-tuning f-BRS parameters—that is, scales and biases. DARS is evaluated on an outdoor benchmark, KITTI, and an indoor benchmark, NYUv2, while for both, the network is pre-trained on KITTI. The proposed scheme was effective on both datasets."
a1d11cf516b5cd42,254664591,Title,macro,meso,0.8765958361243246,False,Morphometric Analysis of Fouquieria splendens Callogenesis by Image Segmentation Strategies
9323ff43338a834c,254669672,Abstract,macro,meso,0.9708963206190333,False,"Product assembly is often one of the last steps in the production process. Product assembly is often carried out by workers (assemblers) rather than robots, as it is generally challenging to adapt automation to any product. When assembling complex products, it can take a long time before the assembler masters all the steps and can assemble the product independently. Training time has no added value; therefore, it should be reduced as much as possible. This paper presents a custom-developed system that enables the guided assembly of complex and diverse products using modern technologies. The system is based on pick-to-light (PTL) modules, used primarily in logistics as an additional aid in the order picking process, and Computer Vision technology. The designed system includes a personal computer (PC), several custom-developed PTL modules and a USB camera. The PC with a touchscreen visualizes the assembly process and allows the assembler to interact with the system. The developed PC application guides the operator through the assembly process by showing all the necessary assembly steps and parts. Two-step verification is used to ensure that the correct part is picked out of the bin, first by checking that the correct pushbutton on the PTL module has been pressed and second by using a camera with a Computer Vision algorithm. The paper is supported by a use case demonstrating that the proposed system reduces the assembly time of the used product. The presented solution is scalable and flexible as it can be easily adapted to show the assembly steps of another product."
cc689ab8799df54e,254674286,Conclusion,macro,macro,0.8520301275825882,True,"In this work, we have described a fatty liver image classification method through combining shallow layer convolutional neural network (CNN) with the differential image patches based on pixel-level features. Data extension strategy based on pixel-level features was proposed to augment the dataset of fatty liver ultrasonic images in order to solve the problem of insufficient samples and obscure image texture features. Experimental results show that the proposed method is good enough to boost the accuracy by combining the image patches with differential images of fatty liver ultrasonic images. In the future work, we will continue to study more efficient methods. It is expected to further improve the accuracy and reduce the amount of parameters and calculations. At the same time, we will get a large amount of fatty liver image samples in cooperation with a hospital and will explore the application of this method. -----54% 55% 46% Wavelet-svm [28] -----80% 82% 79%"
0a4f3927dd8c9780,254676570,Title,macro,micro,0.9999995500209122,False,OAB-YOLOv5: One-Anchor-Based YOLOv5 for Rotated Object Detection in Remote Sensing Images
dadfdec7f4114686,254685510,Title,macro,macro,0.9962070848455411,True,Enhanced Training of Query-Based Object Detection via Selective Query Recollection
7d7c7eb726c6e2ca,254685512,Abstract,macro,macro,0.9999992508216847,True,"Autonomous driving is an exciting new industry, posing important research questions. Within the perception module, 3D human pose estimation is an emerging technology, which can enable the autonomous vehicle to perceive and understand the subtle and complex behaviors of pedestrians. While hardware systems and sensors have dramatically improved over the decades -- with cars potentially boasting complex LiDAR and vision systems and with a growing expansion of the available body of dedicated datasets for this newly available information -- not much work has been done to harness these novel signals for the core problem of 3D human pose estimation. Our method, which we coin HUM3DIL (HUMan 3D from Images and LiDAR), efficiently makes use of these complementary signals, in a semi-supervised fashion and outperforms existing methods with a large margin. It is a fast and compact model for onboard deployment. Specifically, we embed LiDAR points into pixel-aligned multi-modal features, which we pass through a sequence of Transformer refinement stages. Quantitative experiments on the Waymo Open Dataset support these claims, where we achieve state-of-the-art results on the task of 3D pose estimation."
a751cefa7ab5f347,254685512,Introduction,macro,macro,0.9994874233446568,True,"Robotic systems which operate in environments with humans are required to avoid collisions with people and benefit from analysing their actions and forecasting future behaviors. Human pose understanding is a well established research direction in computer vision with numerous industrial applications [1,2,3,4]. In this work we focus on 3D human pose understanding for the autonomous vehicle (AV) industry and robotic applications in general."
692385c92964ad4b,254685525,Introduction,macro,micro,0.8703489818953802,False,"The main appeal of transformers is their ability to grasp long-range interactions, which is a crucial point for semantic segmentation. However, this strategy is not easily scalable to high-resolution images involving a large number of patches, due to the quadratic complexity of the transformer's attention module. A simple and efficient strategy to tackle this limitation is to rely on multi-resolution approaches, where the attention in high-resolution feature maps is computed on sub-windows. There have been various recent attempts in this direction [24,38,44,37,2]. However, they limit the interactions of high-resolution features to within each window."
cc639d9fe535f23f,254685590,INTRODUCTION,macro,meso,0.606711321715808,False,"Connected and Automated Vehicles (CAVs) are a transformative technology that could significantly change the current transportation modes by replacing human drivers with autonomous controllers. The technology is considered as a mitigator to road accidents and traffic pollution issues [1], [2]. One of the requirements of implementing autonomous vehicles is safe and collision-free driving, making a trustworthy perception system crucial. The perception system sees the surrounding environment for the autonomous vehicles via a variety of sensors (e.g., Cameras, LIDAR and RADAR) and must accurately detect vehicles, cyclists and pedestrians normally with the aid of the Deep Neural Network."
cd177bf056cdc642,254685645,Abstract,macro,macro,0.999354843092067,True,"For best performance, today's semantic segmentation methods use large and carefully labeled datasets, requiring expensive annotation budgets. In this work, we show that coarse annotation is a low-cost but highly effective alternative for training semantic segmentation models. Considering the urban scene segmentation scenario, we leverage cheap coarse annotations for real-world captured data, as well as synthetic data to train our model and show competitive performance compared with finely annotated real-world data. Specifically, we propose a coarse-to-fine self-training framework that generates pseudo labels for unlabeled regions of the coarsely annotated data, using synthetic data to improve predictions around the boundaries between semantic classes, and using cross-domain data augmentation to increase diversity. Our extensive experimental results on Cityscapes and BDD100k datasets demonstrate that our method achieves a significantly better performance vs annotation cost tradeoff, yielding a comparable performance to fully annotated data with only a small fraction of the annotation budget. Also, when used as pretraining, our framework performs better compared to the standard fully supervised setting."
08bbc6af111ba119,254685675,Conclusion,macro,meso,0.9990186758127441,False,"Limitations. As compared to other data modalities such as point clouds, images have the disadvantages of lacking depth information and being sensitive to environmental conditions such as weather and lighting. As a camera-based approach, our method is also affected by these aspects. To address this limitation, multi-modal methods could be further studied in future research."
a58c8c239ee0640f,254685773,Introduction,macro,meso,0.9935444631851302,False,"Robot Base Camera to robot calibration is an important step in many robotic applications. Keeping the correct calibration is a challenge for robots in dynamic and uncontrolled environments, even if the robot and the camera are meant to be static. Multiple factors alter this calibration such as re-positioning the robot/camera for better workspace coverage or for different applications (e.g. research projects), inadvertently moving them for cleaning, people bumping into them, wear-and-tear and backlash on low-cost fixtures, etc. As such, calibration is a needed but time-consuming process. At the very least, calibration needs to be checked before an application. This is an all-too-real issue for robotics researchers and is getting more widespread as cage-free robot arms and mobile manipulators become more common."
6e95f478eb5dbc1e,254685890,CONCLUSION,macro,micro,0.9991420396725273,False,"This study experimentally demonstrated that different classes in images have their preferred resizing scales for semantic segmentations. On this basis, the SBSS framework was proposed, which uses a learnable ECM to fuse segmentation results that are more likely to be correct at each resizing scale, and an ECS to control the computational complexity. Extensive experiments were conducted on the four benchmark datasets considered, i.e., Cityscapes, UAVid, LoveDA and Potsdam datasets. The results show that SBSS achieved promising performances in the various scenarios considered. Specifically, SBSS-MS achieved a higher segmentation accuracy with less Flops, faster speed, and similar memory footprint compared to MS. Meanwhile, SBSS-SS achieved a similar segmentation accuracy with a quarter of the memory footprint, similar Flops and speed compared to SS. In the future, more sophisticated ECS and ECM can be proposed to further improve the performance of SBSS or to adapt it to specific application requirements."
0c16e451c5c37b88,254685917,Introduction,macro,micro,0.9913010895400015,False,"Neural Networks (NNs) can be trained to solve complex problems with very high accuracy. Consequently, there is a high demand to deploy them in various settings, many of which are also safety critical. In order to guarantee their safe operation, various verification techniques are being developed [3,10,16,21,32,35]. Unfortunately, despite the enormous effort, verification of NN of realistic industrial sizes is not within sight [1]. Therefore, more lightweight techniques, less depending on the size of the NN, are needed these days to provide some assurance of safety. In particular, runtime monitoring replaces checking correctness universally on all inputs by following the current input only and raising an alarm, whenever the safety of operation might be violated."
6bc4879ba97886a3,254686056,CONCLUSION,macro,macro,0.7966949337969044,True,"In this paper, we alleviate the intrinsic learning objective contradiction across the two-step learning phases via a simple yet effective proposal distribution calibration (PDC) approach. PDC samples proposals via base class statistics during finetuning to offer additional calibrated high-quality corpus for mild novel class adaptation. With additional classification and localization losses, PDC achieves great generalization ability toward novel classes in a plug-and-play fashion. Experimental results reported on Pascal VOC [41], [42] and MS COCO [43] with two baseline detectors, i.e., MPSR [6] and imTED [12], justify the efficacy and generalizability of our PDC. Although developing for general two-stage FSOD, we also hope our PDC can inspire creative insights for one-stage FSOD."
7d4a2e44869c114f,254688136,Introduction,macro,micro,0.7690757806720899,False,"Semantic segmentation, widely used in the real world, classifies every pixel of a visual image. Semantic segmentation visualization uses different colors to distinguish different classes of objects effectively. Semantic segmentation is mainly used in scene analysis, including medical imaging, autonomous driving, and satellite maps. Semantic segmentation has become one of the most critical tasks in computer vision."
3048349b491bf804,254706356,Title,macro,macro,0.9990142635833644,True,Development of an image classification pipeline for atherosclerotic plaques assessment using supervised machine learning
265da77957f1ab98,254720728,Conclusions and future work,macro,micro,0.9933423653527644,False,"This paper presents a prototype segmentation (ProtoSeg) method which can compute the SAM on deep features extracted from neural networks. Our proposed method can be used to evaluate the segmentation ability of any deep feature. We have used it to evaluate the discriminative score of different layers of the most popular U-Net and the score of different units on the last layer of the U-Net. We have found that there is a transition of the segmentation ability from the early layers to the late layers and the down-sampling on the U-Net is important to eliminate the noise and localize the lesions. Fig. 6 shows that the U-Net is actually a denoise model, which reduces the noise on the input image toward the final segmentation map. We have further proposed to define the mean SA score µ between the output of the neural network and the feature segmentation maps to evaluate the quality of the input images. Most studies for segmentation only report the average Dice performance on the whole test images. However, the accuracy of some images (e.g., those with small lesions or lesions with smooth boundaries) is low. Without the ground-truth on the test images, it is hard for end-users to know which segmentation results need to be double-checked. Our experimental results show that the mean SA score is linearly correlated to the accuracy of segmentation from the neural network, and therefore, SA can serve as a quantity to automatically reject some images that may be subject to large segmentation errors even when the ground-truth is not available. When the low SA values trigger the rejection of these images, end-users need to pay more attention to the segmentation results of these images. In addition, we have used the proposed method to evaluate the separableness of each individual image based on segmentation map of colors/intensities in the input images and further used it to describe the characteristics of the dataset for medical image segmentation. Experimental results show that using the ProtoSeg loss in the training does not hurt the performance but increases the segmentation ability of the deep features. Since the ProtoSeg loss is not applied to the final output, it does not affect the accuracy of the output. Using the ProtoSeg loss can produce the segmentation maps of the learned deep features which are similar to the output/ground-truth. This provides a better interpretation by measuring the similarity between the segmentation maps and outputs. Thus, using the ProtoSeg loss can increase the interpretability of the deep features. On the other hand, a low SA score of the deep learned features indicate that it is hard to interpret those deep features since they are not similar to the output. In addition, Fig. 6 and Fig. 7 produced by the proposed method show that the features from different layers or on the same layer are redundant in U-Net and neural network pruning is needed in future to build efficient models."
6e2ab94e1346e3d2,254721717,Title,macro,micro,0.9744673857708075,False,TMS-Net: A Segmentation Network Coupled With A Run-time Quality Control Method For Robust Cardiac Image Segmentation
10d476782653c47b,254722320,Abstract,macro,meso,0.9267267314183224,False,". Today, computer vision has shown a variety of roles in our lives, making people’s life more convenient. Also, a variety of artificial intelligence models and algorithms have emerged for computer vision. Image matching is an important technique in the field of computer vision to find the similarities between two images or multiple images with the help of matching algorithms to achieve scientific and accurate processing of images. Therefore, summarizing the effective approximate solution to this problem as well as the future research is the main part for current research. The paper firstly describes the basic elements of the image matching technique. Then, some representative traditional image matching algorithms proposed in the field of computer vision research in recent years are summarized and reviewed. Finally, the future research directions and research ideas of image matching are discussed, providing reliable guidance and reference for subsequent research."
92a8ca29a35998be,254722320,Title,macro,meso,0.9979436332046601,False,Research on image matching methods in computer vision
eb78c63fdd8c58df,254724490,Conclusions,macro,meso,0.8282138860751208,False,"In this paper, we developed a YOLO-v5 convolutional neural network model for identifying mildewed regions in microscopic images of rice grain contaminated with A. niger, Penicillium oryzae, and Aspergillus griseofulgens and studied the detection effect of mildewed rice grain based on the CVT and YOLO-v5 models. The following conclusions are drawn."
a4d19e98cd8a9037,254737556,INTRODUCTION,macro,meso,0.9999207409367928,False,"In recent years, with the development of satellite systems, remote sensing techniques have become increasingly popular in the field of natural disaster assessment [3]. The commonlyused remote sensing data [4], [5], can be roughly divided into three categories: synthetic aperture radar images [6], [7]; optical images [8]; and light detection and ranging data [9]. Among them, high-resolution optical images-which are easy to obtain and can provide rich information on postearthquake building attributes, such as color, texture, and shape-have been the most widely used [10]. Remote sensing images are wide-ranging, all-weather, unaffected by earthquakes, and accessible without onsite human inspection. In early-stage research, remote sensing image interpretation primarily relied on preset thresholds and handcrafted parameters and thus was highly affected by a subjective judgment in various application scenarios. In addition, the recognition speed and reliability highly depended on engineering experience and prior knowledge of image analysts. However, automatic extraction and autonomous recognition of seismic damage from remote sensing images have rapidly developed with advanced computer vision techniques, including image processing, machine learning, and deep learning. This work is licensed under a Creative Commons Attribution 4.0 License. For more information, see https://creativecommons.org/licenses/by/4.0/ Compared to image processing and machine learning, deep learning has relatively better learning ability and stronger robustness against interference and variations in object size, position, shape, and geometry and thus can provide more accurate localization and damage information on dense seismic buildings [11]. Convolutional neural networks (CNNs) have been the most widely-used deep learning-based model for seismic damage data extraction from high-resolution remote sensing optical images. Currently, CNNs are widely applied to seismic damage identification from postearthquake remote sensing images. Cooner et al. [12] adopted CNNs to classify high-resolution seismic remote sensing imagery and quickly detect damaged buildings, achieving an accuracy of 55% for the 2010 Haiti earthquake with the 7.0 magnitude. Ma et al. [13] combined remote sensing images with block vector data and improved the Inception V3 architecture; a test accuracy of 90.07% on postearthquake aerial imagery of Yushu was achieved. Furthermore, Ji et al. [14] used the pretrained VGG model to recognize collapsed buildings in remote sensing images before and after the 2010 Haiti earthquake, concluding that the fine-tuned VGGNet model outperformed the original VGGNet model trained from scratch with an overall accuracy increasing from 83.38% to 85.19%. Xiao et al. [15] proposed a dynamic cross-fusion network to enable each task to share features from different CNN layers adaptively and achieved state-of-the-art performance. Zhan et al. [16] used the Mask R-CNN to extract information on damaged buildings from postearthquake remote sensing images and identify the damage level. An improved feature pyramid network (FPN) was designed, and a detection accuracy of 92% was achieved for the most severely damaged buildings (the overall classification accuracy for four damage classes was 88%)."
a3d96f52fe36e90c,254772228,Conclusions,macro,micro,0.999944048624248,False,"In summary, we propose a segmentation method based on global contrast learning for segmenting complex structured OCTA images, which includes a two-branch network architecture and a new pixel contrastive learning function. The core idea is to enable neural networks to learn similar features from a single image and the whole dataset simultaneously. In the scene of class imbalance, our method results in better segmentation accuracy. At the same time, COSNet is also transferable to other class-imbalanced classification or segmentation tasks. The segmentation results of retinal vascular plexus are available for the analysis and prediction of ocular related diseases, and some recent studies [30][31][32] have been published."
0ad48318a0bf2db3,254776044,Title,macro,macro,0.9769604064048953,True,Breast Tumor Tissue Image Classification Using DIU-Net
b5a80a4d202e7404,254779897,Conclusions,macro,macro,0.9999989535910806,True,"In this study, we proposed a method for detecting parking spaces in a parking lot by utilizing deep learning in object identification. The proposed method consisted of the detection of parking spaces and the identification of the distribution of parking spaces. In the PSD process of using the video stream, the optimal reading time interval for the video stream was provided. A vehicle identification model based on EfficientDet-D3 was constructed. To improve the training efficiency of the identification model, we flexibly changed the learning rate during the training of the model. Simultaneously, we proposed the combined methods of the TimSort algorithm and the data layering method to determine the number and order of the parking spaces. We found that the indirect Monte Carlo method could be used to judge parking space occupancy. To evaluate the performance of the proposed method, we conducted the detection of a large parking lot with realistic scenarios. The detection results showed that the proposed method could detect parking spaces efficiently when vehicles came and went."
09f3a04fe8122d9d,254817832,Introduction,macro,macro,0.9999786036911802,True,"In recent years, both colorectal cancer (CRC) and brain tumour are considered among the most dangerous types of cancer, affecting both men and women around the world [1][2][3][4]. Deep learning has shown great potential as a diagnostic tool in handling various complex problems that automate the feature engineering process of the medical image analysis pipeline [5,6]. Convolutional neural networks (CNNs) are among the most effective deep learning algorithms, where impressive achievements have been made in the field of medical imaging [7][8][9]. The effectiveness of CNNs comes from their ability to detect local features within an image in a hierarchical manner. More precisely, CNN's low-level layers are designed to encode generic representations for most vision tasks, while the high-level layers can learn more complex features. There are two different scenarios for training a CNN model: full training and transitional training. Training a model from scratch requires the initialisation of the whole network from end-to-end. This strategy is a less common approach and requires a large amount of annotated training data that are not typically available in the field of medical imaging [10]. Rather, transitional learning refers to extracting the knowledge gained from a pre-trained network and applying it to another (un)related task, making it faster and more practical with small datasets [11]. Traditionally, transitional training (or as commonly known as transfer learning) can be achieved by one of the following scenarios [12][13][14]: (a) ""shallow tuning"", which aims at modifying only the network's classification layer to handle the domain-specific task [15]; (b) ""deep tuning"" refers to retraining the weights of the whole network in an end-to-end fashion [16]; or (c) ""fine-tuning"" mode, which starts to retrain weights of the last layer and gradually retraining weights of more layers until the desired performance is reached [17]."
5dd3b0c0cf5be330,254823146,Conclusion,macro,micro,0.9260360408771716,False,"In this paper we introduced a 2D segmentation method taking advantage of 3D geometric data without needing explicit 3D network supervision. Our method yields competitive segmentation results, outperforming many other segmentation methods. While we have used our approach for the segmentation of individual images, it is clear that the performances would be further improved by using multiple images, as cross-image label consistency could provide a way to discard wrong labels, a direction we will explore in a future work."
ab5b36c2f2588c0a,254823331,Title,macro,micro,0.9900804677647499,False,DQnet: Cross-Model Detail Querying for Camouflaged Object Detection
d671dddb8967d03d,254823363,Title,macro,macro,0.9987291602563388,True,Backdoor Attack Detection in Computer Vision by Applying Matrix Factorization on the Weights of Deep Networks
c5ae70e6d91e6031,254823586,Title,macro,micro,0.9684764667512707,False,Context Label Learning: Improving Background Class Representations in Semantic Segmentation
d1e43342fa7ec3fe,254853770,Title,macro,micro,0.99999973082844,False,Learning Object-level Point Augmentor for Semi-supervised 3D Object Detection
88209fedd6c95ac9,254853824,Conclusion,macro,macro,0.999900383225308,True,"In this paper, we propose a lightweight image captioning approach for resource-limited devices. To unveil the potential of a capacity-limited tiny model, we design a visual concept extractor, a cross-modal modulator, and an ensemble head to improve the captioning quality. By virtue of the sequential knowledge distillation and ensemble distillation, our Light-Cap exhibits competitive performance under a limited model capacity. Extensive experiments verify the super-balanced performance and efficiency of the proposed LightCap."
45002a75c0d1404b,254854056,Abstract,macro,macro,0.9989506816497518,True,"Medical image segmentation methods typically rely on numerous dense annotated images for model training, which are notoriously expensive and time-consuming to collect. To alleviate this burden, weakly supervised techniques have been exploited to train segmentation models with less expensive annotations. In this paper, we propose a novel point-supervised contrastive variance method (PSCV) for medical image semantic segmentation, which only requires one pixel-point from each organ category to be annotated. The proposed method trains the base segmentation network by using a novel contrastive variance (CV) loss to exploit the unlabeled pixels and a partial cross-entropy loss on the labeled pixels. The CV loss function is designed to exploit the statistical spatial distribution properties of organs in medical images and their variance distribution map representations to enforce discriminative predictions over the unlabeled pixels. Experimental results on two standard medical image datasets demonstrate that the proposed method outperforms the state-of-the-art weakly supervised methods on point-supervised medical image semantic segmentation tasks."
d39f5c533451c0ad,254854154,Abstract,macro,macro,0.9999863663064893,True,"Vegetation Indices based on paired images of the visible color spectrum (VIS) and near infrared spectrum (NIR) have been widely used in remote sensing applications. These vegetation indices are extended for their application in autonomous driving in unstructured outdoor environments. In this domain we can combine traditional vegetation indices like the Normalized Difference Vegetation Index (NDVI) and Enhanced Vegetation Index (EVI) with Convolutional Neural Networks (CNNs) pre-trained on available VIS datasets. By laying a focus on learning calibrated CNN outputs, we can provide an approach to fuse known hand-crafted image features with CNN predictions for different domains as well. The method is evaluated on a VIS+NIR dataset of semantically annotated images in unstructured outdoor environments. The dataset is available at mucar3.de/iros2022-ppniv-tas-nir."
48fef6caedb4be27,254854211,Title,macro,macro,0.9995577127115185,True,Multi-person 3D pose estimation from unlabelled data
91495b0e56f3cab5,254854232,Introduction,macro,micro,0.997997450210706,False,"Semantic segmentation [7,40] aims to predict pixel-level labels but requires labor-intensive pixel-level annotations. The original GradCAM uses the logit (before the softmax) of the target class to compute gradient. We propose to compute gradient based on the probability (after the softmax). It can avoid confusion between the target class and background (the first two columns) and other object classes in the dataset (the last two columns)."
f3fa326c9e1e2851,254854237,Abstract,macro,micro,0.9969607155777818,False,"Recently, many attempts have been made to construct a transformer base U-shaped architecture, and new methods have been proposed that outperformed CNN-based rivals. However, serious problems such as blockiness and cropped edges in predicted masks remain because of transformers' patch partitioning operations. In this work, we propose a new U-shaped architecture for medical image segmentation with the help of the newly introduced focal modulation mechanism. The proposed architecture has asymmetric depths for the encoder and decoder. Due to the ability of the focal module to aggregate local and global features, our model could simultaneously benefit the wide receptive field of transformers and local viewing of CNNs. This helps the proposed method balance the local and global feature usage to outperform one of the most powerful transformer-based U-shaped models called Swin-UNet. We achieved a 1.68% higher DICE score and a 0.89 better HD metric on the Synapse dataset. Also, with extremely limited data, we had a 4.25% higher DICE score on the NeoPolyp dataset. Our implementations are available at: https://github.com/givkashi/Focal-UNet"
b5174988fd2b07e7,254854325,INTRODUCTION,macro,meso,0.9533092670513602,False,"The year 2020 has been very crucial since the world is in a global pandemic. According to World Health Organization (WHO), COVID-19 is an infectious disease caused by a new strain of coronavirus previously unidentified before the outbreak began in Wuhan, China, on December 2019. The virus was officially named last February 12, 2020. Later on January 30, 2020, the Philippines' Department of Health (DOH) reported the first case of COVID-19 on a 38-year-old female Chinese national. The first local transmission of the virus was confirmed (Halili, 2020) on March 7, 2020."
ac1c26d6ee0e5d7b,254854475,Discussion and Conclusions,macro,meso,0.9379568180866927,False,"We believe the pre-processing technique used to transform Smart Factory images down to grey scale 28x28 and matching the number of qubits, may have created an input training matrix for the SVM that was more conducive to performing well on the QPU. When we used a 200x200 image size and shrunk it down to 20 qubits, the simulator returned much worse results. This is similar to what Guajo et al. 2022 did to pre-process images of manufacturing defects, though we shrunk the image first prior to the PCA process [3]. The advantage of our method compared to Guijo et al. 2022 is that PCA allowed us to intelligently shrink our data dimensions while retaining as much information as possible and encode that data onto the number of qubits we were able to use."
c2ea31fdf1835022,254854625,Introduction,macro,macro,0.9385087700956878,True,"This study offers the following contributions. On the one hand, we provide multisensory learning results of human action recognition using a novel dataset constructed using the iCub robot. On the other hand, we provide the first results of the iCub robot dataset that other researchers could leverage in this study to benchmark their models."
de9630f2ef664408,254854644,Title,macro,micro,0.7626054513402949,False,Million-scale Object Detection with Large Vision Model
89b1272ab15eabaa,254876512,Title,macro,meso,0.6166214311179641,False,Post-pandemic healthcare for COVID-19 vaccine: Tissue-aware diagnosis of cervical lymphadenopathy via multi-modal ultrasound semantic segmentation
f20440ebbba4768a,254876995,Title,macro,macro,0.9986214603933217,True,MM-3DScene: 3D Scene Understanding by Customizing Masked Modeling with Informative-Preserved Reconstruction and Self-Distilled Consistency
8d599917b181b72c,254877205,Abstract,macro,macro,0.9940271372810109,True,"Heart failure remains a major public health challenge with growing costs. Ejection fraction (EF) is a key metric for the diagnosis and management of heart failure however estimation of EF using echocardiography remains expensive for the healthcare system and subject to intra/inter operator variability. While chest x-rays (CXR) are quick, inexpensive, and require less expertise, they do not provide sufficient information to the human eye to estimate EF. This work explores the efficacy of computer vision techniques to predict reduced EF solely from CXRs. We studied a dataset of 3488 CXRs from the MIMIC CXR-jpg (MCR) dataset. Our work establishes benchmarks using multiple state-of-the-art convolutional neural network architectures. The subsequent analysis shows increasing model sizes from 8M to 23M parameters improved classification performance without overfitting the dataset. We further show how data augmentation techniques such as CXR rotation and random cropping further improves model performance another ~5%. Finally, we conduct an error analysis using saliency maps and Grad-CAMs to better understand the failure modes of convolutional models on this task."
8a0004b009576392,254877290,Abstract,macro,micro,0.9999783141822525,False,"This paper is about the design of an automated machine to cut turbot fish specimens. Machine vision is a key part of this project as it is used to compute a cutting curve for the specimen head. This task is impossible to be carried out by mechanical means. Machine vision is used to detect head boundary and a robot is used to cut the head. Binarization and mathematical morphology are used to detect fish boundary and this boundary is subsequently analyzed (using Hough transform and convex hull) to detect key points and thus defining the cutting curve. Afterwards, mechanical systems are used to slice fish to get an easy presentation for end consumer (as fish fillets than can be easily marketed and consumed)."
373ee1227e789218,254877518,Abstract,macro,macro,0.9999243071913407,True,"Unsupervised object discovery aims to localize objects in images, while removing the dependence on annotations required by most deep learning-based methods. To address this problem, we propose a fully unsupervised, bottom-up approach, for multiple objects discovery. The proposed approach is a two-stage framework. First, instances of object parts are segmented by using the intra-image similarity between self-supervised local features. The second step merges and filters the object parts to form complete object instances. The latter is performed by two CNN models that capture semantic information on objects from the entire dataset. We demonstrate that the pseudo-labels generated by our method provide a better precision-recall trade-off than existing single and multiple objects discovery methods. In particular, we provide state-of-the-art results for both unsupervised class-agnostic object detection and unsupervised image segmentation."
4f4934504c4f890d,254877528,INTRODUCTION,macro,micro,0.6718214685832029,False,"Due to widely deployed applications in robot navigation and autonomous driving [1]- [5], 3D object detection has become an active research area in computer vision. Although LiDARbased 3D object detectors [6]- [8] have achieved excellent performance because of accurate depth measurements, the application of these methods is still constrained by the high cost of 3D sensors, limited working range, and sparse data representation. Monocular-based 3D detectors [9]- [14], on the other hand, have received increasing attention in autonomous driving due to their easy accessibility and rich semantic clues."
942e0858d7223538,254877618,Introduction,macro,micro,0.690101086643876,False,"Single-image panoptic segmentation, unfortunately, is still insufficient for tasks requiring coherency and consistency across multiple views. In fact, panoptic masks often contain view-specific imperfections and inconsistent classifications, and single-image 2D models naturally lack the ability to track unique object identities across views (see Fig. 2). Ideally, such consistency would stem from a full, 3D understanding of the environment, but lifting machinegenerated 2D panoptic segmentations into a coherent 3D panoptic scene representation remains a challenging task."
9f380e9c7fb48700,254877627,Conclusion,macro,meso,0.9650862791366934,False,Practical implementations of our method require construction of a flat universal taxonomy that spans the desired dataset collection. This calls for recovering a set of disjoint universal classes as well as mapping each dataset-specific class to the corresponding universal counterparts. We propose to solve this problem by considering labels as sets of all possible pixels that should be annotated with the particular label. We hope to encourage future research in the field by publishing for all universal taxonomies from this paper.
c10050f493746174,254877750,Abstract,macro,meso,0.8736925115641181,False,"With the development of a series of Galaxy sky surveys in recent years, the observations increased rapidly, which makes the research of machine learning methods for galaxy image recognition a hot topic. Available automatic galaxy image recognition researches are plagued by the large differences in similarity between categories, the imbalance of data between different classes, and the discrepancy between the discrete representation of Galaxy classes and the essentially gradual changes from one morphological class to the adjacent class (DDRGC). These limitations have motivated several astronomers and machine learning experts to design projects with improved galaxy image recognition capabilities. Therefore, this paper proposes a novel learning method, ``Hierarchical Imbalanced data learning with Weighted sampling and Label smoothing""(HIWL). The HIWL consists of three key techniques respectively dealing with the above-mentioned three problems: (1) Designed a hierarchical galaxy classification model based on an efficient backbone network; (2) Utilized a weighted sampling scheme to deal with the imbalance problem; (3) Adopted a label smoothing technique to alleviate the DDRGC problem. We applied this method to galaxy photometric images from the Galaxy Zoo-The Galaxy Challenge, exploring the recognition of completely round smooth, in between smooth, cigar-shaped, edge-on and spiral. The overall classification accuracy is 96.32\%, and some superiorities of the HIWL are shown based on recall, precision, and F1-Score in comparing with some related works. In addition, we also explored the visualization of the galaxy image features and model attention to understand the foundations of the proposed scheme."
aa7ad6341ec556eb,254903846,Conclusions,macro,macro,0.9984986825860604,True,"To improve the classification accuracy of medical images and reduce the use of labelled images, we proposed a novel method based on K-means clustering/pseudo-labelling and semi-supervised GAN. Comprehensive experiments were carried out on two benchmark datasets, including ChestX-ray14 and BreakHis. The results demonstrate that our algorithm outperformed the state-of-the-art methods and worked effectively in medical image classification with a small number of labelled samples. It achieved 93.15% accuracy in X-ray classification with 400 labelled images per class and 96.87% accuracy in breast histopathology image classification with only 30 labelled images per class. The method has a high potential to assist in tasks where the unlabelled data is rich, but the labelling cost is high. In our future studies, we will further investigate novel strategies to enhance the model's performance and robustness. Data Availability Statement: Two public benchmark datasets were used in this study, including the ChestX-ray14 dataset [28] and BreakHis [29]."
17a7aa7e35a7ea53,254905833,Conclusions,macro,macro,0.9975699132380298,True,"In this paper, we propose a new zero-shot image classification method in ecological monitoring. The proposed method explicitly exploits the hierarchy among natural creatures and explores multiple relations between different classes for learning the weight of a visual classifier. The proposed encoder GUN-2A achieves broad cross-node knowledge prop-agation. The introduced structural, symmetric knowledge graph and graph contrastive learning module substantially alleviate the Laplacian over-smoothing problem in a single knowledge graph and enhances the distinguishability of the predicted classifier. To validate the potential of our method in real-world environments, we tested it on several large-scale benchmark datasets. Our experimental results demonstrate the effectiveness of the proposed zero-shot learning framework."
7e8daa7ce94f5c60,254920838,Abstract,macro,meso,0.9999999535659861,False,"Objective: The application of computer models in continuous patient activity monitoring using video cameras is complicated by the capture of images of varying qualities due to poor lighting conditions and lower image resolutions. Insufficient literature has assessed the effects of image resolution, color depth, noise level, and low light on the inference of eye opening and closing and body landmarks from digital images. Method: This study systematically assessed the effects of varying image resolutions (from 100 × 100 pixels to 20 × 20 pixels at an interval of 10 pixels), lighting conditions (from 42 to 2 lux with an interval of 2 lux), color-depths (from 16.7 M colors to 8 M, 1 M, 512 K, 216 K, 64 K, 8 K, 1 K, 729, 512, 343, 216, 125, 64, 27, and 8 colors), and noise levels on the accuracy and model performance in eye dimension estimation and body keypoint localization using the Dlib library and OpenPose with images from the Closed Eyes in the Wild and the COCO datasets, as well as photographs of the face captured at different light intensities. Results: The model accuracy and rate of model failure remained acceptable at an image resolution of 60 × 60 pixels, a color depth of 343 colors, a light intensity of 14 lux, and a Gaussian noise level of 4% (i.e., 4% of pixels replaced by Gaussian noise). Conclusions: The Dlib and OpenPose models failed to detect eye dimensions and body keypoints only at low image resolutions, lighting conditions, and color depths. Clinical Impact: Our established baseline threshold values will be useful for future work in the application of computer vision in continuous patient monitoring."
fd0251fd18d4672d,254926356,Conclusion,macro,micro,0.9275730836743122,False,"In this work, we investigated the possibility of simplifying the active learning setting in deep object detection in order to accelerate development and evaluation time. We found that active learning curves do not trivially generalize from one (dataset, detector, evaluation metric)-constellation to another and that significant qualitative differences can be observed. Even though this prohibits the prediction of final method rankings we observe that the rank correlations are primarily positive and stay high throughout the active learning experiment. In our evaluation, we also included a more direct measurement of annotation effort in counting the number of queried instances in addition to the number of queried images. Meanwhile, we can save more than an order of magnitude in total compute time due to the downscaling of the detection architecture and simplifying the dataset complexity. Our environment allows for consistent benchmarking of active learning methods in a unified object detection framework, thereby improving transparency. We hope that the present sandbox environment and findings along with the implemented framework will lead to further and accelerated progress in the field of active learning for object detection."
7b3631b224da967b,254926421,Abstract,macro,macro,0.9999989313145464,True,"The use of deep learning in computer vision tasks such as image classification has led to a rapid increase in the performance of such systems. Due to this substantial increment in the utility of these systems, the use of artificial intelligence in many critical tasks has exploded. In the medical domain, medical image classification systems are being adopted due to their high accuracy and near parity with human physicians in many tasks. However, these artificial intelligence systems are extremely complex and are considered black boxes by scientists, due to the difficulty in interpreting what exactly led to the predictions made by these models. When these systems are being used to assist high-stakes decision-making, it is extremely important to be able to understand, verify and justify the conclusions reached by the model. The research techniques being used to gain insight into the black-box models are in the field of explainable artificial intelligence (XAI). In this paper, we evaluated three different XAI methods across two convolutional neural network models trained to classify lung cancer from histopathological images. We visualized the outputs and analyzed the performance of these methods, in order to better understand how to apply explainable artificial intelligence in the medical domain."
4d4687f5fb214b06,254926434,Conclusion,macro,micro,0.9971340454132867,False,"We perform three inspection tasks with four types of object detection models trained from scratch on a small target dataset, as well as pre-trained on the reference dataset followed by finetuning on the target dataset. Our experiments reveal that the YOLOv5 model outperforms the Faster RCNN, RetinaNet and FCOS models. Sensitivity analysis of the amount of data used for fine-tuning suggests that YOLOv5 derives its better performance from a data augmentation-heavy pipeline, which is important in the low data-regime. We also identified that the impact of dataset size for fine-tuning depends on the type of object detection model used. The findings of the article highlight the value of using pre-training in low data-regimes, identify frequency and size imbalance as the major causes of poor performance, and point out potential directions for future research to improve the state-of-the-art in object detection-based insulator inspection in the low data-regime."
c69f3d4de6bed84c,254926443,CONCLUSIONS,macro,micro,0.996150984367755,False,"This work proposes in-sensor computing based algorithmhardware co-design framework that can reduce the energy consumption of a complex object recognition pipeline by up to 2.32× compared to traditional vision processing approaches. Our hardware modifications can be readily integrated into the foundry-manufacturable CMOS image sensor platforms, and our hardware-inspired algorithmic modifications are shown to yield negligible performance drop in complex vision tasks. Note that the energy benefits reported in this work is based on the assumption that the front-end sensor and vision processing chips are closely located on the same printed-circuit board [36]. In general, they could be separated by large distances, necessitating long energyexpensive wired or wireless data transfer (which is common for the case of sensor-fusion and swarm intelligence applications). In such cases the overall energy improvement would approach the bandwidth reduction (up to 96×)."
5414c6217ada160d,254926672,Conclusion,macro,macro,0.9889781798192595,True,"In this work, we tackled the problem of online object detection for radar using recurrent neural networks. Contrary to well-known radar object detectors, which use a single frame to detect objects in different radar representations, we learn spatial and temporal relationships between frames by leveraging characteristics of FMCW radar signal. We propose a new architecture type that iteratively learns spatial and temporal features throughout a recurrent convolutional encoder. We designed an end-to-end, efficient, causal and generic framework that can process different types of radar data and perform various detection tasks (key point detection, semantic segmentation). Our methods outperform competing methods on both CARRADA and ROD2021 datasets. Notably, our models help distinguish pedestrians and cyclists better and learn the target variations better than 3D approaches."
94e48e396836947e,254963365,Title,macro,macro,0.9969924180628839,True,A deep learning content-based image retrieval approach using cloud computing
af1bfb599500a164,254967787,Abstract,macro,macro,0.9904572076506976,True,"Current computer vision tasks based on deep learning require a huge amount of data with annotations for model training or testing, especially in some dense estimation tasks, such as optical flow segmentation and depth estimation. In practice, manual labeling for dense estimation tasks is very difficult or even impossible, and the scenes of the dataset are often restricted to a small range, which dramatically limits the development of the community. To overcome this deficiency, we propose a synthetic dataset generation method to obtain the expandable dataset without burdensome manual workforce. By this method, we construct a dataset called MineNavi containing video footages from first-perspective-view of the aircraft matched with accurate ground truth for depth estimation in aircraft navigation application. We also provide quantitative experiments to prove that pre-training via our MineNavi dataset can improve the performance of depth estimation model and speed up the convergence of the model on real scene data. Since the synthetic dataset has a similar effect to the real-world dataset in the training process of deep model, we finally conduct the experiments on MineNavi with unsupervised monocular depth estimation (UMDE) deep learning models to demonstrate the impact of various factors in our dataset such as lighting conditions and motion mode, aiming to explore what makes this kind of models training better."
9c3553f856980875,254974003,Title,macro,meso,0.773412860862315,False,Lightweight Monocular Depth Estimation
188a21a52e35a14a,254974231,INTRODUCTION,macro,meso,0.8276973879997264,False,"As part of the ongoing research in computer vision, human pose estimation is the process of extracting and constructing transformations and locations of human joints from images or videos. In recent decades, many traditional industries are utilizing this technique to benefit customers, including video surveillance, medication, education, robotics and so on [1]. Therefore, it has become a popular computer-vision-based research area and many previous studies have presented different solutions."
7b8b90140e5ffcba,254974269,Abstract,macro,macro,0.9998479754973317,True,"Crowd counting plays an important role in risk perception and early warning, traffic control and scene statistical analysis. The challenges of crowd counting in highly dense and complex scenes lie in the mutual occlusion of the human body parts, the large variation of the body scales and the complexity of imaging conditions. Deep learning based head detection is a promising method for crowd counting. However the highly concerned object detection networks cannot be well applied to this field for two main reasons. First, most of the existing head detection datasets are only annotated with the center points instead of bounding boxes which is mandatory for the canonical detectors. Second, the sample imbalance has not been overcome yet in highly dense and complex scenes because the existing loss functions calculate the positive loss at a single key point or in the entire target area with the same weight. To address these problems, We propose a novel loss function, called Mask Focal Loss, to unify the loss functions based on heatmap ground truth (GT) and binary feature map GT. Mask Focal Loss redefines the weight of the loss contributions according to the situ value of the heatmap with a Gaussian kernel. For better evaluation and comparison, a new synthetic dataset GTA\_Head is made public, including 35 sequences, 5096 images and 1732043 head labels with bounding boxes. Experimental results show the overwhelming performance and demonstrate that our proposed Mask Focal Loss is applicable to all of the canonical detectors and to various datasets with different GT. This provides a strong basis for surpassing the crowd counting methods based on density estimation."
56a29a4bca81ebe2,254974301,Introduction,macro,macro,0.8996306171142454,True,"Egocentric 3D human pose estimation with head-or body-mounted cameras is extensively researched recently because it allows capturing the person moving around in a large space, while the traditional pose estimation methods can only record in a fixed volume. With this advantage, the egocentric pose estimation methods show great potential in various applications, including the xR technologies and mo-Image EgoPW Ours bile interaction applications."
12ee013ccd25954e,254974459,Abstract,macro,micro,0.8824062458568301,False,"Transformer-based models have been widely demonstrated to be successful in computer vision tasks by modelling long-range dependencies and capturing global representations. However, they are often dominated by features of large patterns leading to the loss of local details (e.g., boundaries and small objects), which are critical in medical image segmentation. To alleviate this problem, we propose a Dual-Aggregation Transformer Network called DuAT, which is characterized by two innovative designs, namely, the Global-to-Local Spatial Aggregation (GLSA) and Selective Boundary Aggregation (SBA) modules. The GLSA has the ability to aggregate and represent both global and local spatial features, which are beneficial for locating large and small objects, respectively. The SBA module is used to aggregate the boundary characteristic from low-level features and semantic information from high-level features for better preserving boundary details and locating the re-calibration objects. Extensive experiments in six benchmark datasets demonstrate that our proposed model outperforms state-of-the-art methods in the segmentation of skin lesion images, and polyps in colonoscopy images. In addition, our approach is more robust than existing methods in various challenging situations such as small object segmentation and ambiguous object boundaries."
7aaff003609c15c6,254974483,Title,macro,macro,0.878354246470794,True,Monocular 3D Object Detection using Multi-Stage Approaches with Attention and Slicing aided hyper inference
c3ccc546cd845989,254974512,Title,macro,meso,0.5231332248867863,False,Depth Estimation maps of lidar and stereo images
79334cb35c3201e1,254974529,INTRODUCTION,macro,macro,0.8759912565569595,True,"S URGICAL scene understanding ability acquired with the help of deep neural networks (DNNs) is essential for developing ambient clinical intelligence. It allows for intraoperative assistance and postoperative analysis and ensures effective treatment. Despite the high performance of deep neural networks (DNNs), poor generalization, less robustness, and miscalibration issues have limited their use in safety-critical applications such as robotic surgery, medical diagnosis, and autonomous driving. The model performance often degrades with the distribution shift arising from images such as domain shift, population shift, and acquisition shift [1]- [3]. There are also studies to present the miscalibration of the DNNs where model prediction is overconfident and less trustworthy [4], [5]. These lead to an emphasis on designing a more robust and generalized model to provide safe and reliable predictions in sensitive applications."
6134ad416a8b378a,255050147,Title,macro,micro,0.7515295342996081,False,Computer Vision Algorithms of DigitSeis for Building a Vectorised Dataset of Historical Seismograms from the Archive of Royal Observatory of Belgium
116fb4ad38ee1d3b,255054082,Title,macro,micro,0.9997403699432514,False,Studying electronic blood pressure monitor digital recognition algorithm based on computer vision and design
3d843867a06c9d10,255055220,INTRODUCTION,macro,meso,0.9955434669828083,False,"omputer vision is a branch of artificial intelligence (AI) that permits computers and systems to extract useful information from digital photos, videos, and other visual inputs and to execute actions or formulate predictions based on that information [1][2][3][4]. AI makes it possible for computers to think, while computer vision makes it C possible for them to see, hear, and comprehend. Humans have an advantage over computers when it comes to how eyesight works. The benefit of human sight is that it has had a lifetime to learn how to distinguish between things, determine their distance from the viewer, whether they are moving, and whether something is off about an image [5][6][7]. Computer Vision algorithms are implemented in manufacturing industries for improving both mechanical and microstructure properties of the fabricated components. For the structural investigation of the total pore space, Singh et al. [8] used a contour detection computer vision technique. Because fractures are typically thought of as planar structures, they performed a slice-by-slice study on 3D segmented pictures of cracked sandstones and carbonates. In order to distinguish between granular pores and fractures, the contours of pores (both granular pores and fractures) and their composition and structure are taken into consideration. The exploratory research revealed that, for the both sandstones and carbonates, two principal components are the ideal number needed for segregation. A deep learning strategy based on convolutional neural networks (CNNs), known as the third iteration of the You Only Look Once principle (YOLOv3)., was proposed by Zhou et al. [9] in their study. There aren't many photos of the shattered bolts that can be used in practice, which presents a problem for the detector training using YOLOv3. The brightness transformation, Gaussian blur, flipping, perspective transformation, and scaling are five data augmentation techniques that are developed to overcome this issue and provide better labeled images. Six YOLOv3 neural networks are developed using six various augmented training sets, and each network's performance is then assessed on the same testing set to determine the effectiveness of various augmentation techniques. By analyzing inline measured process data, Hartl et al. [10] used CNN to find voids inside friction stir welds. The goal was to test whether interior weld faults could also be identified using CNNs rather than only surface defects. Ultrasonic testing was used to create 120 welds for this purpose, and that data was used to determine if it was ""good"" or ""defective."" Different artificial neural network models were examined for their ability to anticipate where the welds would fall within the designated classes. The method used to label the data was found to be important for the level of precision that could be attained. These artificial intelligence based algorithms can be further used various machining process to determine the mechanical and microstructure properties of the fabricated components [11][12][13]. It has been demonstrated that detecting the energy release during fatigue tests of common engineering materials provides pertinent information on fatigue qualities, cutting down on testing time and material usage. A static tensile test allows for the evaluation of two separate phases: When all crystals are elastically strained in the first phase (Phase I), the temperature trend is linear and follows the thermoelastic rule. However, when certain crystals start to deform in the second phase (Phase II), the temperature trend becomes non-linear. The ""limit stress"" that, if repeatedly applied, would cause material failure could be related to the macroscopic transition stress between Phase I and Phase II. A universal methodology was developed by Milone et al. [15] that uses neural networks to evaluate the variation in temperature trend in order to estimate the limit stress. Buccino et al. [ 16] innovative use of convolutional neural networks was integrated with the depiction of the micro-crack propagation mechanism. For the first time, a substantial collection of human synchrotron data from osteoporotic and healthy femoral heads that were tested using micro-compression served as the foundation for the artificial intelligence technology that was used. In the present work, U-Net convolutional neural network is implemented on Jupyter platform by using Python programming for fracture surface image segmentation in Oil Hardening Non-Shrinking (OHNS) die steel after the machining process. The results showed that the fracture cracks can be validated by testing with higher accuracy."
c72c15469a5a52f2,255081891,Introduction,macro,macro,0.990449470296048,True,"Te adaptive threshold-based technique, an alternative to a fxed threshold, can lessen these dependencies by considering the tumour to [3] background ratio (TBR) and tumour size. Because the parameters for the adaptive methods need to be calibrated for each PETcamera system, it is difcult to employ the same methodology on diferent PET systems to get comparable results (e.g., scanner geometry, image acquisition protocol, and reconstruction methodology). Reports indicate that the performance of adaptive techniques underperforms for smaller volumes with lower TBR and SNR. Based on an improved direct region identifcation method, to [4] address MRgFUS post-treatment segmentation challenges for fbroid segmentation in MR images. In the recommended incremental process, an adaptive region-expanding procedure uses the split-and-merge method outcomes as various seed-region selections. Te recommended technique isolates many fbroids with diferent pixel intensities, even within the same MR image. Utilizing area-and distance-based measures, the strategy was evaluated and compared to other studies of a similar kind in the literature."
83f2138a957e5474,255096225,Abstract,macro,macro,0.9999998066689356,True,"Recently, unsupervised domain adaptation in satellite pose estimation has gained increasing attention, aiming at alleviating the annotation cost for training deep models. To this end, we propose a self-training framework based on the domain-agnostic geometrical constraints. Specifically, we train a neural network to predict the 2D keypoints of a satellite and then use PnP to estimate the pose. The poses of target samples are regarded as latent variables to formulate the task as a minimization problem. Furthermore, we leverage fine-grained segmentation to tackle the information loss issue caused by abstracting the satellite as sparse keypoints. Finally, we iteratively solve the minimization problem in two steps: pseudo-label generation and network training. Experimental results show that our method adapts well to the target domain. Moreover, our method won the 1st place on the sunlamp task of the second international Satellite Pose Estimation Competition."
6b674805b5ac0090,255096244,Title,macro,meso,0.9398311603693089,False,Shakes on a Plane: Unsupervised Depth Estimation from Unstabilized Photography
85e54df50056c671,255096379,Abstract,macro,macro,0.8510517617220924,True,"Open vocabulary object detection has been greatly advanced by the recent development of vision-language pretrained model, which helps recognize novel objects with only semantic categories. The prior works mainly focus on knowledge transferring to the object proposal classification and employ class-agnostic box and mask prediction. In this work, we propose CondHead, a principled dynamic network design to better generalize the box regression and mask segmentation for open vocabulary setting. The core idea is to conditionally parameterize the network heads on semantic embedding and thus the model is guided with class-specific knowledge to better detect novel categories. Specifically, CondHead is composed of two streams of network heads, the dynamically aggregated head and the dynamically generated head. The former is instantiated with a set of static heads that are conditionally aggregated, these heads are optimized as experts and are expected to learn sophisticated prediction. The latter is instantiated with dynamically generated parameters and encodes general class-specific information. With such a conditional design, the detection model is bridged by the semantic embedding to offer strongly generalizable class-wise box and mask prediction. Our method brings significant improvement to the state-of-the-art open vocabulary object detection methods with very minor overhead, e.g., it surpasses a RegionClip model by 3.0 detection AP on novel categories, with only 1.1% more computation."
8fa5d5a23f515c44,255096479,INTRODUCTION,macro,micro,0.5283051383898129,False,"S ALIENT object detection (SOD) aims to locate the most visually interesting and attractive objects/regions in an image [1], which is inspired by the human visual attention mechanism and has a wide range of applications in many fields, such as scene classification [2], image captioning [3], quality assessment [4], feature extraction [5], [6], image retrieval [7], video segmentation [8] [9], image cropping [10] [11], object recognition [12] and tracking [13]. According to the different inputs, SOD models can be further divided into RGB SOD [14]- [26], RGB-D/RGB-T SOD [27]- [34], cosalient object detection (CoSOD) [35]- [42], video SOD [43]- [53], remote sensing SOD [54]- [57], etc. Recently, with the development of hardware and VR applications, the input of the SOD task is no longer limited to traditional 2D images, and the SOD in 360 • omnidirectional images has gradually emerged. The biggest difference between traditional 2D images and 360 • omnidirectional images is the field of view (FOV). The 360 • omnidirectional image can capture information from all directions, and its FOV covers the entire sphere, with a 360 • FOV in both horizontal and vertical directions. Such images are becoming increasingly popular in the fields like virtual reality and robotics. Salient object detection in 360°o mnidirectional image can be worked as a preprocessing step for many other tasks related to omnidirectional images, such as omnidirectional image coding [58], editing [59], stitching [60], quality assessment [61], and navigation [62]. For example, since the resolution scale of 360 • omnidirectional images is usually much larger than that of traditional 2D images, their transmission and storage costs are relatively high. With the help of salient object detection results, the effective bitrate allocation can be better achieved, thereby improving the efficiency of transmission and storage processes. In addition, with the popularity of 360 • omnidirectional images in entertainment and photography, salient object detection in 360 • omnidirectional images has also found more daily application scenarios, such as photo clustering for albums, VR live background replacement, etc. However, as shown in Fig. 1, due to the severe distortion, shape deformation, large and complex scene of the 360 • omnidirectional image, it is difficult to obtain satisfactory results by directly transplanting the 2D SOD model to the 360 • omnidirectional image (e.g., Fig. 1(d)). Therefore, a dedicated network needs to be designed to solve the SOD task in 360 • omnidirectional image. Specifically, SOD in 360 • omnidirectional image faces the following two main challenges."
46bacc4b1ebe8664,255096562,INTRODUCTION,macro,macro,0.9999968192464259,True,"Deep neural networks (DNNs) have become the ""go-to"" models in various computer vision tasks, such as image classification, object detection, semantic segmentation. However, recent work found that DNNs are often overconfident when they make mistakes Guo et al. (2017), misleading downstream applications. To calibrate DNNs' confidence in prediction, researchers have developed a rich line of works on image classification using regularized training Ma & Blaschko (2021), and Bayesian modeling Lakshminarayanan et al. (2017); Kendall & Gal (2017); ; , to name a few."
bf41480d1b930eb6,255121584,Introduction,macro,meso,0.9999963637996908,False,"Nowadays, accessing a digital device and clicking thousands of images is effortless. Some of these clicked images are very useful, and one wants to keep them safe for memory purposes. Later on, when someone wants to access the same images, it becomes challenging to look through thousands of images and search for some particular images. In the previous era, a text-based technique was used to examine the images from a set of a thousand images. Text-based image retrieval (TBIR) is a method of retrieving a particular image (query image) from an image dataset, and it is based on the metadata (file name) attached to the image (Li et al. 2011). TBIR is a very time-consuming technique because this user must go through all the images to search for specific images. For efficient retrieval of the image from an image dataset, another technique was proposed in 1994 and named Content-based image retrieval (CBIR). In CBIR, a query image is searched based on the main contents (texture, color, and shape) of the image (Gudivada and Raghavan 1995)."
13284480735d52ea,255124926,INTRODUCTION,macro,macro,0.9998003463840585,True,"Deep object detection models have demonstrated the ability to find and classify objects of interest -an essential asset to the interest of national security [2]. Due to the breadth of the United States coastline, ships and other watercraft are among the highest-priority objects of interest. Automating the task through the application of object detection networks allows for efficient, yet accurate detection at comparable-to-human accuracy."
36a65e9c88e571b2,255125273,INTRODUCTION,macro,macro,0.9975736406035374,True,"The recent developments of AI, specifically in neural networkbased computer vision techniques, have enabled the possibility of automatic intelligent diagnostic tools based on medical images to perform human-level performance [1]. Such techniques require a large amount of data. However, such systems are mostly used to diagnose frequently occurring diseases, which limits its effectiveness. Commonly medical imaging datasets will contain a significantly lower number of samples of rare diseases compared to samples of common ones. This class imbalance causes the neural network models to become biased and perform poorly on the minority classes, barring * equal contribution 1 code will be available upon acceptance their use as assistive technologies to a human specialist [2]. This study aims to address this class imbalance challenge. The literature to address the class imbalance issue can broadly be categorized as data-centric and algorithmic strategies. Oversampling and undersampling are two popular data-centric approaches. Oversampling attempts to generate artificial data points for minority classes, whereas undersampling aims to eliminate samples from the majority classes. However, various studies, including [3,4], show that these approaches cannot always be feasible. Algorithmic-level strategies, particularly in the deep learning area, mainly focus on developing loss functions to counter the class imbalance problem, instead of manipulating the data. These include techniques to set class-wise coefficient weights to the loss function so that misclassification of minority class samples penalized more heavily compared to majority classes [5]. Another approach is to adaptively set a unique weight for each training sample such that hard samples get higher weights [6]. In this paper, we propose a novel loss function called Large Margin aware Focal(LMF) Loss to mitigate the class imbalance problem in medical imaging. This loss function dynamically takes into consideration hard samples as well as class distribution simultaneously. Experiments have been conducted over three popular datasets containing class imbalance. These are the Ocular Disease Intelligent Recognition(ODIR) [7], the Human Against Machine(HAM) [8] , and the International Skin Imaging Collaboration(ISIC)-2019 datasets. On all three datasets, the proposed method achieves significant improvement in the macro-f1 score compared to baselines. The key contribution of this paper is as follows: • We propose a novel hybrid loss function is proposed to mitigate the class imbalance problem. • We have conducted extensive experiments on three popular medical imaging datasets and achieved significant performance improvements. Our loss function achieved 2-10% performance improvements on all the datasets. • In a particular instance on the HAM dataset, the proposed method achieves an f1-score of 80% with less than 90 training samples, which is an improvement of 9% compared to other methods."
6d6e602241b78e7c,255125454,Abstract,macro,micro,0.9146411107647098,False,"Current mainstream object detection methods for large aerial images usually divide large images into patches and then exhaustively detect the objects of interest on all patches, no matter whether there exist objects or not. This paradigm, although effective, is inefficient because the detectors have to go through all patches, severely hindering the inference speed. This paper presents an Objectness Activation Network (OAN) to help detectors focus on fewer patches but achieve more efficient inference and more accurate results, enabling a simple and effective solution to object detection in large images. In brief, OAN is a light fully-convolutional network for judging whether each patch contains objects or not, which can be easily integrated into many object detectors and jointly trained with them end-to-end. We extensively evaluate our OAN with five advanced detectors. Using OAN, all five detectors acquire more than 30.0% speed-up on three large-scale aerial image datasets, meanwhile with consistent accuracy improvements. On extremely large Gaofen-2 images (29200$\times$27620 pixels), our OAN improves the detection speed by 70.5%. Moreover, we extend our OAN to driving-scene object detection and 4K video object detection, boosting the detection speed by 112.1% and 75.0%, respectively, without sacrificing the accuracy. Code is available at https://github.com/Ranchosky/OAN."
798327f629139418,255125459,CONCLUSION,macro,micro,0.9792178116537168,False,"The rapid growth and synthesis of both UAS and object detection technologies will continue to make the study of UAS-borne ML model performance of vital importance. Motivated by this development, this research applied a framework to collect data using ground and airborne systems to build and measure the performance of twelve distinct models using three different image types. This approach is the first of its kind in that all three image types were collected, extracted, processed, and labeled in the exact same manner in an attempt to limit external variables from convoluting the results. This approach also did not stop testing the ML models at the testing phase of the YOLOv7 testing batch, but rather continued to apply the ML models to new video to observe performance over various scenes and altitudes. The results from this research provide a quantitative bedrock to help springboard future research into LWIR-related object detection from both ground and air systems."
86ebb792c0c13ac4,255125488,Conclusion,macro,macro,0.999997004005836,True,"In this paper, we have proposed a pipeline to estimate the 6-DoF pose of a target from a single image. Starting from an initial pose guess, we rendered multiple images by perturbing the guess, and thereby learned the local gradient of the image formation model in a derivative-free approach. By computing only the 2D feature differences, we obtained a least-squares estimate for the 6-DoF pose using differential corrections to the initial pose guess. To show the validity of the proposed algorithm, we presented two proximity operation experiments."
bec58e2aa3093804,255125489,Introduction,macro,macro,0.9999678990841161,True,"For spatial interaction with objects, one needs an understanding of the translation and rotation of targets within 3D space. Inferring these 6D object pose parameters from a single RGB image is a core task for 3D computer vision. This visually retrieved information has a wide range of applications in AR/VR [13,33], autonomous driving [12,30,57], and robotic manipulation [24,51,53]. Noteworthy, accuracy and runtime have both recently made a huge leap forward thanks to deep learning [19,23,31,39,40]. Unfortunately, most of these methods heavily rely on a massive amount of labelled data for supervision to learn precise models with strong generalisation capabilities [16,39,53,59]. However, it is very labor-intensive and time consuming to generate accurate annotations for pose data [15,53]. Meanwhile, this process also easily suffers from labelling errors as precise annotation in 3D is highly challenging [14]. Therefore, most of the benchmarks have only few hundreds images, which does not allow proper learning of large models. In fact, methods training with such low amount of real data tend to strongly overfit to the data domain and fail to generalise to new scenes [18]."
3de4a483f9e5887b,255186046,INTRODUCTION,macro,meso,0.9835382170952366,False,"The main task in semantic segmentation is to divide the aerial scene into de-lineated regions by marking each pixel of an image with a correlated class. This task is essential to spot damaged areas for proper emergency response. As an emergency, semantic segmentation of flooded scene captured by UAV after hurricane might detect a flooded road and recognize flooded buildings from non-flooded building [23]."
52da17d08100cd0b,255186162,Introduction,macro,macro,0.9913661693315483,True,"The recent introduction of large-scale data of image-text pairs [3,19,38] has brought remarkable advances in computer vision, e.g., CLIP [34] for multi-modal representation learning and DALL·E [36] for the text-to-image generation task. This is mainly thanks to the scalability of the data collection process as well as the rich knowledge described in * These authors contributed equally. To deliberately make noise data, we replace captions up to the specified ratio with ones from randomly selected images in the dataset. Models learned without consideration of noises suffer from performance degradation, even with a data filtering scheme. 1 In contrast, our model is more robust to noises and provides more accurate captions, indicating the necessity for noise-aware learning."
a217cfc97189b6c0,255186222,Introduction,macro,macro,0.9299617877799197,True,"Referring image segmentation (RIS) [11,18] is a fundamental vision language understanding task that aims to segment the region referred by a natural language expression from the input image. In contrast to traditional semantic and * Equal Contribution. † Corresponding authors. instance segmentation [4,5,16,52], which requires for segmenting each visual region belonging to a set of predefined categories, referring image segmentation is not constrained to specific categories and needs to segment a specific region described by unconstrained linguistic expressions. This task has a wide range of potential application scenarios, such as language-based human-robot interaction [55] and image editing [3]."
2b250ed7f10d2ecf,255186405,Title,macro,macro,0.9999999666339292,True,Spacecraft Pose Estimation Based on Unsupervised Domain Adaptation and on a 3D-Guided Loss Combination
8ad7a06c3e4e131a,255186447,Abstract,macro,micro,0.7714524529299301,False,"Transformers have recently gained attention in the computer vision domain due to their ability to model long-range dependencies. However, the self-attention mechanism, which is the core part of the Transformer model, usually suffers from quadratic computational complexity with respect to the number of tokens. Many architectures attempt to reduce model complexity by limiting the self-attention mechanism to local regions or by redesigning the tokenization process. In this paper, we propose DAE-Former, a novel method that seeks to provide an alternative perspective by efficiently designing the self-attention mechanism. More specifically, we reformulate the self-attention mechanism to capture both spatial and channel relations across the whole feature dimension while staying computationally efficient. Furthermore, we redesign the skip connection path by including the cross-attention module to ensure the feature reusability and enhance the localization power. Our method outperforms state-of-the-art methods on multi-organ cardiac and skin lesion segmentation datasets without requiring pre-training weights. The code is publicly available at https://github.com/mindflow-institue/DAEFormer."
14a1b9814033ded3,255186456,Title,macro,macro,0.5523795403428313,True,Representation Separation for Semantic Segmentation with Vision Transformers
d1fffdee7b2a7278,255186577,Introduction,macro,meso,0.9930395585732622,False,"In recent years, to solve the problem of lack of labeled data, researchers have proposed many methods to alleviate the need for labeled data [23,2,8,19,4]. Among these methods, self-supervised learning is one of the most representative methods [4,22,11,1,3]. Self-supervised learning is mainly through pre-training on a large number of unlabeled data, and then mining the supervised features hidden in the unlabeled data. For example, the masked image modeling algorithm [1,10] in the domain of self-supervised learning. The algorithm randomly masks a part of the image in different ways. And then let the algorithm learn on its own how to recover the broken area. This method can make the algorithm learn useful algorithm weights for downstream tasks (classification [15,21], semantic segmentation [14,16], etc.) during the pre-training period, so as to improve the recognition accuracy of the algorithm in downstream tasks."
0d88cf07c21eb856,255186585,Conclusion,macro,micro,0.6575579078619915,False,"In this paper, we propose a novel target inner-geometry learning framework that enables the camera-based detector to inherit the effective foreground geometric semantics from the LiDAR modality. We first introduce an inner-depth supervision with target-adaptive depth reference to help the student learn better local geometric structures. Then, we conduct inner-feature distillation in BEV space for both channel-wise and keypoint-wise, which contributes to highlevel inner-geometry semantics learning from the LiDAR modality. Extensive experiments are implemented to illustrate the significance of TiG-BEV for multi-view BEV 3D object detection. For future works, we will focus on exploring multi-modal learning strategy that can boost both camera and LiDAR modalities for unified real-world perception."
12a816bcd4167efa,255209234,Title,macro,macro,0.9966743628362257,True,Implementation of Human Pose Estimation Using Angle Calculation Logic on The Elder of The Hands as a Fitness Repetition
ce6c3be3bfe1e073,226523849,B. Noise Addition,meso,meso,0.9998940069544529,True,"By adding a Gaussian error to the estimation of the camera position, that affects equally each pixel of the final depth image, we are pushing the application of the algorithm to the limit. Notwithstanding, it is in this case when the effects of σ and ρ become more apparent. These experiments serve also the purpose of establishing the error limits when applying the algorithm to a real robot. Our results raise some points for discussion: 1) the lower σ is, it seems that the more robust the performance is in all cases; ii) increasing ρ tends to stabilize the algorithm results in some cases, depending on the value of σ , and with a limit (as in Fig. 4 where for a value of ρ = 0.99 the algorithm hardly progresses); and iii) the uncertainty when the added noise error is too high generates nonvalid results."
21088c06ebc42020,240879831,PARALLEL GENERATIVE ENSEMBLES OF GAN,meso,macro,0.9969800737798319,False,"Driving scene translation can be formulated as follows: given a source domain image x s with the corresponding ground truth y s drawn from the source set {X S , Y S } and a target domain image x t from the target set X T without labels, the objective is to learn a generative model G for transferring knowledge from the source domain to the target domain so that G can correctly predict labels (e.g., road, building, sign, etc.) at the pixel level in the target domain."
d6a5ec7da5037233,246842082,DISCUSSION,meso,macro,0.9780623545341964,False,"Action recognition from the visual appearance alone is challenging in the CATER dataset. The dataset offers untrimmed videos, which poses an additional challenge as the methods needs to classify an action while disregarding other actions. The study achieve an improvement of 17.57% mAP over the baseline R3D-NL on untrimmed videos by employing the deep-set conditioned latent representation. The latent representation embed the set of objects and attributes like shape, colour and x, y, z coordinates. Though the study does not provide any results supporting the advantages of explicitly using the set of objects, it lays the foundation for it. The SCI3D network under performs in Task 2 (Sec. 4.1.2) because it is constrained by branch focused on localised events and actions. However, , show nonlocal relation block performs the best when supplemented with features supporting longer temporal relation. Yet, besides this, the results show that the single-stream variant of SCI3D, which only relies on set-based representations leads the performance by a significant margin. This further strengthens the potential gains that can be achieved by shifting reasoning from individual entities to sets. The current study can also be translated to real-world scenarios, by modelling hands as discussed by (Girdhar and Ramanan, 2020). It can also be adopted for real-world videos by adopting latent representations trained on natural images from (Rezatofighi et al., 2017)."
b31b4836d79625e4,248645309,H. TUNED HYPER-PARAMETERS,meso,micro,0.999997614774193,False,"For reproducibility, but also to gain further insights into hyper-parameter optimization for small datasets, we show one of the three hyper-parameter combinations found during our searches for the cross-entropy baseline in Table 8. We can observe that small batch sizes seem to be beneficial, despite the use of batch normalization. While the learning rate exhibits a rather small range of values from 0.7 × 10 −3 to 7.4 × 10 −3 across datasets and spans only one order of magnitude, weight decay varies within a range of two orders of magnitude from 4.1 × 10 −4 to 1.8 × 10 −2 ."
8036ed24d2b4b3ba,248836712,Training Setup,meso,micro,0.953216013775518,False,"We trained three models for a performance evaluation: (1) single-task (ST) model: trained only with the segmentation task on Mapillary data set; (2) transfer learning (TL) model: utilizes the transfer learning setup, MTI-Net and deep supervision on segmentation and steering feature segmentation, but is not trained with the steering task; (3) our multi-task model: similar to (2) but is also supervised to predict the steering wheel angle, both with primary output and with deep supervision."
94d175dc3c1816f8,251827430,Volumetric-based methods,meso,micro,0.738837992608337,False,"Alternatively, point clouds can be straightforwardly converted into 3 D regular grid data on which the 3 D convolution can be operated. Wu et al. (2015) represented a geometric 3 D shape by using the binary voxel grids, while Zhou and Tuzel (2018) utilized the volumetric occupancy grids as the data representation to make the 3 D scene point clouds and shapes more distinguishable for object semantic recognition. However, it often requires high memory and computational resources to operate 3 D convolutions on sparely-occupied volumetric grids as the voxel resolution increases. To this end, some research works sought to reduce computational consumption for high-resolution output. For example, octree (Riegler et al. 2017, Tatarchenko et al. 2017, Wang et al. 2017) and k-d tree (Klokov and Lempitsky 2017) constructed efficient partition structures to remedy the resolution issue and improve computational performance as well. But such space partition structures seriously rely on the subdivision of a 3 D bounding volume rather than the local geometric surface to enclose objects, thus easily leading to unfilled or empty volumetric grids with an extra increasement in space cost."
99ba90e1900cc2cb,252186894,Discussion,meso,macro,0.9999967276949223,False,"We developed a deep learning object detection strategy to detect and localize within the genome postadmixture positive selection based on images of chromosomes painted by local genetic ancestry. Our results demonstrate the power gained when including spatial patterns of ancestry beyond single locus summary statistics, and emphasize the need for further development of methods tailored to populations that do not fit the expectations of classical population genetics methods."
1b612305c13ff013,252408502,Results and Discussion,meso,micro,0.989803821667075,False,"Multi-Level Annotations allow better understanding. In this set of experiments, we study the complementarity between the task of detection and classification, specifically instrument detection and atomic action recognition. Such complementarity is inherent to the concept of surgical scene understanding and supports the benefits of having multi-task annotations in PSI-AVA. Table 4 shows that TAPIR effectively exploits the complementary, multi-task, and multilevel information. Without instrument-specific features, TAPIR's head classifies from the high-level temporal representation and loses the spatially localized information. Adding instrument-specific features improves significantly the performance of both instrument detection and atomic action recognition tasks, which entails that the box classification head is capable of leveraging localized and temporal information. Consequently, higher performance in instrument detection, related to more instrument-specific features, reflects in a more accurate recognition by TAPIR (Table 4)."
8c604f1ff93a982e,252769272,Experiment setup,meso,micro,0.9990167389871156,False,"During the experimental period, all models in this paper were achieved based on Pytorch and the experimental planform was supported by Linux 18.04 operating system, which was equipped with Intel Xeon CPU @2.30 GHz and 27GB RAM. The GPU was 16 GB Nvidia Tesla P100-PCIE. The Adam optimizer [40] was used with learning rate 10 , and weight decay 10 . The dynamic learning rate was decayed by 0.5 every 100 epochs. We utilized the Soft Dice loss for model training and kept optimal result upon validation dataset. Quantitative results were obtained in test."
3e8a3271c12d65da,252810518,G. ApolloScape,meso,macro,0.9720954794204835,False,"ApolloScape [115] is an extensive street-level road scene dataset recently released for a variety of self-driving applications including car instance segmentation, 3D map construction self-location, scene parsing, lane segmentation, scene trajectories, and detection-tracking. The dataset contains 143,906 frames of resolution 3384 × 2710 pixels, with good quality ground-truth data, comprising pixel-level semantic segmentation, pose information, and 3D point clouds of captured scene. Compared to the existing publicly available datasets (i.e., KITTI [46] or the Mapillary Vistas [62]), ApolloScape comprises almost 15 times more data with rich labeling in terms of holistic semantic dense point for each scene."
c09477c00404c251,252825642,Analysis of Computation Flow: A 2-D Matrix Perspective,meso,micro,0.9712472528758558,False,"As described in Section 3, the overall computation scheme of FDHT-LSTM can be interpreted as a series of tensor contraction along a binary tree (see Figure 3). Consider tensor contraction (Eq. 1) is essentially a high-dimensional operation; while the underlying arithmetic and memory hardware components can only support 2-D operation, a re-analysis of the computational flow, from 2-D matrix perspective, is very necessary and desired. data, and T is the intermediate result. Notice that here T cannot be multiplied with the next weight matrix directly due to the mismatch of matrix dimension. Therefore, T needs to be first transformed to T 1 to ensure functional validity. As shown in Figure 6, a total of six matrix transformations (from T to T 1 ) is required in the entire computation flow of FDHT-LSTM. After further analysis, we can obtain two important observations: First, these transformations are not simple matrix reshape but essentially permutation that requires complex matrix operations such as row/column merge and concatenation etc.; Second the six transformations can be categorized to three types. To be specific, Type-I (Transformation 1 and 4 ) is to convert T P R AˆpB1ˆB2q to T 1 P R pAˆB1qˆB2 , and the mapping principle for this transformation is as: where m "" a, n "" pb 1´1 qˆB 2`b2 , p "" pa´1qˆB 1`b1 , q "" b 2 , a "" 1, 2, ..., A, b 1 "" 1, 2, ..., B 1 and b 2 "" 1, 2, ..., B 2 . Type-II (Transformation 2 and 5 ) is to convert T P R pA1ˆA2ˆA3qˆpB1ˆB2q to T 1 P R pA1ˆA3ˆB1qˆpA2ˆB2q , and the mapping principle for this transformation is as: where m "" pa 1´1 qˆA 2ˆA3`p a 2´1 qˆA 3`a3 , n "" pb 1´1 qˆB 2`b2 , p "" pa 1´1 qˆA 3ˆB1`p a 3´1 qˆB 1`b1 , q "" pa 2´1 qˆb 2 , a 1 "" 1, 2, ..., A 1 , a 2 "" 1, 2, ..., A 2 , a 3 "" 1, 2, ..., A 3 , b 1 "" 1, 2, ..., B 1 and b 2 "" 1, 2, ..., B 2 . Type-III (Transformation 3 and 6 ) is to convert T P R pA1ˆA2ˆA3qˆB to T 1 P R pA1ˆA3ˆBqˆA2 , and the mapping principle for this transformation is as: where m "" pa 1´1 qˆA 2ˆA3`p a 2´1 qˆA 3`a3 , n "" b, p "" pa´1qˆA 3ˆB`p a 3´1 qˆB`b, q "" a 2 , a 1 "" 1, 2, ..., A 1 , a 2 "" 1, 2, ..., A 2 , a 3 "" 1, 2, ..., A 3 and b "" 1, 2, ..., B."
1e68742869b70b5b,252928762,Knowledge Representation,meso,meso,0.9992860750148267,True,"The second step of the perception process represents environmental information. A knowledge base manages recognized information from different sources and levels of abstraction, times, and places in a centralized and ordered structure. This structure includes understandable information about the scene. The function of the knowledge representation within the human brain has been a controversial topic since the so-called gestalt theory. Modern attempts such as Wagemans and Kimchi [24] or Hommel et al. [62] reveal spatial layouts, organized hierarchically, that represent the human perception memory. A relationshipfocused multilevel hierarchical structure of parts represents environmental information."
156bada73b5fb16a,253099805,A.4 Oracle Analysis,meso,micro,0.9999952851967137,False,"To disentangle the impact of methods on object classification and tracking, we use two oracles: class oracle and track oracle on TAO validation set [13]. Table 5: Oracle analysis. We analyze the performance of two types of oracles: Oracle Class and Oracle Track. The former provides the pure tracking ability of the model, and the latter allows us to analyze pure classification ability."
79736e5e59e9ea25,253099805,Experiments,meso,micro,0.5244200608658985,False,"In this section, we conduct extensive experiments to analyze our methods. We investigate the results mainly in two aspects: image-level prediction and crossframe association, which will be reflected in the BBox AP and Track AP [13], respectively. Considering the task difficulty, we mainly focus on the Track AP of 50, 75 and their average. For the TAO test, we provide Track AP*, a full Track AP average for IoU from 0.5 to 0.95 with a step size of 0.05. We study the impact of unified learning on TAO dataset (Sec. 4.1). We consistently outperformed the current decoupled learning paradigm with healthy margins using various models, and pushed the state-of-the-art performance significantly. Second, to investigate the importance of the major components in our proposals, we provide ablation studies on TAO validation set (Sec. 4.2). Lastly, we evaluate our teacher-student scheme on two representative image-video transfer learning scenarios, LVIS → TAO and COCO → YTVIS 4 (Sec. 4.3). In the following, we provide experiment setups, evaluation protocol and results for each section. More details are in supplementary materials."
2cfd832f8e073548,253121230,Stage II: Model Integration with Knowledge Distillation,meso,meso,0.9999992212789339,True,"The models adapted in Stage I have slightly different performances, and it is generally unknown which one would perform best in the test. To achieve the best performance not inferring with all the models, we introduce the model integration stage that distills the knowledge of {M i } k i=1 and trains a final model M fin . M fin is composed of an integration backbone B fin and all the classifiers (·))} k i=1 ), y T ), the cross-entropy loss for the ensemble prediction using pseudo labels that are generated with {M i } k i=1 trained in Stage I. Then, B fin is trained to mimic {B i } k i=1 with a knowledge distillation loss defined as follows: where KLD(input, target) is the Kullback-Leibler divergence function. Moreover, to maintain the compatibility of are very light networks, the inference speed of M fin is almost the same as that of a single model of"
a8ed745a49685dfd,253145517,Setup for experiments,meso,meso,0.9703624091144296,True,"The system setup is a vital part of computer vision-based operations. The accuracy rate, processing time and validations depend on the system setup. The proposed system has been designed to run on a generalized computerized system. The proposed method is run on a desktop computer with an Intel Core i5-2430M CPU operating at 2.40 GHz ×4 with Windows 8 operating system and the OpenCV library in Python. PyCharm is a cross-platform integrated programming environment that we employed to accomplish our goals."
bda6e5c2bfa21255,253290620,PROPOSED REGRESSION REGULARIZATION TECHNIQUE,meso,micro,0.9317391742976415,False,"Multiple linear regression uses a set of predictor variables and a response variable to fit a model of the form [33], [35]- [37]."
b966ae6006d1fcf6,253357754,A. Train Setting,meso,micro,0.5499327762700871,False,"For the implementation of all models, the FloodNet dataset [72] splits into 1791 pixel-level annotated images for training, 317 pictures for validation, and 235 images for the test. We adopt an AdamW optimizer with a base learning rate of 0.001, a weight decay of 0.0001, and cross-entropy loss as the loss function. We use scaling, random horizontal and vertical flipping, 20% grid situation, random brightness, and Gaussian noise for image augmentation. All models train with 40 epochs. The batch size for all models is 3, except for UMBV3, UEffB0, and UEffB1 for which we use a batch size of 2. We resized the images to 704×1056 during training. We train all models on a single system with NVIDIA GeForce RTX 3090 GPU with an Intel Core i9 processor. In short, apart from the batch sizes of UMBV3, UEffB0, and UEffB1, all train settings are identical, and results are reported with a single system."
6fdb50429516b29a,253704574,D. Performance of Models with Hyperspectral RS Datasets,meso,macro,0.9587986081451424,False,The performances of six models were tested with four hyperspectral RS datasets.
c1f1c1fca3060114,253762912,Image Reconstruction,meso,meso,0.9986766449418372,True,"Similar to [10], the asynchronous stream of events is processed by creating consecutive spatio-temporal voxel grids. The stream of events is partitioned into sequential groups where ε i k contains a timestamp t i k , the pixel coordinate and polarity of the recorded event. Note that a group of events e k spans a time interval of k that may not be constant. As described in more detail in [10], the group of events e k is converted into an event tensor E k . We group events into windows of a fixed amount of events, i.e. a fixed value of N k = N, ∀k ≥ 0 is chosen. Hence, given that events represent changes and motion in the scene, we create a new reconstruction only when a sufficient amount of events has happened. Therefore, no redundant images are produced regardless of the time that has passed. We find that this method provides the best results, in contrast to producing reconstructed frames at a fixed temporal rate, since it allows the frequency of the reconstruction to adapt to the dynamics of the scene. In order to make the event window size agnostic to sensor dimensions, we refer to it by its number of events per pixel n, which is the number of events per window N divided by the sensor size."
e143351fe8c8e422,253842093,Ablation Studies on Method Components,meso,meso,0.9392466792402722,True,"The first ablation study presented in this section is designed to support our second claim that our proposed self-attention modules each contribute to the advancements of the Gaussian Radar Transformer. To assess the influence of the different components of our fully attentive backbone, we evaluate the performance in terms of mIoU and F 1 score on the validation set. To replace our proposed modules, we follow commonly used network designs. We substitute the Gaussian function by the softmax function and keep the rest of the Gaussian transformer layer as it is. For the attentive downsampling, we utilize local max pooling and we exchange attentive upsampling by trilinear interpolation based on an inverse distance weighted average. Tab. II summarizes the influence of different components on the performance in terms of mIoU on the validation set."
a64aa47155adcc38,253954742,B. Oriented Object Detection in Remote Sensing Images,meso,micro,0.9999949679412574,False,"Oriented object detection has attracted plenty of interest, especially in remote sensing images. Oriented object detectors locate and classify objects with oriented bounding boxes, which provide more accurate orientation information of objects. Yang et al. [14] built an oriented object detection method on the generic object detection framework of faster R-CNN. Xu et al. [37] proposed the Gliding Vertex, which learns the four vertex gliding offsets on the regression branch to achieve oriented object detection. Wei et al. [38] proposed a one-stage, anchorfree, and nms-free model (O 2 -DNet) to detect oriented objects by predicting a pair of midlines inside each object. ReDet [39] encodes rotation equivariance and rotation invariance in image features to increase the accuracy of oriented object detection. Ming et al. [40] designed a new label assignment strategy for one-stage oriented object detection based on RetinaNet [21]. It assigns the positive or negative anchors dynamically through a new matching strategy. Zhang et al. [41] proposed aspect ratio-guided label assignment to adjust the IoU threshold, and aspect ratio guided IoU loss is designed to automatically adjust the weights of the angle regression."
165eede33a69573b,254099325,Background & Summary,meso,micro,0.999994372735995,False,"Object detection is becoming faster and more accurate with the development of AI technology. This helps underwater robots archive better performance in accident rescue, facilities maintenance, biological investigation and other underwater applications. Onshore AI algorithms are developing rapidly based on rich and high-quality datasets. In order to transfer AI achievements from land to underwater, appropriate underwater datasets are required. There have been several underwater optical datasets, such as Brackish 1 dataset, Segmentation of Underwater IMagery 2 (SUIM) dataset, Detecting Underwater Objects 3 (DUO) dataset, for the research on object detection, semantic segmentation and other AI applications. Due to the scattering and attenuation of the light in water, underwater optical imaging is a difficult task and often gets low quality images. So acoustic sensors are widely used for perceiving the underwater environment. MFLS is portable for underwater robots while providing dynamic real-time image data in high resolution. It is very applicable for scenarios requiring close and detailed inspection."
12065762aa3422e1,254100391,Data availability,meso,meso,0.9993100078598106,True,"The data that support the findings of this study are available from PhysioNet (https:// physi onet. org/ conte nt/ mimic-cxr-jpg/2. 0.0/) but restrictions apply to the availability of these data, which were used under license for the current study, and so are not publicly available. Data and ranking annotations performed by the radiologists are however available from the authors upon reasonable request (through the following email contact: wilson.j.silva@ inesctec.pt) and with permission of PhysioNet. Figure 9. Box-and-whisker plots regarding the nDCG results for Top-10 retrieved images. CNN is the CNN baseline model, CNN(IG) is the CNN model having as inputs the Deep Taylor saliency maps, and IG is the proposed interpretability-based approach (i.e., it was trained (fine-tuned) with saliency maps, and has as inputs also saliency maps)."
8b427c3264b0b3b6,254125044,3D Object Detection with Point Cloud Sequence,meso,micro,0.9998033648777364,False,"The performance of 3D object detection methods can be improved by exploiting the temporal information in the LiDAR point cloud sequences. To date, several 3D-PCS methods have been proposed Yin et al. 2020;Yuan et al. 2021;Emmerichs, Pinggera, and Ommer 2021;Yang et al. 2021). These methods explored various ways to find the representation of time-varying features obtained from multiple point sets. The method proposed in ) encoded temporal LiDAR features using long short term memory (LSTM) and 3DVID (Yin et al. 2020) realized an improved sequence modeling ability using an attentive spatio-temporal Transformer GRU. TCTR (Yuan et al. 2021) modeled temporal-channel information of multiple frames and decoded spatial-wise information using a transformer architecture. VelocityNet (Emmerichs, Pinggera, and Ommer 2021) aligned temporal feature maps using deformable convolution driven by a motion map obtained from the velocities of objects. 3D-MAN stored the proposals and features obtained from a fast singleframe detector in a memory bank and fused them using a multi-view alignment and aggregation module. The proposed MGTANet differs from the aforementioned methods in that it presents a holistic approach to process the temporal information of the point cloud sequences. Within point sets that exhibit only slight motion on a short-term scale, the proposed method captures the temporal distribution of points through voxel encoding. The proposed approach also considers the novel motion-guided feature alignment approach to actively adapt to dynamic feature changes occuring over longer time scales."
c17372ed377a3475,254125126,SW Design,meso,micro,0.9989515118365712,False,"We propose a design for the software-friendly processes, which can receive data from the PL and execute the process on the CPU when the PL specifies the process. To execute these processes at high speed, they should be implemented in an appropriate language using the same procedures and content as those for normal software development."
f888579938ddaa4b,254125143,Related Work,meso,micro,0.7307524012862698,False,The present study analyzed and compared the existing colorectal cancer biopsy dataset and provided an in-depth exploration of the currently known research findings. The limitations of the presently available colorectal cancer dataset were also pointed out.
37bc0799bca4fa76,254125230,E. Case Study on Failures,meso,micro,0.9114466393288052,False,"Errors of TCL. We investigate the failure cases of TCL via various qualitative examples. First, TCL undergoes difficulty in capturing segment boundaries accurately. For example, in Fig. 8b, the predicted segment of the ""mountain"" class includes part of the sky region, and the ""cell phone"" segment contains the right hand and arm regions. This is a fundamental challenge of unsupervised open-world segmentation; the absence of dense annotation makes precisely capturing a segment boundary extremely difficult. Although the proposed method remarkably improves the segmenta- tion performance compared with previous methods, this case study reveals that there are still many areas to be improved. Furthermore, despite the help of the smooth prior loss, the predictions still tend to be noisy, e.g., ""sea"" or ""hair drier"" in Fig. 8b."
0fc041a0cae8f636,254125463,B. Contributions,meso,micro,0.9346923738039841,False,"The above methods are all examples of how soft labels can be used to improve a model. In this paper, we approach a far simpler task of simply investigating the performance drop-off using 100% soft labels as compared to the complete dataset. Ground truth versus soft label dataset can be seen in [ Figure 1]. In this paper we attempt to answer 3 research questions that pertained to the nuances of soft labels: To answer these questions, we lay out the following experiments [ Figure 2] involving a subset of the xView dataset [14]. We sub-select xView for moving objects (vehicles, planes, and ships) leaving 34,252 images collected from parking lots, marine ports, and airports. Approximately one-third of the pictures were background, meaning they contained no examples but contributed to the training ""null"" set. Our data contains 37,712 instances of ships, 174,779 instances of cars, and 18,052 instances of planes. These counts are randomly split across 3 sets for train 1/train 2/valid sets containing 40/40/20 percent of the data respectively. More dataset information can be found in the appendix."
52323c4f632d1346,254125472,Data Consistency,meso,micro,0.9983951803014569,False,"When an experiment contains a suite of increasing or decreasing sample sizes, a dataset is managed to contain the same images as previously used to ensure experimental consistency. All reported test results are carried out using 100% of the held out test dataset unless otherwise stated in an experiment."
78e98ffbf5f0e130,254125472,Probabilistic Model,meso,macro,0.9775090778203249,False,"The Probabilistic Model we selected is a Gaussian Mixture Model (GMM). This assumes all the data points are generated from a mixture of a finite number of Gaussian distributions. The GMM is created using the Maximum Likelihood Estimation (MLE) for normal mixtures using the Estimation Maximisation (EM) algorithm [21]. A GMM is initialised using K-Means, trained with the following hyper-parameters: 1. The number of mixture components to use."
624973f3c6030970,254125510,Dataset,meso,macro,0.9996728876322392,False,"We provide an new, comprehensive benchmark dataste to evaluate data-driven methods for detecting small insects in real natural environment."
c3c22a51b2778f7d,254125589,PROOF OF THEOREMS,meso,micro,0.999632850982169,False,"Fortunately, we find that the multi-rater confidences w [M ] can be directly represented by P (z [M ] |y * ), i.e., the estimated probability map of multi-rater labels given the optimal calibrated segmentation map. This enable us to directly supervise DivP by the multi-rater labels z [M ] ."
5d9d34140180c7eb,254125696,Zero-Shot Domain Transfer using Relationships,meso,meso,0.9440570918134884,True,In this section we compare the first RELDETECT row in Tab. 1 to fine-tuning baselines in order to understand the benefits of learning with relationships when we have no access to labels from a target domain.
d87b900ddb9b307a,254125707,B. Security Dataset and Implementation Details,meso,meso,0.9983105438894029,True,"We collected a total of 247 security images, in which the types of concealed objects included the metal wrench, alcohol bottle, metal knife, and metal pistol. 186 PMMW security images formed the training set and the remaining 77 formed the test set. The training of the Transformer network requires a large amount of data, but the scanning imaging regime is too time-consuming to form a large-scale dataset. To compensate for the lack of data set, we added 379 simulated images to the original training set. The simulation image is implemented based on the ray tracing method [3], [39]. To sum, the above original dataset has a total of 715 images, of which 638 images form the training set and 77 images form the test set. After a series of data augmentation operations such as flipping, rotating, Gaussian degradation filtering, and changing the brightness, the training set can be expanded by a factor of seven to 4466 images. All our datasets will be available at https://github.com/Ch3ngguo/opening-source-PMMW-dataset."
e00276fccd37faae,254128235,Edge feature extraction (EFE). The EFE module is shown in,meso,micro,0.9999999999568034,False,"Specifically, as shown in Fig. 4a, we let x ∈ R 32×3×224×224 denote the set of input tokens. Firstly, reshape x to R 32×768×14×14 , and then compress H and W dimensions to one dimension, that is, R 32×768×196 . Finally, transpose the dimension to x 1 ∈ R 32×196×768 . As in Eq. (8): where Re represents reshape operation. flatten represents compress operation, transpose represents transpose operation."
c8aa05bdaf1bcc33,254128686,Data availability,meso,micro,0.9997934789087699,False,"The data that support the findings of this study are available from Ghiseok Kim, but restrictions apply to the availability of these data, which were used under license for the current study, and so are not publicly available. Data are however available from the authors upon reasonable request and with permission of Ghiseok Kim."
bfc0f7e9f64ec5b7,254129812,Description of a New Method for Depth Estimation,meso,macro,0.9961932849124334,False,"Like other previous works, our method, named Motion for Depth (aka M4Depth), is based on a multi-level architecture that relies on cost volumes and that is trainable in an end-to-end fashion. The key novelty is that the network is designed to infer a parallax map, which is converted into a depth map by using motion information. The parallax map has several interesting properties that should make M4Depth more robust in generalization. This is described in the next section."
d9d993cc6fa7895a,254149008,Neural Computing and Applications,meso,meso,0.8383581903988713,True,"There are three primary phases in the HHO algorithm. The following are the processes and their computational complexity (i.e., time complexity) [20]."
f3fec537e86c0bab,254152460,Technical Validation,meso,meso,0.8536809477575139,True,"This section provides a statistical evaluation of the acquired data and an insight into some scientific issues that can be explored by using the HA4M dataset. Data assessment. This paragraph presents a spatio-temporal analysis of the actions. As a first characterization of the data, the variance of action duration is first assessed. Then, a spatial analysis of the 3D position of the wrist joints is also explored to further characterize the data. Notice that the ""don't care"" action is not considered in this evaluation study as it does not contribute to the assembly of the EGT."
3c4e5dc29961151e,254220742,Dataset specification,meso,micro,0.9953192895252883,False,"In this paper, we present two types of datasets. Similarly to prior works of Mayer et al. [10], we provide a classification and a segmentation dataset. For the problem of classification, we provide manually labelled image instances from two urban municipalities in the Greater Copenhagen Region, while also providing an exogenous image dataset gathered from the Danish Building Registry (BBR), including images that span all over Denmark where a PV system is to be registered. The segmentation dataset covers the same instances manually labelled in the classification set. The images were manually labelled using Pigeon [4], while for the segmentation, we relied on AI-assisted annotation software by Toronto Annotation Suite [6]. We refer to Table 1 for additional details and the Appendix for further examples and specifications of our labelling approach. SolarDK comprises images from GeoDanmark [3] with a variable Ground Sample Distance (GSD) between 10 cm and 15 cm, all sampled between March 1st and May 1st during 2021, containing 23,417 hand labelled images for classification and 880 segmentation masks, in addition to a set of about 100,000+ images for classification covering most variations of Danish urban and rural landscapes. We believe our datasets has the right combination of challenge as well as quality to further the development of a better generalizable method for the detection and localization of solar."
b7df470cf42abe37,254220843,Membership Inference Attacks and Backdoor Attacks,meso,meso,0.9991898744301172,True,"To investigate the effects of a malicious adversary with backdoor insertion capabilities on the success of MIA, we followed the same evaluation setting as described in Subsection 5.2. For the evaluation we used the Liver dataset. We assumed a model-dependent setting in which every segmentation model used a U-Net architecture with a ResNet-34 encoder. The threat model allows this adversary to access the victim model data loader, where each training data sample can be poisoned with a certain probability. Whenever an imagemask pair was selected for poisoning, a trigger was applied to the image and the target object was removed from the corresponding mask."
2a6e10406816a552,254220860,News Captioning Model,meso,meso,0.9672354280657761,True,"We conduct our experiment with Transform and Tell (Tran et al., 2020) (Tell for short), which is a state-of-the-art transformer-based captioning model. It encodes the article with a pre-trained RoBERTa model and extracts the representation of an image via a set of visual encoders including ResNet152 (He et al., 2016), YOLOv3 object detector (Redmon and Farhadi, 2018), and MTCNN face detector to represent different visual concepts. Then the extracted multi-modal feature is passed to a transformer decoder to generate the caption. Due to the maximum length limitation of encoded text handled by RoBERTa, the full article is truncated before feeding into the language encoder. Tran et al. (2020) apply two different strategies to truncate the article. For GoodNews, they simply choose the first 500 words. For NYTimes800k, as the image position in the original news article is available, they select the 512 tokens ""surrounding"" the image, which may provide the model with more image-relevant context."
b5cd9d5da8d9a786,254220908,Effectiveness of Geometry-Aware Adaptation,meso,micro,0.9999976817028055,False,"Since our GANDA is a plug-and-play UDA segmentation framework that can be applied to any existed UDA method, we perform the experiments on the multiple UDA methods with and without the Geometry-Aware Adaptation in Table 3, including self-training ProDA ), depth-based CorDA , and self-training HRDA (Hoyer, Dai, and Van Gool 2022b). The gains by adding GANDA are evident in each method in terms of all the metrics, especially the gains on s-mIoU demonstrate the efficacy of differentiating the small object classes."
64519dadc3a016e6,254220943,RELATED WORK A. Object Segmentation,meso,meso,0.9995770710881521,True,"Image segmentation is a pixel-level classification problem that involves dense image prediction. The explosion of convolutional neural networks (CNN) makes the image segmentation mission transform from patch classification [33], fully convolutional networks (FCN) [34], encoder-decoder framework [35] to dilated/atrous framework [36]. Subsequently, new semantic segmentation-based infrared small object detection networks, including ACM [30], ALCNet [31], DNIM [32], have begun arriving. This network's detection performance has improved tremendously compared to model-based and DLbased detection methods. However, these methods mostly rely on classification backbone networks with a typical downsampling scheme. Even novel down-sampling schemes updated by some researchers [37], [38], the local and global contrast information of the infrared small object has still been ignored. Different from the above works, we design a multi-scale depth supervision structure to resolve the conflict between feature resolution and network depth, resulting in improved global and local context representation, as well as improved final detection performance."
8da9fa307cfc3f72,254220951,Motivation,meso,meso,0.7135387363450717,True,"In the practical applications of autonomous driving, the detection targets vary in shape and size, causing severe bias in visual-based learning. For example, barrier is located at a low height while the truck is located at a high height. However, existing methods like BEVDepth [17] sum up the frustum features that fall into the same flattened BEV grid. Therefore, they fail to exploit the benefit of different heights for BEV perception. In this section, we intend to demonstrate the motivation for slicing the BEV space based on different heights. We first visualize the heights of annotated 3D bounding boxes according to their object classes. As shown in Fig. 1, different object classes actually have different height distributions. This is consistent with our frequency Height Figure 3. The statistics of LiDAR points along the height dimension. We use this LiDAR histogram to guide the sampling of local slices, which emphasize the informative heights."
0576dd45652dd388,254221010,A.1. Core MIL Head,meso,micro,0.9999440395908554,False,"As shown in Fig. 6, the core multiple instance detection network conducts the image-level multiple instance classification supervised by image-level labels Y (w) t . In the core multiple instance detection network, the object proposal feature vectors V t of image X t are branched into two parallel classification and detection streams to generate two matrices x (cls) and x (det) ∈ R C×Mt by two FC layers, where C is number of classes in T . Then, x (cls) passes through a softmax layer along the category direction (column-wise), while x (det) passes through another softmax layer along the proposal direction (row-wise), leading to σ(x (cls) ) and σ(x (det) ), respectively. The instance-level classification score for the object proposals is computed as the element-wise product x (0) = σ(x (cls) ) ⊙ σ(x (det) ). Finally, the image-level classification score for class c is ob- c,i . We train the core instance classifier using a multi-class cross-entropy loss L mlc . By using the instance-level classification scores x (0) , we select proposals as detected objects. However, the core MIL head focuses on most discriminative object instances."
ce4a1e99b4461687,254221046,Real-time Semantic Segmentation,meso,micro,0.9958155102890187,False,"Real-time semantic segmentation networks have attracted much attention because of the growing demand for practical applications. These models can be divided into 3 categories according to the adopted backbones [16]. (i) lightweight classification model-based method. The DFANet [10] utilizes a modified Xception [5] model as the backbone and aggregates features in a cascaded manner. The SFNet [11] adopts the ResNet [8], ShuffleNet V2 [15] and DF [12] series as the backbone in the encoder and proposes a FAM to learn semantic flow in the decoder. The BiSeNetV1 [24] uses Xception39 [5] as the backbone of the context path and designs a feature fusion module (FFM) to merge features. (ii) multibranch architecturebased method. The ICNet [26] takes cascaded images into multiresolution branches and utilizes a cascade feature fusion unit to quickly carry out high-quality segmentation. BiSeNetV2 [23] uses two branches to obtain semantic and detail information; then, it fuses both types of feature representations through a guided aggregation layer. (iii) specialized backbone-based method. The ENet [17] employs a special initial block and several bottleneck blocks to make up the backbone. The first two blocks heavily reduce the input size to avoid expensive computation. The DABNet [9] utilizes a novel depth-wise asymmetric bottleneck (DAB) module to construct the backbone, which is able to create a sufficient receptive field and densely utilize the contextual information."
c2f792907443c621,254221058,Focused and Iterative Search,meso,micro,0.9971183861780537,False,"The object detection method and modified NW algorithm introduced in the previous sections may not produce exact planogram alignment result in one iteration. In other words, some of the objects may not be detected or falsely detected in the planogram in one iteration. This is the case most of the times for the planogram compliance control problem since we have only one training image per object. Therefore, we propose a focused and iterative search method to improve the results."
579b4ae4370eba8b,254222270,Planar homography estimation,meso,meso,0.9999988766788608,True,Homography is a special case of projective geometry. It enables the mapping of points in spaces with different dimensionality. A point x observed in a view (such as an image) can be mapped into its corresponding point x in another perspective or coordinate system (such as a ground plane) (Fig. 2).
3176a295d218c3a6,254246616,Analysis,meso,micro,0.943736505425951,False,"In order to analyze the effectiveness of the proposed method in this paper, the detection results in the KITTI evaluation set are visualized in Fig. 4. The prediction box of the proposed method, the prediction box of the baseline method, and the truth box are plotted in both the RGB image and the LiDAR signal. The green bounding box, yellow bounding box, and red bounding box in Fig. 4 represent the truth value box, the prediction box of the baseline method, and the prediction box of the method in this paper, respectively. The LiDAR signal is for visualization only, and the target category is labeled in the LiDAR."
893018249dd39abb,254246653,Overview,meso,micro,0.9999997696749858,False,"As depicted in Fig 2, given an image I ∈ R W ×H×3 , we partition it into p×p resolution patches. These patches are fed into hierarchical transformer encoder to provide multilevel characteristics. We pass multi-level features into the decoder block in order to obtain segmentation probabilities P with resolution M × C, where M is the patch number and C is the number of categories. On the one hand, we build multi-level patch attention maps with transformer layers in encoder blocks during the training phase. In addition, segmentation probabilities are interpolated into resolutions corresponding to the width of patch attention maps. Patch attention maps are then multiplied by interpolated segmentation probabilities, yielding propagated segmentation probabilities Y. For labeled regions of interest, we perform standard cross entropy loss function L seg to supervise segmentation probabilities with ground truth labels. For unlabeled regions, we introduce an affinity loss function L af f to match segmentation probabilities to propagated segmentation probabilities. During testing, segmentation probabilities are immediately assigned to the class with the maximum probability at each pixel, resulting in the final segmentation map. The overall loss function is defined as follows:"
52697550547069a8,254246666,A.2. Kinetics-LT,meso,micro,0.990140428617732,False,"For the long-tailed case, we construct the Kinetics-LT dataset, which is a long-tailed version of Kinetics400 by sampling a subset following the Pareto distribution [61] similar to ImageNet-LT [49], with 930~5 videos per class from the 400 classes of Kinetics400 dataset. Videos are randomly selected based on the distribution values of each class, and the 400 classes are randomly split into 109 many-shot classes, 209 medium-shot classes, and 82 few-shot classes. We randomly select 20 training videos per class from the original training set as the validation set. The original validation set of Kinetics400 is used as the testing set in this paper. The dataset specifications are shown in Figure 4."
0319fc5642d8bad2,254246718,A.2. Incremental Learning,meso,micro,0.999999824977174,False,"In Sec. 5.3, we reported PROB's incremental learning capabilities. For completeness, we add the per-class AP of the incremental learning experiments reported in Tab. 3 in Tab. 5. As discussed in Sec. 4.2, OWOD methods rely on exemplar replay for mitigating catastrophic forgetting. First introduced by Prabhu et al. [22], exemplar replay adds an additional fine-tuning stage on a balanced set of exemplars after every training step and was shown to be extremely effective. Nonetheless, PROB's active selection of high/low objectness scoring exemplars further improved both unknown and known object detection performance, as shown in our ablations (see Tab. 2). Interestingly, the known object performance seems to grow over time (with a delta of 0.5, 0.7, and 0.9 in Tasks 2, 3, and 4, respectively), further motivating the utility of PROB's active exemplar selection."
5106c04a1ea3a812,254246835,EXPERIMENTS,meso,meso,0.9959275047522466,True,"In this section, we first introduce the benchmark datasets and evaluation metrics used in our experiments. Next, we describe the implementation details. Then, we conduct ablation study to analyze the effect of parameter λ and each constraint term in our proposed human keypoints constraint model. Finally, we compare some lightweight state-of-the-art human pose estimation methods with their extensions which are plugged our huamn keypoints constraint model in them."
14f3149839d69acd,254246885,CoupAlign Decoder,meso,micro,0.998805975575154,False,"Mask Generator. To provide object mask constraints for the word-pixel alignment, we first design a mask generator that produces N segment proposals based on the output feature of the CoupAlign encoder. The generator is built upon a 6-layer transformer decoder. It takes S o ∈ R Ho×Wo×Co and N learnable queries Q ∈ R N ×dq as input, where d q is the hidden dimensionality of the transformer decoder, and outputs the hidden feature Q o ∈ R N ×dq of the N segment tokens, as: Segmentation Head (SegHead). To upsample the pixel-level features for generating final segmentation maps, we construct a segmentation head that takes the CoupAlign encoder output feature S o and the multi-level visual features {V i } 4 i=1 as input, and obtains output features as: where ρ is a two-layer convolution network where each layer performs a 3×3 convolution followed by ReLU and batch normalization, Up denotes 2× bilinear upsampling, γ is a 1×1 convolution that maps the vision features to R ds . We take Y 1 ∈ R H 4 × W 4 ×ds as the output of SegHead. Sentence-Mask Alignment (SMA). After generating mask proposals and obtaining upsampled pixel-level embeddings, the sentence-mask alignment assigns each mask a score according to the language query and then project the weighted masks back to the pixel-level feature maps to introduce object mask constraint for word-pixel alignment. At first, We project Q o and Y 1 toQ o ∈ R N ×D andŶ 1 ∈ R H 4 × W 4 ×D via learnable weights W Q ∈ R dq×D and W Y ∈ R ds×D . We use the mask embeddingsQ o and the sentence representation L g generated from the language encoder to compute attention weight Q w ∈ R 1×N . Higher weight in Q w indicate that the corresponding mask is most likely to contain the object referred by the language. Then,Q o andŶ 1 are multiplied to get N mask , which is further upsampled to the input image size. This procedure is represented as: where sim(·) is cosine similarity and ⊗ denotes the broadcast tensor multiplication."
02f7abb673071e2f,254246922,B. Intermittent Measurements Handler (IMH),meso,micro,0.9999760778446772,False,"To handle the propagation of the intermittent observations to the Kalman filter, we introduce H k = ∆ kC , denoting the measurement matrix that enables the observations of the system dynamics through the sensors j = {1, 2, 3} at time instance k. Matrix ∆ k ∈ R p×p is a block diagonal matrix consisting of three submatrices/blocks that determine whether observations from sensor j, are available at time instance k, where block ∆ j,k indicates that sensor j collects measurements at time instance k. That is, if measurements are available, then δ j k = 1; otherwise, δ j k = 0. Hence, the arrival of observation from sensor j at time k can be expressed as ∆ j,k = I 3×3 , if measurement avail., δ j k = 1, 0 3×3 , if measurement not avail., δ j k = 0. (12)"
2e4eaae818b32446,254246951,Datasets and Evaluation Metrics,meso,micro,0.9997461827241628,False,"We evaluate our method on 3D object detection datasets, ScanNet [3] and SUN RGB-D [26]. ScanNet is an RGB-D video dataset containing 1, 513 scans with object bounding boxes derived from point-level segmentation labels. SUN RGB-D is captured by 4 different sensors and contains 10, 335 RGB-D images with 64, 595 3D bounding boxes including orientations."
893ac4dd2df27db8,254247020,YolOOD Objectness Score,meso,micro,0.9999877793516163,False,"As explained in Section 3, in the original YOLO model, only a single cell grid is responsible for the detection of an object. However, in the image classification task, we are not limited to the case of a specific cell predicting the object's bounding box. Therefore, we propose enlarging the ""responsibility"" areas, such that multiple grid cells which contain any part of an object are responsible for detecting it, allowing the model to capture broader representations of objects."
431cd9496f703333,254247022,COCO-style Caption,meso,macro,0.9999999966384916,False,A herd of horses walking across a river A herd of horses walking across a river next to a forest A herd of horses running through a body of water with trees in the background A herd of beautiful horses running through a river A herd of wild horses walking across a dirty river A herd of horses walking across a river
8c6c1ab2a112e85d,254247065,A. Self-consistent Framework,meso,micro,0.9932989595439777,False,"Our self-consistent framework is composed of a global integral branch (GIB) and a boundary-aware branch (BAB) as shown in Fig. 2. Specifically, the goal of BAB is to help predict accurate boundaries by driving the saliency detector to focus on boundary part. Its input is the synthetic image generated by inserting the synthetic concave region into the original image. GIB primarily aims to identify integral salient objects with the supervision of LSC loss, saliency structure consistency (SSC) loss [15], and partial cross entropy loss to prevent the overfitting of the saliency model trained with synthetic images that gives excessive attention to edge details but disregards the integrity of salient objects. The self-consistent framework . GIB trained on original images aims to identify integral salient objects, while BAB trained on synthetic images aims to help predict accurate boundaries. LSC loss L lsc is applied with saliency structure consistency (SSC) loss Lssc and partial cross entropy loss Lpce to optimize the global integral branch. Local saliency coherence loss L lsc and partial cross entropy loss Lpce are applied to optimize the boundary-aware branch. Self-consistent loss is employed to associate them. balances these two branches by self-supervised learning to achieve their complementary advantages, i.e., maintaining the model's ability to identify salient objects while predicting precise object boundaries. The saliency detectors of the two branches are shared-weight siamese networks. Here, we adopt the network of [15] as our saliency detector, which uses GCPANet [34] with ResNet-50 [35] backbone pretrained on ImageNet [36]. Besides, the self-consistent framework can amplify the advantages of synthetic images to help BAB capture more detailed boundary information. Concretely, as shown in boundary information generation (red dotted box) of Fig. 2, the edges of saliency prediction S GIB may be unclear, but salient objects can be detected. Thus, the prediction S RGIB that removes simulated concave region can provide the foreground supervision for BAB via the self-consistent loss. Meanwhile, the simulated concave region of the synthetic label originally provide hard pixel-wise background supervision. On the basis of the removed prediction and the synthetic label, more pixelwise detailed boundary information can be created, driving the network to pay more attention on boundaries. It is worth noting that even if GIB fails to predict the correct salient object, the simulated concave regions and the foreground scribble regions in the synthetic label are partially adjacent, which still provides partial pixel-wise boundary information."
5f6e6172294a6815,254247088,With CAD Models,meso,micro,0.9736978737668495,False,"Having the CAD model of objects is a big advantage for pose estimation as the object's geometry is responsible for the pose rather than the appearance. In order to get the benefit of the CAD models, RGB-based methods use them in the training stage to render training samples. They can also be used in training and testing as an input to model along with the image. It's hard to apply the second group to the real-world data, as the CAD models of all instances are not available."
9f4171e151e1af92,254247088,Pointcloud Registration,meso,macro,0.9674701130440484,False,"Pointcloud registration algorithms similar to Iterative closest point (ICP) has been used for a long time to estimate the pose of 3D shapes [6]. The 6D pose can be calculated using ICP from CAD models and the object depth. However, these algorithms usually fail when only a part of pointcloud is visible, or the rotation difference is significant. The Deep Closest Point [85] instead of using the points value, learned representations for pointcloud registration. This method can address significant rotation in comparison to other pointcloud registration models [90,94,3]. Some other groups of papers also use ICP after pose classification step as a refinement stage [33]."
638ad57d14756eda,254247090,Cross-Day Fruitlet Association,meso,micro,0.6551614575235682,False,"We evaluate the performance of our cross-day fruitlet association network. The precision, recall, and matching scores are computed against the partial assignment matching threshold and reported in Fig. 15. Matching score is the average ratio of correct associations over the total number of fruitlets belonging to the target cluster. Our network achieves strong performance, with a matching score of 95.1% at a matching threshold up to 0.8. Qualitative examples can be seen in Fig. 19."
01f16a7146cfc555,254248547,Reviewer #3 (Remarks to the Author),meso,meso,0.9967260171572461,True,"The authors present a method that belongs to the category of self-supervised techniques (more precisely self-distillation techniques) capable of localizing particles or small simpleshape objects in bioimage analysis without the necessity of creating labels for training. The idea of bringing this type of techniques (that are currently rather intensively researched in the general computer vision community) to bioimage analysis (where supervised techniques still dominate) is surely useful and logical. However, there are a number of serious issues that need to be addressed to make the paper acceptable for publishing."
1e57d6c32cc669b6,254274920,Test generation loop,meso,micro,0.8970216768759702,False,"In the test generation loop, users explore a candidate topic t. At each iteration of the loop, users get test suggestions and provide feedback by labeling tests, changing the topic name, or both. This feedback adaptively refines the definition of t, such that the next round of suggestions is more likely to contain failures (Figure 1 left)."
a97c8a512e07b0ea,254274989,Experiments,meso,meso,0.9740514859202039,True,"Datasets. We evaluate our methods on six widely-used datasets, including one image classification dataset and five semantic segmentation benchmark datasets. ImageNet-1K [11] is a well-known dataset for image classification containing 1,000 categories. We pretrain IPT encoder on this dataset as done in most segmentation methods. ADE20K [41] and COCO-Stuff [1] are both challenging datasets. The former, with 150 semantic classes, consists of 20,210/2,000/3,352 images in the training, validation and test sets, respectively. The latter covers 172 semantic concepts, made up of 164k images. Cityscapes [10] is an urban scenes dataset and contains 5,000 high-resolution images with 19 classes. There are 2,975/500/1,525 images for training, validation and testing, separately. Pascal VOC [13] has 20 foreground classes and a background class, where it has 10, 582/1, 449/1, 456 images for the three set split in this dataset. Pascal Context [23] contains 59 foreground classes and a background class, whose training set and validation set contain 4,996 and 5,104 images, respectively. Metrics. As usual, we adopt Top-1 accuracy and mean In-tersection over Union (mIoU) as the evaluation metrics for classification and segmentation, respectively. Implementation details. We use timm [31] and mmsegmentation [9] libraries to implement our methods for classification and segmentation tasks, respectively. The encoder module of our IncepFormer architecture is pretrained on ImageNet-1K dataset. All models are trained using 8 RTX 3090 GPUs."
9d8dd866127519a8,254275003,Problem Definition,meso,micro,0.9999967189745622,False,"Let K t = {1, 2, . . . , C} denote the set of current known classes at time t. Furthermore, let U t = {C + 1, . . . } denote a set of unknown classes which may be encountered during inference at time t. Let D t = {x t , y t } denote a dataset for the current known classes at time t, which contains images x t and corresponding ground truths y t . Following the definition of open world object detection setting, at time t, an object detector M t is trained to: 1) identify objects belonging to the current known classes K t ; 2) detect objects of the unknown classes U t as objects; 3) recognize the previously encountered known classes. Subsequently, a set of n new classes from the unknown classes U t and their training dataset with corresponding annotations D t+1 = {x t+1 , y t+1 } are given at time t + 1. The known classes and unknown classes are updated as K t+1 = {1, 2, . . . , C, C + 1, . . . , C + n} and U t+1 = {C + n + 1, . . . }, respectively. Additionally, the object detector M t must be updated to M t+1 without retraining from scratch on the whole dataset."
60eae3bbbdd8d3e8,254275009,Libraries for Evaluation,meso,meso,0.8037613443032434,True,"We used the following libraries for evaluation with all the hyperparameters set to the default values. CIDEr, SPICE, CLIPS, and RefCLIPS https://gi thub.com/jmhessel/pycocoevalcap BERTS+ https://github.com/ck0123/improv ed-bertscore-for-image-captioning-eval Transformer RL: a group of birds standing in the water +wFT: a large group of flamingos stand in shallow water NLI: a group of pink umbrellas are standing in the water Human: a flock of pink flamingos standing in shallow water"
86237a22a5d804c3,254275034,APmodel−APsource only,meso,meso,0.7905310375659734,True,"APoracle−APsource only × 100% to show how much the performance gap is closed. Implementation Details. All the methods are implemented based on an advanced 3D detector, CenterPoint (Yin, Zhou, and Krahenbuhl 2021). The learning schedule follows the popular codebase OpenPCDet (Team et al. 2020), where the training epochs are set to 20 for both stages. For both Inter-domain Point-CutMix and Intra-Domain Point-MixUp, there is a probability to decide whether to utilize the corresponding technique. We conduct grid-search experiments and set them as 0.5. The labeled target samples are downsampled in a frame-level. For example, 1% labeled target data means that only 1% of the total samples are available and the GT-database for GT-sampling augmentation is also determined accordingly. The detection range is set to [-54.0, 54.0]m for X and Y axes, and [-5.0, 4.8]m for Z axis. We set the voxel size to [0.075, 0.075, 0.2]. As there is a difference in the range of intensity between Waymo and nuScenes, we normalize it to 0 ∼ 1 for both datasets. For augmentation techniques, we adopt widely used random world flip, random world rotation and random world scaling for both learning stages."
afd7a4d14e67978a,254275139,Details of the OCL,meso,meso,0.919969455163662,True,"where τ is the temperature parameter. 1(·) equals to 1 if the condition is true, otherwise zero."
94b3afbe1d90fb68,254275196,Focal Loss: This loss function is used for,meso,meso,0.9739362310150882,True,"imbalance data and focuses on hard data: Where α and γ are hyper-parameters and, as a default, they are equal to 0.25 and 2.0, respectively."
572d94afa8f12248,254275302,Global Spatial Modeling with Transformers,meso,macro,0.7236530814600907,False,"Due to the sparse and discrete attributes of asynchronous events, it is difficult to extract effective global spatial information from the local space using CNN-based models. To overcome this challenge, we design a pure transformerbased encoder-decoder and a STF module to model global spatial information from asynchronous events."
2523e768ec95ed10,254275345,Architecture of Network,meso,micro,0.980591179148935,False,"In this section, we will introduce the network architecture proposed in this paper in detail, and will introduce the network composition as a whole and give a detailed introduction to the different modules."
5577206276e2c3b7,254275438,Problem Formulation,meso,micro,0.999983044624083,False,"Notation of Diffusion Model. Suppose we have an input image with K interested objects, which will be described by a textual sentence S in N s words. Let V = {v i } K i=1 denote the set of objects detected by Faster R-CNN [2,34], where v i ∈ R Dv represents the D v -dimensional feature of each object. Here we basically formulate the procedure of caption generation with diffusion model [6,15]. Considering that the words in the textual sentence are discrete data, we follow Bit Diffusion [6] and convert each word into n = log 2 W binary bits (i.e., {0, 1} n ), where W is the vocabulary size. In this way, the textual sentence S is transformed into real numbers x 0 ∈ R n×Ns to trigger diffusion model. In particular, the diffusion model consists of two processes, i.e., the forward and reverse process."
07b9f02a3bcd3dcc,254275451,D. Dealing with Partial Labeled Data,meso,meso,0.6605929339264996,True,"In order to fully utilize the weakly supervised data, i.e., partially labeled images, we devise an effective training strategy. For the fully labeled datasets, we follow the default training scheme of the ReDet model to update the detector. For the partially labeled datasets, since the labeling of the images is incomplete, we cannot directly employ the vanilla training scheme, because it will treat the unlabeled region as background. To tackle this problem, we propose a partial training loss to effectively mine the latent knowledge in the unsupervised image regions that have not been queried."
a97b81a94f5c8f99,254275534,Datasets and Evaluation Metrics,meso,meso,0.9811928441405842,True,"Human3.6M [10] is currently the largest indoor dataset for 3D human pose estimation. There exist 11 professional actors performing 15 activities such as Sitting, Discussing, Greeting. Videos were recorded from 4 synchronized cameras in 50Hz, and accurate 2D and 3D joint annotations and camera parameters are provided. Following the previous policy [5,23,30,44], the model is trained on 5 subjects (S1, S5, S6, S7, S8) and tested on 2 subjects (S9, S11). For evaluation metric, we report the two most commonly used protocols for Human3.6M dataset. As protocol 1, MPJPE (Mean Per Joint Position Error) is computed as the mean Euclidean distance between the estimated and ground-truth 3D joints in millimeters. Protocol 2 is P-MPJPE (Procrustes MPJPE), which is computed the same as MPJPE after rigidly aligning the estimated 3D joints to the groundtruth."
ef9cd742aa7d3d0a,254275536,Discussion,meso,micro,0.999998370484621,False,Quantitative results: From the results in Table 3 and Table 4 we see that our method based on implicit modeling of the background performs better than most methods using explicit background modeling and without additional data.The results for ADE20k show that we perform on par with the state-of-the-art on the two simpler scenarios and clearly surpass the results by SDR [23] and MiB [3] when using multiple increments.
5dc4bd9ba1801f51,254295534,Conflict of interest,meso,micro,0.9555596315584465,False,"Author CW was employed by Chongqing Telecom System Integration Co., Ltd., Chongqing, China."
404c306d05ca1fbe,254295828,Performance analysis,meso,micro,0.9970025692683591,False,"The performance of the rule-based model and the LR, SVM, and RF models was evaluated using the testing sets for accuracy, sensitivity, and specificity. The confusion matrixes were used to visualize the agreement between the prediction and the actual label. The indices used in this study were calculated as follows: where TP represents the number of abnormal gestures correctly predicted as abnormal, FP represents the number of normal gestures wrongly predicted as abnormal, FN represents the number of abnormal gestures wrongly predicted as normal, TN represents the number of normal gestures correctly predicted as normal."
7baf12491f859c10,254323071,What This Paper Adds,meso,micro,0.9996652052752957,False,"• Evaluate state-of-the-art new object detection models with a two-stage approach, highlighting the best average precision. These models unified the detection and segmentation task."
915ecc5dabfc65f5,254336968,Feet,meso,micro,0.958722454545625,False,"Ank The statistical test results shown in Table 2 were the p-values of one-way repeated measures ANOVA tests for each joint angle. In the ANOVA test, our null hypothesis was that there was no variation in the mean value of the angle calculation RMSE in different experiments. Therefore, when the p-value was lower than 0.05, we rejected the null hypothesis whereby the effect of face blurring on corresponding joint angle calculations was considered statistically significant. From the results, no statistically significant variation was found on all joint angle calculations except one. The elbow flexion was affected with statistical significance (p-value = 0.040) by the different experiment setups."
6f34394e10994c51,254366267,Projection to Latent Concept Regions,meso,micro,0.9999094703678426,False,"The process of mapping image features into latent regions is illustrated in Figure 2. Given input feature map from a CNN backbone (e.g., ResNet101) X ∈ R W ×H×C , where W , H and C are width, height and number of channels respectively, we first add positional embeddings P E pos (X) and P E pos (Y ). This is done by computing sines and cosines of different frequencies for xand yindex of each feature cell [46], where P E pos (x) ∈ R C . The result is positionally aware local feature tensor is: where X ∈ R W ×H×2C . We obtain the latent concept regions by computing dot product similarity of each feature cell of X with learned concept embeddings b k ∈ R 2C ; k ∈ [1, K], where K is the total number of concepts. This results in K soft masks of resolution W × H, collectively forming P = [P 1 , P 2 , ..., P K ] ∈ R W ×H×K . In practice,"
752bcd6e1d783dac,254366299,A. Latent-space Separation,meso,meso,0.9984767744042962,True,"A formal definition of content and style remains elusive, for this purpose, we adopt the method of [15], [16], and assume that the content vector representing the semantic layout (i.e. scene structure) can be extracted using the higher layer of an encoder network. To preserve semantic consistency while minimizing noise, the proposed I2IT method separates the last layer feature maps constructed by the encoder, which represents the content of the source (I s ) and target images (I t ) into two halves, and then synthesizes a new target-style image (I s→t ) by combining the first half of the source domain sample with the second half of the target domain sample."
293b6c836faa290f,254366494,Design 2: Non-mutually Exclusive Loss (NEL),meso,micro,0.9996819678477329,False,"The general practice of semantic segmentation models treats it as a per-pixel multi-way classification problem, and Softmax operation is used to calculate the posterior probability, followed by using mutually Exclusive Loss (EL) like Cross Entropy as the loss function. However, Softmax essentially assumes a mutually exclusive relationship between the to-be-classified classes: a pixel has to belong to one of the classes of interest. Thus only the relative strength of logits, i.e., the ratio of logits, matters for posterior probability calculation. However, when applying the model to unseen classes, the class space will be different from the training scenario, making the logit of an unseen class poorly calibrated with the other unseen classes."
796e43c3f2817a55,254366529,2D Cube Representation,meso,micro,0.9997682185781348,False,"We firstly present the definition of our proposed 2D head representation. Generally, we can treat the human head H as a rigid object, and roughly label or wrap it with a 3D cuboid B 3 ∈ R 3×8 . The corresponding 2D projection cuboid is B 2 . Usually, the standard way to recover B 3 from B 2 is the PnP algorithm [20] with essential additional 3D information. However, if we restrict (1) B 3 to a regular hexahedron that ignores head variations in size (e.g., length, width and height) and (2) B 2 to the orthogonal projection, then B 2 is a 2D cube whose original twelve edges are equal and the three diagonal sets of sides are parallel. We prove that such a 2D cube B 2 can be used to derive the pose (e.g., Euler angles) of B 3 in a closed form. As shown in Figure 3, we define two conversions between Euler angles yaw-pitch-roll (abbr. y-p-r) of B 3 and the 2D cube (eight vertices) B 2 : I. Conversion euler2cube: Assuming that we know the Euler angles of B 3 , then its corresponding B 2 can be calculated by the well-known orthogonal projection as in Eqn. 1."
28a5a27ae5d72a76,254408497,Data acquisition and preprocessing,meso,meso,0.7965803391385283,True,"In the study area, Pocillopora coral is an absolute dominant coral species and mainly affected by climate change, which is used as an example to conduct coral semantic segmentation and change monitoring analysis. Furthermore, the orthophoto is used by experts to annotate as training data and ground truth for coral image segmentation. Every pixel in the orthophoto is assigned to one of the following three categories: (1) live Pocillopora, (2) dead Pocillopora, and (3) background (other corals, sea rods, algae, stones, sand, etc.). The establishment of GCPs on the coral seabed in the study area is crucial to improving the accuracy of photogrammetry, and is also conducive to the monitoring of changes in the three-dimensional spatial structure of corals at different times. In our study area, there are five GCPs, each of which corresponds to a unique pattern that can be automatically recognized and measured by program. GCPs not only define a unique datum over all measurement periods but also are supporting the procedure of self-calibration in bundle adjustment."
2b021ea82a31350e,254408510,Network Overview,meso,meso,0.682728467117951,True,We use the self-supervision framework [23] for our fewshot semantic segmentation task. Our method includes three components: 1) A feature encoder to extract feature representation from input medical image; 2) A generic support-query attention encoder to encode both support and query features supported by cycle-Resemblance mechanism; 3) A similarity-based classifier for segmentation conditioned on support prototype and decoded query feature.
fbb6ede5b55a39b2,254408526,LIMITATIONS AND FUTURE WORK,meso,micro,0.9673393061734143,False,"The metric network is the essential component of the STvM. It directly impacts the performance since both the gradient scaling factor and the patch quality to be used in the MOCM are calculated using the metric distance. Even though we use highly reliable predictions of the teacher network, overconfident false predictions may harm the performance of the metric network. Therefore, better supervision would be beneficial. Recently, self-supervised training techniques have shown promising results. Note that metric learning does not need class labels, but it needs discriminative labels. Therefore, we believe that training the metric network with self-supervised training techniques would help the overall performance."
4b97b3cae774e7ae,254408528,Scoring images by accumulating bounding box scores,meso,micro,0.9994430660897853,False,"Since several objects can be detected for one image, the values x of the individual detections must be accumulated to result in a score s for the whole image instead of a single bounding box. Please note that in the following, x(k, i) denotes an arbitrary active learning score (margin, variance, entropy, or random) of a bounding box B(k, i). In our work, we use one of the following accumulation functions: Mean accumulation A straightforward way to accumulate bounding box active learning scores is to calculate the mean of all the scores for an image I k : Therefore, all bounding boxes affect the resulting score, also the ones that were detected with high confidence. This might be disadvantageous in the following scenario: let's assume that one of the existing object categories of the task is rather easy to detect with multiple instances in nearly every image, e.g. , a face category. A detector that has very well learned to detect faces but confuses and misses all other categories, would still lead to a low active learning score for nearly all unlabeled images, despite the fact that they contain relevant instances of other object categories that should be annotated."
1ac05ac98b86b053,254408639,Ablation studies of ViTPose and analysis,meso,meso,0.9988485110278915,True,"The structural simplicity and scalability. We train ViTPose with the classic decoder and simple decoder as described in Section 3.1, respectively. We also train SimpleBaseline [4] with the ResNet [63] backbones using the two kinds of decoders for reference. Table 2 shows the results. It can be observed that using the simple decoder in SimpleBaseline can lead to about 18 AP drops for both ResNet-50 and ResNet-101. However, ViTPose with a plain vision transformer as the backbone and the simple decoder performs well, i.e., only marginal performance drops less than 0.3 AP are observed for either small or large ViTPose models. For the AP 50 and AR 50 metrics, ViTPose obtains similar scores regarding both decoders, showing that the plain vision transformer has a strong representation ability to encode the linearly separable features and can thus relieve the necessity of complex decoders. It can also be concluded from the table that the performance of ViTPose improves consistently with the increase of the model size, demonstrating the excellent scalability of ViTPose."
d0e4367fba59f374,254408854,Ablation Study,meso,micro,0.6568393759494201,False,"To further understand the impact of data augmentation and training strategies, we perform ablation studies to analyze the contributions of different components. We use Segformer-MiT-B5 architecture as the base model for ablation. All experiments are evaluated on the validation datasets of the six benchmarks. Data augmentation. We evaluate the contributions of three data augmentation strategies by removing them one by one. To understand the comprehensive performance of the data augmentation strategies, we further add the harmonic mean mIoU (h.mean) computed by six datasets."
2dc152a2575c0a47,254408962,Overall Architecture,meso,meso,0.8305729872370207,True,"Fig. 2 presents our UNETR++ architecture, comprising a hierarchical encoder-decoder structure. We base our UN-ETR++ framework on the recently introduced UNETR [13] with skip connections between the encoders and decoders, Figure 2. Overview of our UNETR++ approach with hierarchical encoder-decoder structure. The 3D patches are fed to the encoder, whose outputs are then connected to the decoder via skip connections followed by convolutional blocks to produce the final segmentation mask. The focus of our design is the introduction of an efficient paired-attention (EPA) block (Sec. 3.2). Each EPA block performs two tasks using parallel attention modules with shared keys-queries and different value layers to efficiently learn enriched spatial-channel feature representations. As illustrated in the EPA block diagram (on the right), the first (top) attention module aggregates the spatial features by a weighted sum of the projected features in a linear manner to compute the spatial attention maps, while the second (bottom) attention module emphasizes the dependencies in the channels and computes the channel attention maps. Finally, the outputs of the two attention modules are fused and passed to convolutional blocks to enhance the feature representation, leading to better segmentation masks. followed by convolutional blocks (ConvBlocks) to generate the prediction masks. Instead of using a fixed feature resolution throughout the encoders, our UNETR++ employs a hierarchical design where the resolution of the features is gradually decreased by a factor of two in each stage. Within our UNETR++ framework, the encoder has four stages, where the first stage consists of patch embedding to divide volumetric input into 3D patches, followed by our novel efficient paired-attention (EPA) block. In the patch embedding, we divide each 3D input (volume) x ∈ R H×W ×D into non-overlapping patches x u ∈ R N ×(P1,P2,P3) , where (P 1 , P 2 , P 3 ) is the resolution of each patch and N = ( H P1 × W P2 × D P3 ) denotes the length of the sequence. Then, the patches are projected into C channel dimensions, producing feature maps of size H P1 × W P2 × D P3 × C. We use the same patch resolution (4, 4, 2), as in [34]. For each of the remaining encoder stages, we employ downsampling layers using non-overlapping convolution to decrease the resolution by a factor of two, followed by the EPA block."
3122ee61b6947ea2,254408972,Related Work,meso,meso,0.9999997838699067,True,"We briefly review the existing literature on joint optics design based on three aspects: optics simulation, optimization, and integration with the downstream task. Tab. 1 compares our work to other approaches that focus on compound optics. Optics Simulation Many optics simulation models consist primarily in convolving the point spread function (PSF) of the optics design over the target image. This approach is used in several works, in particular with DOEs [3,20,27,31] that have a single surface where the PSFs can be approximated using paraxial Fourier-based models."
854f40887753cb9f,254408980,A.2.1 Training parameters,meso,meso,0.9099907005187776,True,"For the training of 3DLabelProp, a lovasz loss was combined with a cross entropy loss. A cosine annealer scheduler is used alongside. The optimizer is the stochastic gradient descent with a momentum of 0.98 and a weight decay of 0.0001."
8d2d30e215301003,254429128,Coordinate Systems,meso,micro,0.9985393613207245,False,"Due to the variety of sensors used in 3D detection, there are different coordinate systems. Therefore, different 3D datasets follow different data formats. Although there are a variety of datasets and sensors, coordinate systems in 3D object detection can be categorized into three [49]."
b182befb7c0be208,254429992,Piecewise Mapping,meso,micro,0.9292669925702126,False,"In the SSA, the sparrows' initial positions are random, and clustered sparrows are terrible for a global search. Therefore, it is recommended to introduce a chaotic map in the population initialization process to increase the randomness and uniformity of the initial position. Varol et al. [38] compared ten chaotic maps, such as the circle, logistic, piecewise, singer, and tent mapping. Piecewise mapping is the most accurate and stable among them, and it can quickly disturb the population without increasing the optimization time. It can be used to perturb the sparrows' initial positions. Piecewise mapping can be described by Equation (10): where P ∈ (0, 1) is the control parameter and P = 0.5. Its value affects the randomness and uniformity of the sequence. Figure 2 is the chaotic sequence of P = 0.4, 0.6, 0.8 when x(1) = 0.1. It can be seen that the Piecewise mapping has the strong randomness. The closer the is to 1, the more non-uniform the sequence. The chaotic sequence is most uniform when = 0.4."
a78b2576af073160,254438543,Conflicts of Interest,meso,micro,0.9993725631687429,False,The authors have no relevant financial or non-financial interest to disclose.
57d52258f63432eb,254442602,METHODOLOGY,meso,meso,0.9209509385841704,True,"To accurately retrieve the RS images according to the query text or find the appropriate descriptions through the RS image, we construct a hypergraph-enhanced textual-visual matching network named HyperMatch. As illustrated in Fig. 2, Hyper-Match contains RS image feature extraction, query text feature extraction, multiscale RS image hypergraph network, textual fully connected graph network, and cross-modal matching. In the following, we will introduce the components in detail."
a395af8f510e9e83,254449293,TCGA [78],meso,micro,0.9999950791868782,False,"The TCGA project produced a massive amount of genomic, epigenomic, transcriptomic, and proteomic data. Transcriptomics technologies are methods for studying an organism's transcriptome, the sum of its RNA transcripts. A proteome is a collection of proteins made by an organism. This information has improved our ability to diagnose, treat, and prevent cancer."
ebe6ad523959e236,254478487,Fine-Tuning,meso,micro,0.9999998053041194,False,"Another effective way to alleviate the domain shift is fine-tuning. As pertains to E7 and E8, almost all edge and mask results of the proposed method outperform that of the baseline method. Figure 9 presents examples of learning curves by Tensorboard [30]. This plot shows the change of L 4 loss in proportion to the progress of training. The CAD-based or CG-based edge images are used for training until epoch 3000, and RGB images are used until epoch 4000. According to the graph, right after the start of fine-tuning around epoch 3000, the loss value temporally increases. In contrast, at epoch 4000, the loss value decreases at the same value as before fine-tuning. Moreover, the result of E7 is more accurate than that of E8. Even by fine-tuning, the gap in lighting conditions may affect the performance of the CG-based method. However, it takes much cost to prepare RGB images with ground truth labels for fine-tuning. The number of epochs or RGB-based images required is dependent on the required accuracy. This trade-off should be investigated further. Figure 9. The example of a learning curve with fine-tuning (E7, S7). A vertical axis shows the loss value and a horizontal axis shows the number of epoch."
cd3c5712eede0b27,254485744,Camera Calibration Method,meso,meso,0.9988762805384185,True,"The camera calibration methods used in the fields of PH and CV differ. The technique in the field of PH is more rigorous, and includes a greater number of camera parameters [26]; whereas, the technique in the field of CV emphasises automation, efficiency and versatility [27]. Remondino and Fraser [23] performed a detailed review of the calibration approaches used in the fields of PH and CV. In this paper, only one method was selected for each camera mathematical model, to reduce complexity. A rotatable table with coded targets [28] and Australis photogrammetric software (version 8.0, Photometrix, Melbourne, Australia) [29] were used for PH camera calibration. A checkerboard [24] and the Camera Calibrator app in MATLAB (version R2021b, The MathWorks, Inc., Natick, MA, USA) [30] were used for CV camera calibration. Figure 7 displays the representative camera calibration methods from the fields of PH and CV used in this paper. Although the definition of image frame in Australis photogrammetric software is not the same as the one adopted in the paper. Based on Equations (2) and (3), the related coordinates of image points and principal point have been converted to the image frame as defined in pixel unit. Therefore, the proposed method for transforming ICPs can still be implemented. Table 3 lists the calibration results of the Sony camera. Table 4 lists the calibration results of the GoPro camera. The focal length in the PH calibration method was measured in millimeters, whereas in the CV calibration method, they were measured in units. The units of the lens distortion parameters also differed between the two camera mathematical models. As shown in Tables 3 and 4, the PH and CV models had millimeter-derived units and a generic 'unit', respectively. As mentioned in the previous section, this unit is related to the focal length. In addition, according to Equation (7), and are only coefficients, so there is not unit. Although the definition of image frame in Australis photogrammetric software is not the same as the one adopted in the paper. Based on Equations (2) and (3), the related coordinates of image points and principal point have been converted to the image frame as defined in pixel unit. Therefore, the proposed method for transforming ICPs can still be implemented. Table 3 lists the calibration results of the Sony camera. Table 4 lists the calibration results of the GoPro camera. The focal length in the PH calibration method was measured in millimeters, whereas in the CV calibration method, they were measured in units. The units of the lens distortion parameters also differed between the two camera mathematical models. As shown in Tables 3 and 4, the PH and CV models had millimeter-derived units and a generic 'unit', respectively. As mentioned in the previous section, this unit is related to the focal length. In addition, according to Equation (7), b 1 and b 2 are only coefficients, so there is not unit. Consequently, the two types of ICPs and their standards of precision are not the same. Values of ICPs in the same mathematical camera model can be compared, but the precision of ICPs from different models cannot be compared. Nevertheless, the overall precision in both the PH and CV calibration results was less than 1.5 pixels, according to the calibration reports in our experiments. For the Sony camera, the overall precision achieved when the PH and CV calibration methods were applied was 0.27 and 0.71 pixels, respectively. For the GoPro camera, the overall precision achieved when the PH and CV calibration methods were applied was 0.30 and 1.48 pixels, respectively."
637d543655e726a4,254515560,Lentil Seeds Pattern Classification,meso,micro,0.9999999996707751,False,"According to the scientific literature, the classification for seed pattern includes 5 classes, namely, ""absent"", ""marbled"", ""dotted"", ""spotted"", and ""complex"" [8]. However, this classification is not satisfactory to describe the variation that many lentil genotypes show. To automatically address this problem, a two-step procedure was introduced and is represented in Figure 4. The patches extracted around the circles detected as described in the previous section were the input of the procedure. Each patch was processed independently from the image from which it was extracted. The first step addressed a 3-classes problem by analyzing This way, the seed measures were referred to as the measures of their orthogonal projection on the laying plane. It is worth noting that this was not a limitation because the final goal was to measure the radius of the sphere approximating a seed. The average radius in mm of seeds in each image was finally computed by multiplying the values in pixels with the computed scale factor S. This way, the estimated radius of the lentil species in each input image was the outcome of the considered algorithmic step."
d740f3e9b3b44145,254522774,Methods,meso,meso,0.9999999999976676,True,"Data were obtained from 52 patients who visited the Veterinary Medical Teaching Hospital (VMTH) at Konkuk University from August 5th, 2020 to October 1st, 2021. The study was approved by the Institutional Animal Care and Use Committee of Konkuk University (protocol # KU20123), and all dog owners provided written informed consent. The VMTH at Konkuk University, as a routine procedure, requests the owners of all the animals enrolled in the study to fill out a patient consent form, which includes a notification that patient information obtained during treatment may be used for research purposes. This study was conducted in accordance with all applicable regulations and guidelines, and all animals were treated in compliance with the ARVO Statement for the Use of Animals in Ophthalmic and Vision Research."
e9c72c65b608942e,254522774,Discussion,meso,meso,0.999999999975212,True,"Dry eye disease (DED) is a common ophthalmic condition causing ocular discomfort. It is by definition, ""a multifactorial disease of the ocular surface characterized by a loss of homeostasis of the tear film, and accompanied by ocular symptoms, in which tear film instability and hyperosmolarity, ocular surface inflammation and damage, and neurosensory abnormalities play etiological roles. "" In human medicine, the Tear Film & Ocular Surface Society (TFOS) launched a global consensus called Dry Eye Workshop II (DEWS II) to further increase the understanding of DED 12 . In the veterinary field, however, such consensus has not yet been reached, leading to the need for new and updated diagnostic and treatment paradigms for application. One recent study analyzed and reported the tear film status of veterinary patients using the NIBUT system in normal Beagle dogs 8 ."
bb06098d6853bba2,254523626,RESULTS AND ANALYSIS,meso,meso,0.9991319267186302,True,"The proposed algorithm's result disparity maps are tested using the standard benchmarking dataset known as the Middlebury Benchmark [20]. Furthermore, the analytical experiment was carried out on a personal computer with Windows 10 specifications, a CPU i7 8700 @ 3.2 GHz, an RTX 2070 super, and 16 GB RAM. The Middlebury dataset provides fifteen standard input images that must be uploaded online as a result file that is ready to be compiled in.zip format. The images presented are quite complicated in shape, and each image comprises variety of attributes and properties such as light surrounding of objects depth, disorganisation regions, varying outcomes, and low texture areas. The values of { , , , , } are {13×9, 17, 0.3, 9×9, 13×13}. In this study, performance is tested and assessed using and error properties of pixel percentages. An invalid disparity value on a non-occluded region is called a error. While error is referred to the error caused by erroneous disparity values across all pixels in the image's disparity map."
6f357b51f7892162,254529873,Overall Performance on Three Public Datasets,meso,micro,0.9849891228361461,False,"The proposed SFB and CFB are applied to a U-Net with ResNet-101 network because it achieves better results compared with U-Net with VGG-16 in Section 4.4.2. All other compared deep networks such as ResNet-50, ResNet-101, and FCN-8s are trained to segment tumors in these three datasets. Because of the limited number of samples (the total number of samples for 3 datasets is only 1505), 10-fold validation is utilized: (1) each of the three datasets is divided into 10 groups randomly; (2) pick 9 groups of each dataset as the training set and the rest 1 group as the testing set; and (3) the final evaluation metrics are calculated by the average of 10 experiments. Figure 12 shows the segmentation results using the three two-category datasets [35,59,60]. Figure 12 (a) shows the original images and (b) shows the ground truths. For Figure 12a1 containing a narrow and long tumor, most methods (e1, f1, g1, i1, and j1) fail to segment the tumor; h1 mistakenly segments a wrong tumor region; c1 and d1 segment the tumor region with small JI values of 41.65% and 17.61%, respectively; the proposed method l1 achieves the highest JI value of 55.19%. For Figure 12a2, most methods (e2, f2, g2, h2, i2, j2, and k2) fail to segment the tumor or mistakenly segment a wrong tumor region since their JI values are less than 26%. For three methods (c2, d2, and l2) correctly segment the tumor region, the proposed method (l1) achieves the highest JI value of 88.38%, which significantly outperforms c2 (44.28%) and d2 (35.01%). For Figure 12a3 containing an irregular tumor, the proposed method (l3) achieves the highest TPR, JI, DSC, and the lowest AER values. Specifically, it outperforms the second-best method by 2.78%, 15.41%, 8.55%, and 35.02% for TPR, JI, DSC, and AER, respectively. For Figure 12a4 containing a big tumor, all methods achieve good segmentation results. The proposed method (l3) achieves the highest TPR, JI, and DSC values of 97.57%, 93.17%, and 96.47%, and the lowest FPR and AER value of 4.72% and 7.15%. For Figure 12a5 containing an irregular tumor with unclear contour, the proposed method (l3) achieves the best segmentation results with the highest JI of 84.86%, the highest DSC of 91.81% and the lowest AER of 17.30%. Table 4 summarizes segmentation results of SCFURNet, 9 deep learning methods, and 5 classic machine learning methods in terms of five measures on the dataset [59]. Five non-deep learning methods [10,[61][62][63][64] are also involved in the comparison using this dataset. Results in Table 4 show: (1) deep learning methods obtain improvements compared with traditional BUS image segmentation methods listed in [59]; (2) some famous deep learning architectures such as Deeplab, PSPNet, do not obtain improvements for dataset [59] and the possible reason is the limited number of the samples; and (3) the proposed method achieves the best results since it can solve the small target problems and uncertainties in the boundary areas. Table 5 summarizes segmentation results of SCFURNet and 9 peer deep learning methods on Dataset [35] and Dataset [60]. The proposed method achieves the best results among all evaluation metrics compared with state-of-the-art deep learning methods on three public datasets except the FPR and AER on dataset [35]. The self-attention mechanism in ResNet-101 obtains lower FPR and AER on dataset [35]. Lower FPR and AER indicate that non-local context information provided by the self-attention mechanism can help to reduce errors in segmentation. However, the proposed method achieves the best overall performance by reducing uncertainty in pixels and channels. The proposed method achieves 2.03%, 1.84%, and 2.88% in the Jaccard index on three public BUS datasets compared with that of the original U-shape network with ResNet-101, respectively."
8e3217e7436a769a,254535555,Full-Body Pose Estimation from Head Pose,meso,macro,0.99598822122948,False,Baselines. We compare our conditional diffusion model for full-body pose estimation with two baselines Avatar-Poser [10] and Kinpoly-Head [23]. AvatarPoser [10] takes both head and hand pose as input to predict full body motion. We remove the hand poses from the input and modified it to a setting with head pose input only.
4fc47bbc02c5bb3b,254535609,A.1. Vision Embedder Architecture,meso,micro,0.939686852607674,False,"In Section 6.1, we have discussed that the proposed PACL approach is flexible in the sense that PACL can be applied using pre-trained frozen encoders. Particularly, since CLIP's pre-trained vision encoders have desirable properties (see Semantic Coherence in Section 4), we use these pre-trained encoders from CLIP to train PACL to transfer to the task of zero-shot semantic segmentation. This simplifies the training to just a small vision embedder on top of the vision encoder. In this section and in Figure 9, we present the architecture of the Vision embedder. In particular, we use a single residual block with two linear layers in the main branch and a single linear layer in the residual branch. There is a ReLU non-linearity between the two linear layers in the main branch. The resulting model requires training a mere 1.1M parameters whereas the architecture has a total of 150M parameters for CLIP ViT-B/16. This helps us in scaling up and training on a larger batch size for our experiments as there is no gradient propagation through the frozen image and text encoders."
de5bcfa173026759,254535609,Datasets Model,meso,meso,0.9992079444783817,True,"Vision Encoder Image Classification ImageNet Shifts ImageNet [14] C10 Table 4. Zero-shot Image Classification on 12 different datasets. We compare PACL's performance with vanilla CLIP for both ViT-B/16 and ViT-L/14 encoders. The first 8 datasets are standard image classification datasets: ImageNet, CIFAR-10, CIFAR-100, Stanford Cars, Caltech101, Food101, OxfordIIITPets, and Flowers102. The remaining 4 datasets are standard distribution shifts on ImageNet: ImageNet-A, ImageNet-R, ImageNet-Sketch and ImageNet-V2. PACL + CLIP broadly outperforms vanilla CLIP on most of the classification datasets. Figure 11. Additional qualitative results on zero-shot semantic segmentation on Pascal VOC. The first row shows the original images, the second row shows the corresponding ground-truth labels and the third row shows the predictions from our best performing model, i.e., PACL trained using a pre-trained CLIP ViT-B/16 encoder on GCC-3M + GCC-12M + YFCC-15M."
4311e55bea662ddf,254535618,Comparison with the State-of-the-Arts,meso,meso,0.998841960509836,True,"Many recent state-of-the-art models [2,4,25] use the ensemble method by training four data streams, i.e., joint, bone, joint motion, and bone motion. However, as networks with only the joint (bone) motion stream show inferior performances than networks with joint (bone) stream, learning two streams independently is inefficient. Unlike them, we train joint and joint motion streams on one network, as shown in Fig. 4 (a). We also train bone and bone motion streams on the network. We adopt the ensemble method of models trained with the extension factor r as 1 and 2 without considering the motion stream separately, where r is explained in Sec. 3.3. In other words, we use the models with the joint (r = 1), bone (r = 1), joint (r = 2), and bone (r = 2) streams for our ensemble method."
7d16527dd14363cb,254535650,Few-Shot Action Recognition,meso,macro,0.9400366543707546,False,"Most of the methods for few-shot action recognition mainly fall into the metric-learning framework. More specifically, we divide them into three categories: featurebased, multimodal-based and prototype-based. Feature-based methods. The objective of these methods is to obtain reliable video features or apply an effective alignment strategy. CMN [61], TARN [3], OTAM [4] and ARN [56] make preliminary attempts to obtain reliable video features for classification. ITANet [59] introduces a video representation based on a self-attention mechanism and an implicit temporal alignment. MASTAF [26] uses self-attention and cross-attention mechanisms to obtain reliable spatial-temporal features. MT-FAN [51] designs a motion modulator and a segment attention mechanism, and conducts a temporal fragment alignment. STRM [43] proposes a local patch-level and a global frame-level enrichment module. Similarly, HyRSM [50] proposes a hybrid relation module to enrich video features."
258ec849f2b5a46c,254535666,Comparisons between existing methods and ground truths,meso,macro,0.9999968995962081,False,"Here, our emphasis was on highlighting the difficulty that the human operators faced while working with loosefitting clothes. Thus, we confirmed that obtaining training data from human operators for machine learning is difficult."
2472ef037b3686bb,254535716,Experimental Settings,meso,meso,0.9951096326063219,True,"In this section, we present the performance of our method with experimental settings on the challenging nuScenes benchmark. Ablation studies are conducted for a better understanding of the designed components."
4a58fe1d1169e1e8,254535732,Ablation Studies,meso,macro,0.9999997321059337,False,"In this section, we analyze the effectiveness of clustering instance mix (CINMix) and non-parametric multiprototypes in our model and compare the non-parametric classifier with the parametric classifier."
96c82d06d8b7cbb1,254535933,Ablation,meso,micro,0.9999438708055437,False,"We investigated how influential each component of the data was for our method's prediction. Table 2 showcases the results of this experiment -video from the center perspective was more important for accurately estimating velocity, exhibiting an R value 0.21 higher than either the left or right perspective (the left and right perspectives exhibited similar performances). This contrasts the findings of [9], which found the left and right perspectives were more influential for estimating when a jump was performed incorrectly. This indicates that different perspectives may be essential to fully estimating all components of a jump. Further, data from all three perspectives culminated in the best model -combining all perspectives increased the R value by 0.15 over the center view alone. Table 2: Experiments to determine the importance of combining videos captured from different views. The transformer pipeline trained on the combination of the three views improves the correlation score (R), which shows that the model is able to distinguish between a low and a high velocity jump when provided with video input from multiple angles. But the model trained on the Left view provides the least error in estimation, followed by the Right view, which shows that the model can still learn accurate estimations from videos from a single view but with a much lower capacity to distinguish between the higher and lower velocity jumps."
d46aab4169ba281f,254535947,Overview,meso,macro,0.5372470701937476,False,"Following current dominant consistency regularization methods in semi-supervised learning [41], we train our segmentation model on labeled and unlabeled data simultaneously. As shown in Figure 2, we adopt a simple and clean semi-supervised framework, which consists of a student model and a teacher model, parameterized by θ s and θ t , respectively. Specifically, the teacher model is capable of producing pseudo-labels for training on unlabeled data, and will be updated gradually via the exponential moving averaging of the student weights, i.e., where α is a common momentum parameter, which is, following [44], set as 0.999 by default. On the other hand, at each iteration, provided with a batch of labeled sam- and a batch of unlabeled samples , we aim to train the student model via minimizing a supervised loss L x and an unsupervised consistency loss L u at the same time. Thus the total training loss for the student model is, where λ u is a scalar hyper-parameter to adjust the unsupervised loss weight. Similar to most SSS methods [25,36,42], we adopt a standard pixel-wise cross-entropy loss ce to train on labeled data directly, Reduces each pixel to [4,8] bits. Solarize Inverts image pixels above a threshold from [1,256)."
0b2551d096b0833d,254535959,Experiments and Analysis,meso,meso,0.9994488826325177,True,"In this section, we outline various strategies for contrastive view design and evaluate their effectiveness in the InsLoc pretext task, considering both pretraining on ImageNet-Subset and COCO. Evaluation metrics are AP and AP 50 ."
8a94f4a52795e193,254536010,3D Graph Convolution,meso,micro,0.9997455744251018,False,"3DGC kernel consists of m unit vectors. The m kernel vectors are applied to the n vectors generated by the center point with its n-nearest neighbors. Then, the convolution value is the sum of the cosine similarity between m kernel vectors and the n-nearest vectors. In a 2D convolution network, the trained network learned a weighted kernel, which has a high response with a matched RGB value, while the 3DGC network learned the orientations of the m vectors in the kernel. The weighted 3DGC kernel has a high response with a matched 3D pattern that is defined by the center point with its n-nearest neighbors. For more details, please refer to [17]."
3739fb2e5325d359,254559952,Experiments on Drone Object Detection,meso,meso,0.9982133558665037,True,"Setups. Because of the large variance of object scales inherent to drone-derived datasets, we further validated our cross-fusion method using a public drone dataset VisDrone [28], comprising 10, 209 images of 2000×1500 resolution and 10 object categories captured by various drone platforms. We built our detector on top of the recently successful UFPMP-Det [30] by simply inserting a single cross-fusion block into the ResNet-50 backbone."
061a88cd761eb6c4,254563748,Ablation Study,meso,micro,0.9988322998558801,False,"We study our method w.r.t. to its different components on COCO-standard with a labeled dataset size of 10% on one fold. Pseudo-labeling. It is important to rely on high-quality pseudo-labels. To obtain those high-quality pseudo-labels, it is possible to use a high threshold value but at the cost rejecting potential true positives with lower confidence scores. However, it is not possible to prevent from false negatives due to missed predictions. Our multi-view pseudolabeling strategy can help to reduce their numbers. In Table 3, we show the results of student models trained with pseudo-labels generated with different view strategies. The idea of using the four different views (normal, flip, scale and flip+scale) is important as it improves the mAP by 0.54 compared to the usual setting which only uses one view (of- ten with weak data augmentation). Figure 2 shows the predicted candidate labels for the different views we consider. We can effectively see that only using the normal view fails to predict some objects in the image, such as the right snowboard, and adding the predictions of the other views solves the problem. Since our aggregation of boxes is performed with NMS, which is a score-based method, the final boxes are a mix of the different views, leading to the best possible candidates. Ground threshold. The key component of our method is its ability to determine a suited threshold value without empirical search. The proposed strategy is to compute the score histogram and set the threshold value to the bin with the lowest number of instances. Since this heuristic is independent on the data distribution, it can be applied for each class separately, which gives the possibility to have a set of thresholds rather than a single one. However, training with a uniform threshold seems to achieve better results on MS-COCO, as can be seen in Table 4. This behavior seems opposite to what we expect. Looking at Figure 3, which shows the score histogram for a single class and for all the classes jointly, we can see that both of them define a U shape. This is the shape that we expect since a threshold value lower than the ground threshold would lead to more pseudo-labels, with many of them having a high probability to be false positives. And, if the score threshold was higher than the ground threshold, we would probably create false negatives. But the problem arises for classes that are hard to learn. For those classes, the chosen heuristic can fail. Since most of the predictions for those classes may have a low confidence score, the histogram can be monotonically decreasing, leading to a ground threshold equal to the last bin. There are multiple consequences to that scenario. First, we generate a lot of false negatives in the pseudolabeled dataset. Then, the student trains on noisy labels, which will again emphasize the problem of classes hard to learn. Taking a uniform threshold sets the threshold value at a lower score than their ground threshold, leading to fewer false negatives. In the DIOR setup, we observe that this problem is not present, which we explain by the fact that the teacher is able to better learn the different classes. As shown in Table 4, the student model performs better with a class-wise threshold. Figure 4 shows the different threshold values, on average over 5 folds, that have been used as ground threshold."
bb388bc6f06078b3,254563841,Empirical estimates,meso,meso,0.9983165461355288,True,Recall that the model that we developed in our Empirical Approach section is: 1 The dataset we use may be found on this GitHub repository. 2 We thank Marius Hobbhahn for pointing this out to us.
c1624fdd9dbb5cd5,254563870,B. Activity Monitoring and Alarms,meso,micro,0.9946384592309239,False,"No vehicle or pedestrian should cross the intersection once the barrier is closed. A camera at the junction will give a live video feed to the microcontroller, and the object detection model will detect trespassers. If trespassing is detected, the Pi sounds a pre-recorded voice alert and an emergency siren. If the junction isn't cleared after the warnings, the Pi sends a distress signal to neighboring emergency services (police, fire brigade, etc.) for a rescue effort. Also, an emergency signal shall be sent to the incoming train to alert it about possible fatal collisions. Furthermore, an activity identification program may be added to the system to detect abnormal or unusual behavior in the junction zone. Multiple suicides by railway jumping have occurred in Bangladesh in recent decades. To prevent such deplorable acts and mishaps, the junction activity will be constantly monitored by an activity recognition model trained to identify suspicious or unusual behavior. After the train passes, the Pi sends a signal to the actuators and motors to open the junction. Traffic then resumes as usual. An example of successful object detection is shown in Fig. 4."
ed229213177d982c,254563910,MULTI-SEM FUSION FRAMEWORK,meso,micro,0.9538047996218988,False,"An overview of the proposed Multi-Sem Fusion framework is illustrated in Fig. 3. To fully explore the information from different sensors, we advocate fusing them at two different levels. First, the two types of information are early fused with the PointPainting technique by painting the point cloud with both the 2D and 3D semantic parsing results. To handle the inaccurate segmentation results, an AAF module is proposed to learn an attention score for different sensors for the following fusion purpose. By taking the points together with fused semantic information as inputs, deep features can be extracted from the backbone network. By considering that different size object requires different levels features, a novel DFF module is proposed to enhance the features with different levels for exploring the global context information and the local spatial details in a deep way. As shown in Fig. 3, the proposed framework consists of three main models as a multimodal semantic segmentation module, an AAF module, and a DFF module. First of all, any off-the-shelf 2D and 3D scene parsing approaches can be employed to obtain the semantic segmentation from the RGB image and LiDAR point clouds respectively. Then the 2D and 3D semantic information are fused by the AAF module. Bypassing the points together with fused semantic labels into the backbone network, the DFF module is used to further improve the results by aggregating the features within different receptive fields and a channel attention module."
5cf0c794e6d510c2,254563926,Effectiveness,meso,micro,0.9999977543273317,False,"Effectiveness of graph autoencoder. To investigate the effectiveness of the graph autoencoder, we compare our method to two well-known open set algorithms, the Extreme Value Machine (EVM) [31] and Auto-encoder [52], which are trained on the same multiple features as that in Humpty Dumpty. As shown in Table 4 ROC-AUC score, 86.51 vs. 92.16 in mAP score. This indicates that the hidden embedding in our graph autoencoder along with reconstruction error is more effective than the Weibull distribution used by EVM [31]. Additionally, although our graph autoencoder and the standard autoencoder share similar concepts such as an encoder, decoder, and reconstruction, the standard autoencoder learns an approximation to the identity function such that the output features are similar to the original features, but it fails to capture the underlying relations among different features. In contrast, our graph autoencoder exploits contextual and semantic relations among video clips and then reconstructs the adjacency matrix of the video graph, resulting in much better performance."
21ed709dc42a3f2d,254564379,PROBLEM STATEMENT,meso,macro,0.8783641296166809,False,Our main focus here is on the real-world problem of estimating the 6D pose of the objects whose shape properties are known to us beforehand using the information collected as the colour image as well as the depth information. Lets now break down the problem statement to discuss it in details.
210a2e52d80349f6,254564431,RGB,meso,meso,0.9108983069079469,True,Standard Gradient Orthogonal Gradient Figure 8. The standard spatial image gradient (named 'standard') and our proposed orthogonal to the edges spatial gradient (named 'orthogonal'). See Sec. 3.2 in the main paper for details.
97ed0b38596dbca1,254564486,Cross-modal learning,meso,macro,0.9444994963669701,False,"In action recognition, cross-modal learning has been the mainstream, leveraging various modalities such as video frames and skeletons. Several successful studies [5,6,16,17,19,23] have employed subnetworks that handle different domain features. However, these designs eventually increase the redundancy and complexity owing to the domain-specific subnetworks. We propose simple yet effective cross-modal learning for mutually exchanging contextual information. Our cross-modal learning method consists of a backbone [45], which provides intermediate feature maps and sequential tasks. When the image has a height H, with W , temporal dimension T , and feature dimension C, the backbone network feeds visual feature maps In the case of F b , we consider it as the RGB modality input for visual representation learning, whereas the local level feature map, F a , is regarded as the pose modality input by combining with skeletons. To fuse both modalities, we apply the following concepts: Pose modality. To design a cross-modal learning scheme with an alleviated redundancy, we propose visual featureoriented pose tokens combined with joint heatmaps, such as [1,19]. First, the sequential skeletons are decomposed into single-joint units. Each joint is then recomposed into a joint heatmap H ∈ R T ×R× H 2 × W 2 by projecting the joints toward an empty voxel at the corresponding coordinates (x t,r , y t,r ). Here, R is the number of joints, and spatial dimension follows feature map size of F a . Finally, pose tokens P using the joint-tokenizer shown in Fig. 2 (a) using the multiplication of F a and the Gaussian blur output at time t as follows: Figure 3. Illustration of proposed 3D deformable attention for adaptive spatiotemporal learning. The input RGB token X is embedded as a query token to find an offset in the 3D token search (3DTS) module. The deformable token is multiplied with key (W k ) and value (Wv) weights. It is then fed to the multi-head self-attention (MSA) to interact with the deformed key and value tokens. Using 3DTS, an offset vector from a 3D conv block finds the deformed tokens by moving the reference points scattered on the input RGB tokens Z."
0104b2c72dc0159f,254564688,Implementation Details,meso,meso,0.9500488937893725,True,"Our encoder is built using Resnet-18 and Resnet-50 backbones pre-trained on the ImageNet. The pose network is a pre-trained Resnet-18 model. The input image size is set to a medium resolution of 192 × 640 and a high resolution of 320×1024 following the same setting in the former methods for a fair comparison. We train our model with a batch size of 12 on a single NVIDIA Tesla V100 GPU. Following (Godard et al. 2019), all experiments are trained with 20 epochs with the learning rate of 10 −4 and decayed by 10 on the 10th and 15th epochs. All experiments are trained with an ADAM optimizer. For supervised segmentation training, we employ the Cross-Entropy loss with a hyper-parameter γ = 0.5 to control the weights of segmentation loss. The α for photometric loss is set to 0.85 and β = 1 × 10 −3 . The ROIs range is set to r min = {0.3W, 0.3H} and r max = {0.7W, 0.7H} For evaluation, the input image size is the same as the training set, and the final output of the model is resized into the ground truth resolution (384 × 1280). We apply the ground truth scale technique to restore the absolute depth estimation, and the depth values are restricted to the range of 0 to 80 meters. No further post-processing is required."
8f04093cd186454f,254564733,LSTM with Convolutions,meso,meso,0.9999080387249515,True,"Prior state-of-the-art approaches on object detection with event cameras heavily rely on convolutional LSTM cells [26,36]. We revisit this LSTM kernel size mAP AP 50 design choice and experiment with plain LSTM cells and a depthwise separable Conv-LSTM variant [37]. The depthwise separable Conv-LSTM first applies a depthwise separable convolution on both the input and hidden state before a point-wise (1 × 1) convolution is applied. Our results in Tab. 4 suggest that plain LSTM cells are sufficient in our model and even outperform both variations. This is to some degree surprising because both variants are a strict superset of the plain LSTM. We decide to use a plain LSTM cell based on these observations."
583a86ca14553162,254591194,EXPERIMENTAL RESULTS,meso,meso,0.997122455549279,True,"As introduced in the above sections, we firstly propose a new TA-fabrication attack mode for object detection, and then design a corresponding targeted feature space attack method since the previous approaches are not suitable for the TAfabrication attack. In this section, we carry out extensive experiments to demonstrate the effectiveness of the proposed TFA method and TA-fabrication mode. Specifically, the following contents mainly contain the experimental comparisons of three aspects. (1) Subsection IV-B-TFA and a modified TOG for the TA-fabrication mode are evaluated in the cases of image specific attack performance, universal attack performance and generalization performance. [43] and BDD100K dataset [44]. MS COCO dataset is a large-scale dataset for multiple computer vision tasks. For object detection, MS COCO has the annotations of bounding boxes with 80 object categories. We randomly select 1000 samples as the source images and 8 target objects in different classes to conduct the targeted attack experiments. For each class, we randomly choose one sample which contains the corresponding target object as the guided image. In addition to MS COCO dataset, we also evaluate the proposed attack method on BDD100K dataset. BDD100K is a large-scale diverse driving dataset which has the annotations of bounding boxes with 10 object categories. Similarly, we randomly select 1000 samples as the source images and 6 target objects in different classes. For each class, we also choose one sample which contains the corresponding target object as the guided image. Fig. 3 shows part of the guided images containing the target objects."
59b813b8547ab07f,254591349,Related Works,meso,micro,0.7034906194977089,False,"Weakly-supervised SOD. With recent advances in weaklysupervised learning, a few existing works exploit the potential of training saliency model on image-level (Zeng et al. 2019;Li, Xie, and Lin 2018;Wang et al. 2017;Piao et al. 2021) and scribble-level Zhang, Xie, and Barnes 2020) to relax the dependency of manually annotated pixel-level masks. These approaches follow the same technical route, i.e., producing the initial saliency maps with image-level labels and then refining them via iterative training. Recently, point annotation was proposed in (Gao et al. 2022), but it requires extra data information (e.g., edge) to recover integral object structure. Differences. Distinct from all these works, our work attempt to demonstrate that a saliency model trained on a point-labeled dataset can achieve equivalent performance when trained on the pixel-wise dataset. Deep Active Learning. Active learning is a set selection problem that aims to determine the most informative subset given a labeling budget. It has been successfully used as a method for reducing labeling costs. Recently, deep active learning has been attracting increasingly more attention in many areas, including classification (Beluch et al. 2018;Gal, Islam, and Ghahramani 2017;Krishnamurthy et al. 2017;Gao et al. 2020), object detection (Yoo and Kweon 2019;Yuan et al. 2021;Aghdam et al. 2019;Choi et al. 2021), semantic segmentation (Kim et al. 2021;Siddiqui, Valentin, and Nießner 2020;Dai et al. 2020;Yang et al. 2017). Differences. In contrast to previous methods, our ATAL can conquer the overconfidence of modern AL methods and accurately locate these uncertain pixels, significantly reducing the computational cost."
2b95dfa861195f6a,254591531,3D Semantic Segmentation,meso,macro,0.7958149268782883,False,"To cope with the structuring problem of point cloud data, one popular research is to apply projection-based techniques [32,33,34]. These efforts can seem as transforming 3D point clouds into regular 2D pixels that can be learned using mature 2D segmentation methods. Nevertheless, inherent drawbacks still exist. For example, the fact that the 2D image is only an approximation of the 3D scene leads to a loss of geometric structure."
ac56e4f253b02dca,254591531,Dynamic View Selection,meso,meso,0.8052553644983126,True,"Previous work fixed the number of views, which would however cause insufficient overlaps between all the back-projected RGB-D frames and the scene point cloud. To make all the back-projected images cover as much of the scene point cloud as possible, many methods, e.g. MVPNet [16], generally choose to cut the point cloud scene. This will affect the recognition accuracy of cutting-edge objects. To this end, we propose a method for dynamic view selection, which sets a threshold for overlaps to ensure that the scene coverage is greater than 90% so that the number of views selected for each scene is different. As for the calculation of overlaps, we follow the method of MVPNet. Finally, the greedy algorithm dynamically selects the appropriate number of views for each scene."
a146fa69f2983609,254591566,FUTURE WORK,meso,micro,0.9889955107162505,False,"First of all, the biggest problem is that the coco dataset is too large, so the model is too simple to build in order to speed up the training, for example, the improvement is based on YOLOv5n, its model depth and channel depth are not enough, and the conv-transformer module self-attention only uses 4 heads and only repeats once. The simplified model cannot extract enough features. In the future, the model can be deepened and the accuracy can definitely be improved significantly (refer to YOLOv5n and YOLOv5l). The second is for the improvement of the model is only added to the end of the yolov5n, later I can try to use the conv-transformer to build more structures, such as replacing the SPPF module or put into the PAN architecture. In addition, because of the lack of time and equipment, I could not train more and finally failed to converge the loss function. In the future, if better equipment is available, such as Tesla v100, it will be possible to train until saturation."
30cf5c385db57656,254591642,Model Sweep,meso,micro,0.9997642038348179,False,"Overall Results. We first ablate the network architecture of CamoFormer. The results are shown in Tab. 3. The 'Baseline' refers to the model with only the encoder followed by a convolution for prediction. When our MSA is applied, the performance can be clearly improved in terms of all evaluation metrics compared to the 'Baseline'. Then, we attempt to add the decoder with only TA left. This progressive fusion strategy also helps compared to the 'Baseline'. Finally, we add our MSA in the decoder as in Fig. 2. We can see that the performance can be further improved. Both the top and bottom halves indicate the importance of MSA for COD."
24ace5a6fd6e5dd4,254591656,APPLYING ACTIVE LEARNING TO EMISSION IMAGES,meso,macro,0.8745758101783014,False,"This section is used to illustrate the methodology that applies active learning to the outcome of the deep learning model that was developed based on a VGG-16 architecture using transfer learning with fine-tuning techniques. Note that human experts are included in the learning process via the queries, which require experts to explicitly annotate the (automatically selected) most uncertain samples according to the CNN classification output."
202d5ef92cbfc8b6,254593478,Statistical analyses,meso,micro,0.9965125102578545,False,"We performed statistical calculations with IBM SPSS Statistics version 21 (IBM, Armonk, New York, United States) including descriptive statistics and non-parametric tests."
0591f717d8410748,254612504,Fully convolutional networks (FCN),meso,micro,0.9396717928305729,False,"The advent of a variant of the CNN known as the FCN represents a big advancement in picture segmentation. The difference between FCN and the traditional CNN is that in the CNN, the completely linked terminal layers are transformed into convolution layers, resulting in the creation of a nonlinear filter for each output vector layer in the network. As a result, the completed network can function on inputs of any size and produce outputs with the same spatial dimensions. Hence, the classification network can generate a heatmap of the selected item class. The addition of layers and a spatial loss to the network results in an efficient scheme for end-to-end dense learning. Figure 6 depicts an example of this transformation [33]."
0481428829955779,254613286,Results of Ablation Experiments,meso,micro,0.9571807216671576,False,"Ablation experiments were carried out based on the ablation experiment scheme described in Section 3.5.2, and MIoU and PA were used as indicators. The results of the experiments are shown in Table 15. According to the ablation experiment results in Table 15, DeepMDSCBA had improved MIoU and PA values compared with those of DeepLabV3+, DeepM, DeepMDS, DeepMCBA, DeepMDSCBA1, and DeepMDSCBA2, indicating that replacing the backbone network with MobileNetV2 improved the segmentation accuracy of the method to a certain extent. At the same time, the MIoU and PA of DeepMCBA, DeepMDSCBA1, DeepMDSCBA2 and DeepMDSCBA were better than those of DeepM, indicating that adding CBAM to the feature extraction module or ASPP module could improve the segmentation accuracy of the method."
1169d1e934373776,254614203,Experimental Setup,meso,macro,0.9833107959291653,False,"This section discusses the Indian Driving Dataset (IDD-Lite), the training process of the inception U-Net model, and the performance measures used to evaluate the performance of our model."
121227fc71be2c77,254614367,Illumination Estimation,meso,meso,0.9999999427483117,True,"In order to reduce the edge blur problem of the Gaussian filter, the Illumination Estimation is powered by AGF, which is different from traditional MSRCR using a Gaussian filter. The illuminance images estimated by AGF and Gaussian filter are shown in Figure 3. Guided filter is a local linear model with smooth edge preserving characteristics [24,25] which is defined as where g is the output image after guided filtering and G is the guided image, a k and b k are the linear coefficients at the sub-windows Ω k , Ω k represents the sub-window with scale r, and t is the index of pixels in Ω k . We specify to input image I as the guided image Q. a k and b k could be defined according to Guiding filtering-related theory as The scale r of the guided filter is set to three values referring to the process of the MSRCR algorithm. The range of three values of scale r is [1, r min ], [r min , r mid ] and [r mid , r max ] respectively [26]. r min , r mid and r max could be determined as where m and n are the width and height of the image, and N is the number of selected scales. To balance the smoothing and edge-preserving effects of guided filtering, an Auto multi-scale selection algorithm is expressed by The illumination estimation result applies AGF to each channel of the input image. The reflection component in the logarithmic domain could be defined according to the Retinex theory where F AGF is the reflected image channel corresponding to the AGF."
80275b5157b667e5,254616336,Contour-Aware Modules,meso,micro,0.9996247719217628,False,"Recently, some studies have attempted to exploit additional boundary information by adopting contour labels for saliency detection to produce clear boundary saliency maps. In [45], Luo et al. used an additional intersection over union (IOU)-based edge loss to further define the boundaries of the predicted saliency maps directly. In [57], the authors combined multi-level convolutional features following recurrent and edge-based information guidance. Guan et al. [52] exploited the fine-tuning of the holistically nested edge detection (HED) [58] network for edge detection and integrated the complementary information with the saliency detection stream to predict the boundaries of salient objects. Zhao et al. [25] trained salient edge features by exploiting the IOU loss for salient object detection tasks. Wang et al. [26] also exploited edge-based features to refine the boundaries of saliency maps. Most existing methods have used boundary information to enhance accuracy, and few studies have focused on refining edge features. Unlike existing methods, we use a unique light-weight module to simultaneously extract high-level and contourbased information using dense short connections. The integrated information is split into two branches with channel-and spatial-wise attentions with large asymmetrical kernels to guide the model towards more precise and accurate saliency maps."
ce3eac849aed3e64,254625191,OBJECT DETECTION AND FEATURE EXTRACTION,meso,micro,0.9903311382308292,False,"In the proposed algorithm, loacalization of capillary loops at the nailbed is performed through object detection and classified into 5 classes namely, ""normal"", ""wide"", ""elongated"", ""tortuosity"", and ""hemorrhages"". Through exhaustive research on relevant literature and discussion with clinicians, a chart is prepared to define the criteria for classification of capillaries wherein the quantification for each class is mentioned. The chart is presented in Table 2."
01e7697d9af76d4e,254627074,Parameter Setting of the Network,meso,micro,0.9998488230748172,False,"All experiments in this paper are completed under the framework of Keras opensource deep learning. The experimental hardware is configured as NVIDIA GeForce RTX 2080Ti GPU with a video memory of 11 GB. Before training, the training data is enhanced by rotating and flipping, and the network weight parameters are initialized by a He-normal distribution initializer [46]. The network training is carried out based on the function of weighted cross-entropy loss and Adam optimizer [49]. The batch size, the initial learning rate and the weight attenuation rate are set as 256, 0.001 and 0.00001, respectively. When the loss of the validation set does not decrease after 10 iterations, the learning rate is adjusted to half of the initial value until the loss of the validation set tends to be stable to end the training."
36c628780cd310f5,254636074,Quantum methods for neural networks,meso,meso,0.9986331849287831,True,"In section 2.1, we introduce the notion of Data Loaders [31], an optimized quantum circuit at the core of our linear algebra approach. Then, in Section 2.2, quantum inner product estimation is derived from the data loaders, and used to assist training of classical neural networks, which we call quantum-assisted neural networks. Finally, in Section 2.3, we present a novel quantum neural network that we call Quantum Orthogonal Neural Network (QOrthoNN). We analyze in depth how they work and how to efficiently train them provably faster than previously known methods. Further details are provided in the Appendix."
313d81fc5eb464e2,254636085,H Failure modes and performance on specific types of objects,meso,micro,0.9999991453232349,False,"We carry out a per-object analysis of the performance of our approach on the YCB-V dataset. For each of the 21 objects of the dataset, we report the percentage of predictions for which the error with the ground truth is within a threshold of 15 • in rotation and 5cm in translation. Results are reported in Figure 6."
83dd755c039254f0,254636094,Data Annotation and Augmentation,meso,micro,0.9984786487299729,False,"In this study, we have performed manual bounding box-based annotations for all the event classes. Both the Small and Large variant of YOLO was trained to detect person, pole, cars, and other vehicles. Further to overcome the limitations of the smaller dataset and perform optimal training for the networks, data augmentation and transformation techniques were applied to training data. The augmentation includes flipping, rotation, image cropping, and shearing of the data. With the augmentation techniques, the training data was increased by almost 2.5 times. Figure 3 shows the manual annotation/labelling done on some of the event data. The manual annotation and the augmentation that was performed on the samples are shown in Figure 3."
567daba66ff7e85d,254636300,Pseudo-Target Domain for Style Alignment,meso,micro,0.9684266706168784,False,"In order to bridge the style difference between the source and the target domain, instead of directly aligning between the source and target domains, we propose to first construct a pseudo-target (PT) domain by augmenting the source with target style. For each source domain image x s i , a pseudotarget samplex s i will be generated according to the style of the one-shot target samplex s i = S(x s i |x t ), with the guidance of the one-shot target image x t , wehre S(·|x t ) represents the image translation mapping conditioned on the style of x t . In order to prevent the overfitting to the one-shot target image and preserve the content, for S(·|x t ), we adopt an off-the-shelf image translation framework [22] with the weighted perceptual loss [25] to generate the pseudo-target domain. By introducing the pseudo-target domain, we alleviate the style discrepancy between the domains and focus on the structural difference in other components. With the generated pseudo-target domain, we employ the standard cross-entropy loss to learn the model, i.e.,"
8a327975cdd11ed9,254636325,The Architecture,meso,micro,0.9999491157459782,False,"The WPOD-net architecture is proposed using insights from [7][8][9]. The Fig. 2 shows how the WPOD-Net works. From input image through the forward process, we get output features maps include: 8 channels in which the first 2 channels are probability with/without license plate and remaining 6 channels are parameters to calculate the transformation matrix. To extract the license plate area, the authors consider a fixed size square part with white border around the cell in the output features map. If the probability of the cell's object is greater than threshold then the values of the cell's remaining 6 channels will calculate the transform matrix from square part to license plate area. The matrix can be used to bring the license plate to the front view. From this idea, the authors give the WPOD network architecture."
a08642375ced1bec,254636342,A. Hypothetical Observation,meso,meso,0.999999453508382,True,"Paths in the separated signals ii)-iv) are expressed as 3 Such precoders can be designed through orthogonal projection onto the null space of a U (θ k,0 ). 4 Note that discarding the first entry in W H kỹ R k,t,s leads to a loss of information for SPs that are on the line between the UE and the RIS."
0d88244739f98e9f,254636429,Main Results,meso,micro,0.9942753611569971,False,"For fair comparison, all methods included use the same point cloud input range, do not use any pre-trained weights, test-time augmentation or model ensembling."
1fc5ecb800a65a3f,254636516,Feature Fusion Scheme,meso,meso,0.52820861836202,True,"Without the TSF structure, the performance will drop drastically for vehicles, i.e., AP −40.16%, and moderately for pedestrians, i.e. AP −4.60%. This indicates that the TSF plays a vital role for feature fusion. A hypothesis is that vehicles are much larger than pedestrians, and therefore their detection can benefit more from the fused features than only from the single feature."
eb0fa8be4378d984,254636533,Quantitative Analysis,meso,micro,0.9606732260345756,False,"Performance on Divided Sets To understand how CL contributes to the vanilla captioning model, we equally divide the COCO test set into four subsets based on the BLEU scores of captions generated by the vanilla model for the test images. The results in Table 2 show that the vanilla model performance is unbalanced among data with different difficulty levels, while both CL methods improve the performance on the harder subsets, and Simi-CL achieves the best performance."
d2b07d8fe4af0c93,254641269,Accuracy (%) Params (M),meso,macro,0.6712299832309645,False,"The main indicators of evaluation include accuracy and the number of parameters. The compared baseline models have limited modeling capability and lack the consideration of spatiotemporal dependencies among skeleton sequences, while the proposed model can obtain the long-term dependencies of an active state by combining multi-scale and channel attention mechanisms in the spatiotemporal modeling. Therefore, the proposed model has a significant improvement in recognition accuracy compared with the baseline model, which has improved by 2.1% compared with the best 2s-AGCN (Shi et al., 2019b). The proposed multi-information flow fusion method could fully exploit the specific relationships of the original data to further improves the recognition performance. The number of parameters of the proposed model can be reduced to 1.21M due to the multi-branch structure of the model in time and space dimensions, which effectively validates the accuracy and computational cost advantages."
154039bf10c53e94,254661366,Experiments,meso,micro,0.8838985567189863,False,"In this section, we first briefly describe the datasets used in the experiments. Secondly, the metrics are introduced, and after that, an ablation study is discussed to show the effectiveness of each module. Finally, the results by the proposed scheme are compared with those of the state of the art."
824f0275d238d3f6,254664591,CellSet Analysis,meso,micro,0.9990279862089231,False,"A series of callus SEM images were obtained between 40X to 45X augments, selected and adjusted to analyze by CellSet software that includes image segmentation to extract and identify zones to be analyzed by the perform of a number of direct measurements on the cell network delimited and related with cell areas, circularity and the mean of total integrated intensities of each individual wall segment and for each cell. These geometry and numerical data considered as shape descriptors were exported as text and excel files and finally a statistical analysis of individual cells or groups of cells was done."
c6a287476cbd633c,254669672,Pick-To-Light Firmware,meso,micro,0.8648390783002302,False,"At PTL module startup, the local and global variables are initialized (Figure 7). Then, the PTL module login into the selected Wi-Fi network with a preconfigured username and password. Since a large number of modules try to connect to the network at the same time, the connection may fail. In this case, the module is reset programmatically and tries to re-connect to the Wi-Fi network. The different initialization phases are shown in different colours on the LCD, to make it easier to identify a malfunctioning module. When the PTL module logs into the selected Wi-Fi network successfully, an IP address is assigned to the module. Since the IP address reservation is implemented on the router (according to the MAC address of the PTL module), the same IP address is assigned to the PTL module every time it starts up."
17566916f83028c6,254674286,Parameter Setting and Network,meso,macro,0.6007150206398821,False,"Training. All experiments are performed on a computer with an AMD Ryzen 1700 3.0 GHz processor, 16GB of RAM, and GTX 1070Ti graphics cards. We implement the training with step learning rate policy along the basic learning rate of 0.001 and chose Adam as an optimization function. Meantime, the learning rate will gradually decrease with the increase of the epoch. Through the comparison of the final experimental results, we finally determined that the CNN network structure has two convolution layers, one pooling layer, and one fully connected layer. We used 198 convolution kernels. The parameters in our CNN model are listed in Table 1. The final network structure is not very deep, but very wide, which is more suitable for our fatty liver image."
d79cf8defd1800ff,254676570,Experiment Results and Discussion,meso,meso,0.916265520626425,True,This section is divided into subheadings. It provides a concise and precise description and interpretation of the experimental results.
cdab7b7a96474f67,254685510,Training efficiency,meso,micro,0.999999527174358,False,"SQR leads to an extra computing burden compared to the baseline since the number ofq grows. In Table.5, SQR increases training time of Adamixer-R50 by 0.35∼2.85 hours (+0.07% ∼ 57%). In practice, the effects on different models/implementations/platforms vary. For instance, ResNet-50 is a light-weighted backbone, so the effects of applying SQR are relatively high, while with heavier backbones like ResNet-101 and Swin Transformer [23], the training time is less impacted (+10%)."
f708317176851416,254685512,Problem Formulation,meso,micro,0.7065959500007747,False,"We focus on the task of key points localization and formulate the problem as estimating 3D locations for a set of key points Y ∈ R Nj ×3 inside human body, given the ground truth or predicted bounding box of a human as well as multi-modal inputs from camera and LiDAR sensors: an RGB camera image I ∈ [0, 1] H×W ×3 and a point cloud P ∈ R Np×3 , consisting of N p LiDAR points from a single scan."
ffd91c7288edaea4,254685525,Related work,meso,micro,0.9978926171955346,False,"Semantic Segmentation. In the deep learning era, Fully Convolutional neural Networks (FCNs) [25,33,45,6,40] have mainly led state-of-the-art performance in semantic segmentation. For example, DeepLab [6] is a model based on an encoder-decoder architecture, and U-shape networks [32] and 3D variants [26,18] are extremely popular in medical image segmentation. However, those models are limited to a local receptive field which is small for highresolution images. Recently, transformers [35] have gained a lot of interest from their ability to model long-range interactions, which allows larger spatial context information to be exploited. Vision Transformer backbones. Building on the strong performances of transformers for auto-regressive inference, fully transformer-based models for image generation have been proposed [7]. Other early works proposed models combining CNNs and attention for vision tasks such as object detection [49], disparity estimation [23] or semantic segmentation [16]. More recently, fully transformer architectures have outperformed FCN baselines in image classification. ViT [12] is the first pure transformers backbone that achieved state-of-the-art performance for image classification but it requires very large training databases. DeiT [34] managed to reduce this requirement through data-efficient training strategies and distillation. Multi-resolution transformers. Several recent approaches proposed adaptations of the vanilla ViT architecture. In particular, some architectures rely on multi-resolution processing. T2T ViT [42] constructs richer semantic feature map through token aggregation while TnT [15] and crossViT [4] uses two transformers for fine and coarse resolution. PvT [38] is the first backbone with a fully pyramidal architecture that is based on windowed transformers, allowing to process the images at fine resolution and to build rich feature maps, while reducing the spatial complexity. Other methods kept this hierarchical approach while improving information sharing between the windows. Swin [24] and its variant [2,48] proposed to used shifted windows, Twins [9] uses interleaved fine and coarse resolu- Figure 2. The GLAM module for modeling full-range interaction in multi-resolution transformers. GLAM is included at each resolution level of any multi-resolution transformer architecture, e.g. Swin-Unet [24] or Swin-UperNet [24]. GLAM includes learnable global tokens, which are leveraged into a succession of two attention steps. We show that this design can indirectly represent long-range interactions between all image regions at all scales, and also external information useful for segmentation while retaining efficiency. We also introduce a non-local upsampling scheme (NLU) to extend the global context modeling in full transformer U-shape architectures such as [2,48]. tion transformers, and CvT [39] replaces linear embedding with convolutions. Efficient Self-Attention. Long sequences have been a challenge for transformers because the original self-attention mechanism has a quadratic complexity in the sequence length. To tackle this, many approaches focus on designing efficient self-attention mechanisms."
fd1b7d6a854bf544,254685590,EXPERIMENTS AND RESULTS,meso,micro,0.5153179831062993,False,"The experiment focuses on vehicle detection. The model is trained and tested on the challenging KITTI benchmark [18], containing 7481 training images, 7518 test images, as well as the corresponding point cloud of each image. The dataset includes 80256 labelled objects, covering three classes: car, pedestrian and cyclists. For each class, there are three difficulty levels of objects: easy, moderate and hard. They are determined based on the object's size, occlusion level, visibility and truncation level. The KITTI dataset also provides the calibration matrix, which contains the spatial information between image pixels and 3D point cloud coordinates. As the KITTI test set does not provide ground truth boxes and labels, we divide the training set into two halves, training and validation sets, following the method proposed by [34], [35]. The training set is used for the training purpose, and the proposed approach is evaluated on the validation set to compare the performance with other SORT 3D detection methods."
1ddf4aaf6a9e3ede,254685645,Qualitative results,meso,meso,0.8638582898361791,True,"We visualize the qualitative comparison of the baseline with our framework in Fig. 5. In the left, we provide a comparison with the baseline trained with the fine annotated data at the budgets of 75 and 300 hours, which is slightly more than our versions at 58 and 233 hours. We observe that the performance of small objects and the region with rich details are improved. For instance, we highlight the truck and the traffic-light are predicted correctly from our model with 233 hours, while the model using fine annotation cannot recognize them well. Furthermore, our model with 58 hours can still recognize the majority of those objects, while the comparing method with 75 hours directly ignore those objects even though its training images have labels for every pixel. Also, baseline fails to predict traffic-light for both budgets, while our method succeeds. In the right, we provide a comparison with full fine annotation budget. Our framework with only one-fifth of full budget (933 vs 4462) is able to perform equally well with baseline as can be observed qualitatively. Moreover, the qualitative results also confirm that our framework performs better on tail classes (see Tab. 2). For instance bus and motorcycle (right, col-umn1 and column 2 respectively) compared to baseline."
85c01b656df64e54,254685675,Heatmap-based Query Initialization,meso,meso,0.9999402421149612,True,"Existing query-based methods [18,21,39] perform object query initialization in a random manner. However, a typical autonomous driving scene often comes with a large scale while objects only occupy a small portion of the space. A large number of object queries are usually required to ensure coverage of the entire scene (e.g., 1000 queries for an input range of 100m×100m), leading to redundant computations. Therefore, we are motivated to guide the initialization of queries to emphases on regions with a higher probability of object occurrence. Moreover, DETR3D [39] only projects object centers to images for local feature sampling, leading to a restricted receptive range and limited access to contextual information, which hinders the effectiveness of subsequent query updates. To this end, we propose a heatmap-based query initialization process to address the above issues."
3e6a7f4aaf139e9f,254685773,End-Effector Pose Estimation via Keypoint Matching: KPM,meso,micro,0.9325757242081251,False,"In this approach, we first predict keypoints among the EE points. We use a dense point cloud encoder, PointNet++ [26] trained with segmented EE points as input and the collected ground truth keypoints as target. We then use a version of the least-squares fitting [27] algorithm to find the rigid transformation between predicted keypoints and the reference points, which gives us the EE pose wrt. the camera. This is only possible when there are at least four high quality keypoint predictions."
4a62c57bc4d059f1,254685890,Training setting,meso,micro,0.9597917361608441,False,"The training settings used in this study are summarized in Table V. Most of these settings were consistent across three datasets used. The crop size used was different as it was set to be proportional to the original image in the dataset. For the UAVid dataset which has two different image sizes, all images were resized to 4096 × 2160 for ease of processing. The total training iterations for LoveDA and Potsdam were significantly less than those of the other two datasets, due to the relatively small sizes of LoveDA and Potsdam."
600b6ba3168a1599,254685917,Neural Networks,meso,micro,0.9968082378699632,False,"Neural Networks (NNs) are learning components which are often applied to complex tasks especially when it is hard to directly find algorithmic solutions. Examples of such tasks are classification, where the type of object in an image should be predicted, and object detection. In the latter case, images can contain several different objects at different locations. The NN identifies the different objects in the image, assigns them to classes and computes bounding boxes, usually of rectangular form, surrounding the object."
5d9a5e99ab596d8c,254686056,B. Few-Shot Object Detection,meso,micro,0.9712320924765017,False,"General object detection methods can be commonly categorized as one-stage and two-stage detectors, which are continually evolving with the tremendous progress in deep neural architectures [21]. One-stage detectors [18], [19] locate and classify objects simultaneously to achieve better efficiency. Two-stage detectors [20] propose suspicious objectness regions, then attempt to discriminate and rectify each proposal for superior accuracy. However, these achievements are severely data-hungry for generalization, which limits their real-world application."
e9ded55306041cf3,254688136,Author contributions,meso,meso,0.9403747955659979,True,"CZ, FX, CW, and CX were performed material preparation, data collection, and analysis. CZ wrote the first draft of the manuscript. All authors contributed to the study conception and design, commented on previous versions of the manuscript, read, and approved the final manuscript."
15a20f746a8fa9a6,254706356,Initial poor performance metrics using all features,meso,micro,0.9924960919330639,False,"To identify the morphological characteristics unique to the three diseased states, feature extraction was applied. The first order statistics, shape descriptors and texture features for each of the isolated foam cell clusters were extracted. To test feature relevance and their predictor importance in classifying the disease state, all twenty-seven features were first employed into MCSVM, DT, kNN classifiers. The initial averaged classification accuracies outputted were limited, observing averaged accuracies amongst the three diseased states to be 60.51% for EFS, 56.77% for EF and 72.53% for AA. Additional file 1: Table S2 provides an overview of the initial observed accuracies, class precision and class recall scores from each segmentation method amongst the three classifiers. kNN classification of atherosclerotic plaque segmented from OTS outperformed both MCSVM and DT classifiers using MCW, IFCT and KMS segmentation methods. As correctly presumed, a higher segmentation accuracy did translate into a higher initial classification accuracy. With an average segmentation accuracy index of 0.73, features extracted from OTS segmented foam cell clusters achieved a higher degree of classification accuracy. MCSVM showed to perform the worst amongst all classifiers, scoring exceptionally low F1 scores, reflecting poor class accuracies. The ECOC-MCSVM model uses a One vs One approach to reduce the multiclass classification problem by training binary learners for each pair of classes. The final class prediction is then performed by majority voting with the confidence criterion defined as the distance from the margin. A major shortcoming of this multi-classification approach is the surplus of support vector machines required to be trained. MCSVM works to identify a hyperplane that best separates between each pair of classes, neglecting features belonging to a third class. In this case, separation was maximized between EF and AA or EFS and EF, resulting in extremely low classification accuracies (approximately 30%) for the remaining third diseased state. With the exception of MCSVM, the classifiers on average performed best at classifying EFS and AA and struggled with the classification of EF diseased state. Given that early fibroatheroma is an intermediate stage between early fatty streak development and advancing atheroma, the morphology of EF hosts large similarities to the characteristics of both EFS and AA. A defining feature of early fibroatheroma is the excessive uncontrolled inflammatory response exaggerating macrophage accumulation. This increased accumulation of lipid coalesces into large pools distorts the architecture of the intima and is a phenomenon also common to advancing atheroma. Furthermore, an observed random network of macrophage deposits is a feature common to both EFS and EF."
0fdfad06dfc88ce8,254720728,Experiments of interpreting deep features,meso,micro,0.9358414095657469,False,"In this section, we conduct experiments to use the proposed method to interpret the intermediate representation (deep features) learned by the deep neural networks for medical image segmentation."
136d5dd5176eab4d,254721717,Network Training,meso,micro,0.9999961755313199,False,"We optimised the parameters of all networks with the Adam algorithm and a learning rate of 0.0005, which is decreased with an exponential decay learning rate of 0.9 at each epoch. Then, we manually tuned the weight decay parameter per network, which was 0.01 for SegNet and TMS-Net and 0.005 for U-Net for STACOM 2013 dataset and 0.001 for the all networks for STACOM 2018 dataset. Training lasted for approximately 10 epochs for TMS-Net and between 60 and 70 epochs for U-Net and SegNet and we manually stopped it when any sign of overfitting was observed. The batch size in the training set was 4 for STACOM 2013 dataset and 8 for STACOM 2018, with an image size of 192 × 192 and 128 × 128 pixels respectively, which are cropped around the image center."
7006de3d42166022,254722320,Image matching algorithm based on neural network,meso,meso,0.8376890385740894,True,"It is an algorithmic mathematical model that simulates the behavior characteristics of an animal neural network and performs distributed parallel information processing. This kind of network depends on the complexity of the system, by adjusting the relationship between internal nodes to achieve the purpose of processing information. If the image data is processed and input into the artificial neural network for training, people can train the model that can recognize the image [3]."
9e7e393dc2a78f59,254724490,Pre-Process of Microscopic Images of Rice Grains,meso,meso,0.9952035761397611,True,"Each rice grain image contains a large portion of background, and the orienta the grain placed on the sample table is not fixed (see Figure 2). These factors creat difficulties for the subsequent analysis. Therefore, it is necessary to perform prepro on the acquired microscopic images of rice grains. The preprocessing is performed MATLAB 2014b (Mathworks Inc., Natick, MA, USA). The steps are as follows: (1) th space of the original image ( Figure 3A) is converted to the lab mode. There is a lar ference between the gray-scale values of rice grain and the background in the B-c nent. Therefore, the B-component gray image ( Figure 3B) is extracted for segment rice grain region. Then, the B-component gray image is segmented using the aut bimodal threshold segmentation method to obtain the binary image of the grain are ure 3C). (2) The background of the original image is removed by using the binary of the grain area as the template. Then, the minimum circumscribed rectangle of th in the binary image is calculated, and the angle between the long side of the rectang the horizontal direction is calculated. (3) The area within the minimum circumscrib tangle of the grain is cropped from the original image and is then rotated in the hor direction ( Figure 3E). Finally, the cropped grain image is placed at the center of image of size 3000 × 1000 pixels to obtain the preprocessed image ( Figure 3F). Aft processing, the size of the microscopic image is reduced from 4096 × 3000 pixels to 1000 pixels. Finally, all the microscopic images of rice grains are the same size, a grains in the images have the same orientation."
17814af43b2acc6e,254737556,A. Dataset,meso,micro,0.781705141463446,False,"In this article, 24 remote sensing city-scale images of the Yushu city and Beichuan city after Yushu and Wenchuan earthquakes with a resolution of 4608 × 2560 were used. The original images were downloaded from the Internet and manually pixel-wise labeled using ""labelme"" [41] to classify buildings into collapsed and non-collapsed buildings. Buildings with destructive shapes, severely-damaged roofs, columns, and beams were classified as collapsed, and other buildings were labeled as non-collapsed."
6e8dbefdd9cb1b06,254772228,Feature Extraction Module,meso,micro,0.9999964140253288,False,"In the feature extraction module, a two-branch U-shaped network is adopted to handle data with two levels of annotation. This architecture has a partially shared ""encoder + decoder"" structure. The upper branch deals with superficial vessels (pixel-level label), and the lower branch deals with deep vessels (centerline-level), which can balance the importance of the two levels of information. Unlike previous segmentation networks, our method adds both a segmentation head and an MLP mapping head after the ""encoder + decoder"" structure. As shown in Figure 1, the ResNeSt module is used as the basic module for feature extraction, and the shallow vessel branch has five encoder layers and corresponding decoder layers, whereas the deep vessel branch has three encoder layers and corresponding decoder layers. Eventually, the segmentation mapping is obtained via a 1 × 1 convolutional layer, and the pixel embedding of the feature map is obtained by the MLP projection head behind the penultimate layer of the decoder."
d0b5d6b20ef1aae1,254776044,Evaluating the Segmentation Performance,meso,micro,0.9988159693484246,False,"U-Net [25] can be regarded as a representative model for medical image segmentation. In recent years, some improved architectures based on U-Net have been proposed, such as Attention U-Net (Att-U-Net) [26], R2U-Net [27] and U-Net++ [28]. These models all have quite good segmentation performance. This experiment compares the segmentation performance of the proposed DIU-Net with these models under the same training and testing conditions. Table 1 shows the test results of the training process of each model without using the C3S for training. The results show that our proposed model outperforms the other methods on both the validation set and the test set and R2U-Net has the worst segmentation effect. However, the performance of all models on the test set is not ideal. The main reason is that these models learn to rely on the color and relative brightness of the nucleus and background to make judgments during the training process, which reduces the performance of the test data with different characteristics. Figure 7 shows examples of the segmentation results of the 2018 DSB sub-dataset. It can be seen that all segmentation models cannot correctly segment the nucleus region. Table 2 shows the test results of the training process of each model using the C3S. It can be found that the segmentation performance of all models is greatly improved, indicating that the C3S can indeed improve the generalization ability of these models. The experimental results also show that our proposed model performs better than other methods in both the validation set and test set, and the segmentation effect of R2U-Net is still the worst. The actual segmentation performance can refer to the segmentation examples in Figure 8. Compared with Figure 7, the segmentation performance is indeed significantly improved. Table 4 shows the results of the dichotomous classification of benign and malignant breast pathological images by various methods. CNN [20] means the binary/multi-class classification results using the CNN-based method of [20]. ResNet [21] means the binary/multi-class classification results using Inception and ResNet architectures proposed by [21]. BHCNet [22] is the baseline for classification performance comparison since our proposed method employs it as a classification module. NucDeep [24] means the binary/multi-class classification results using the method proposed by [24], in which a feature fusion approach with a support vector machine is used to classify breast tumor images. ResHist [31] is a residual learning-based CNN with 152 layers developed for breast tumor binary classification. myResNet-34 [32] is also a residual learning-based CNN derived from ResNet-34 via merging shallow features and using Leaky ReLU and Batch Normalization to enhance the malignancy-and-benign classification performance. The results show that the model proposed in this study has a higher classification accuracy than other methods whether in the 200× test set, 400× test set or the overall test set. The perfor- To further understand the impact of different loss and C3S on the performance of the segmentation network, this part uses the performance of the validation set and the test set to conduct ablation experiments, and the results are shown in Table 3. It can be seen from the results that the performance of using only dice loss is worse than that of using focal loss, while the performance of combining dice loss with focal loss is the best. Furthermore, no matter what kind of loss is used, as long as the C3S is used in the training process, better segmentation performance can be obtained. The results show that the combination of dice loss and focal loss is beneficial to the optimization of the segmentation network. The C3S used in the training process can improve the generalization ability of the segmentation network. Table 4 shows the results of the dichotomous classification of benign and malignant breast pathological images by various methods. CNN [20] means the binary/multiclass classification results using the CNN-based method of [20]. ResNet [21] means the binary/multi-class classification results using Inception and ResNet architectures proposed by [21]. BHCNet [22] is the baseline for classification performance comparison since our proposed method employs it as a classification module. NucDeep [24] means the binary/multi-class classification results using the method proposed by [24], in which a feature fusion approach with a support vector machine is used to classify breast tumor images. ResHist [31] is a residual learning-based CNN with 152 layers developed for breast tumor binary classification. myResNet-34 [32] is also a residual learning-based CNN derived from ResNet-34 via merging shallow features and using Leaky ReLU and Batch Normalization to enhance the malignancy-and-benign classification performance. The results show that the model proposed in this study has a higher classification accuracy than other methods whether in the 200× test set, 400× test set or the overall test set. The performance of various methods in the classification of benign and malignant subcategories of breast pathology images is shown in Table 5. The results show that the proposed model still has higher subcategory classification accuracy than other methods whether it is in the 200X test set, 400X test set or in the overall test set. This shows that the proposed strategy combining the degree of nucleus attention can indeed effectively improve classification performance. The multi-class confusion matrix of the proposed model is shown in Figure 9. From the confusion matrix, it can be found that LC is the most difficult category to be classified."
8f4ee888591b5ab8,254779897,Data Set Production,meso,meso,0.7187031748880222,True,"In order to verify the proposed method for common use under different conditions, images of different types of vehicles were applied in this experiment, as shown in Figure 13. The 6387 vehicles images were used as training sets and 1146 images were used as verification sets. The 7533 images were manually annotated using the LabelImg tool, and the annotation files generated by each image were converted to TensorFlow's unified TFRecord data format via a Python script file."
00909edc6a254631,254817832,Related Work,meso,macro,0.9999958239523593,False,"Deep convolutional neural networks (DCNNs) are widely used in several diagnostic applications. For example, in [21], a CNN was used to classify colonic polyp into two classes; they are normal and abnormal based on patch images and several data augmentation processes. The adapted CNN consisted of three convolutional layers with different kernel sizes, each one followed by max-pooling layer. In [22], a CNN model was used to classify digitised images of colorectal cancer cases as benign hyperplasia, intraepithelial neoplasia, and carcinoma. The proposed architecture consisted of two convolution layers, max-pooling and ReLUs layers, and the training was based on stochastic gradient descent. In [23], the authors modified different pre-trained networks by replacing the classification layer with a global average pooling for colonic polyps detection. Moreover, CNN was used as a feature extractor in many works. For instance, in [24], a comparative study between a transfer learning from VGG-16 pre-trained network and a CNN architecture as a feature extractor, with a support vector machine (SVM) as a classifier to classify a large number of images patches into three histological categories; healthy tissue, adenocarcinoma, or tubulovillous adenoma. The results showed that the transfer learning techniques from a pre-trained network outperform the other method in terms of accuracy and time consumption. Similar to colorectal cancer, brain tumour is a common disease between adults and the elderly that severely affects the function of the body. There are numerous types of brain tumour, some benign, while others malignant. The most frequent types are glioma, meningioma, and pituitary tumours. Thus, early tumour detection plays a significant role in improving treatment outcomes and increasing patient survival. In [25], three dense layers with softmax activation function were combined at the inception of ResNet v2 to classify the brain tumour into three classes. In [26], transfer learning based on GoogleNet pre-trained network was used to extract features from brain MRI images and fed them into SVM and KNN as classifiers, separately, to classify the input image into three classes; glioma, meningioma, and pituitary tumours. In [27], a CNN architecture has been evaluated based on various pre-processing techniques. The architecture consisted of 18 layers divided into four convolution layers, each one followed by batch normalisation, Relu, max-pooling layer, and fully connected layer with softmax activation function to classify brain cancer into three types of tumour. In [28], a differential deep CNN model was proposed to classify MRI images into two classes (normal and abnormal). In [29], the authors used different sizes of the brain tumour region with several processing techniques of data augmentation to evaluate the performance of CNN based on the VGG-19 pre-trained network."
4e8aa389e9c7e7ea,254823146,Data preparation,meso,meso,0.9629704166112759,True,"Our method takes as input a pointset and a picture with known camera pose. We use the camera local frame for the point set coordinates, and to select the points that falls within the camera viewing cone. In this viewing cone, some points might be occluded when observed from the camera viewpoint, and we also compute a visibility filter to select visible points. In this section we detail these data preparation steps."
fde956731d4f0c57,254823331,Overall Architecture,meso,micro,0.994329781623745,False,"The architecture of proposed network is shown in Fig. 2. As can be seen, DQnet consists of two branches performing different tasks respectively: 1) CNN branch, which gradually encodes the input images to get a multilevel feature representation while keeping rich local details; 2) Transformer branch, where it extracts high-level semantic information in a cascaded self-attention manner. Moreover, we propose a Relation-Based Querying (RBQ) module to retrieve detailed local cues in multiple scales. Then, the enhanced multi-scale feature maps are combined to generate the segmentation using a light-weight decoder head. Below we provide the details of these proposed schemes."
1dc3b41101059e79,254823363,Dataset,meso,meso,0.9881215669632829,True,"To evaluate our backdoor detection method, we use CNN models trained on MNIST digits and object detection models provided by the TrojAI program."
115e1e7794b5a134,254823586,D. The effect of context labels,meso,meso,0.6774205765209222,True,"The availability of context labels greatly helps with the ROI segmentation, which provide additional signals to CNN to fit the training data of heterogeneous background samples. We confirm this empirically by including human-defined context labels in the model training. Specifically, we adopt liver masks (t = 2) for liver tumor segmentation, kidney masks (t = 2) for kidney tumor segmentation, brain tissue masks including ventricles, deep grey matter, cortical grey matter, white matter and other tissues (t = 6) for brain tumor segmentation. The kidney and liver masks are manually annotated, while the brain tissue masks are generated automatically using the paired T1-weighted MR images and a multi-atlas label propagation with expectation-maximisation based refinement (MALP-EM) [17]. In order to make a fair comparison, we make sure that all the experiments share the same training schedule except the label space. We sample the training patches only considering ROIs. Specifically, we make sure 50% training patches to contain ROIs and sample the other half of the training patches uniformly."
28d15182ac6e836b,254853770,Pre-trained Detector,meso,micro,0.9915917258732126,False,"We show that jointly training the detector and our proposed augmentor in the pre-training stage can improve the performance. We compare our method with 3DIoUMatch [29] on both ScanNet [6] and SUN RGB-D [24] with 5%, 10%, and 20% labeled training data. The results in Table 7 point out that OPA results in larger performance gains when few training data are available, such as 10% labeled training data on ScanNet and 5% labeled training data on SUN RGB-D."
aa1eb6fb5db4cf01,254853824,State-of-the-art Comparison,meso,micro,0.9996280436972639,False,"Comparison on Model Size and Efficiency. In Table 4, we compare our LightCap with the state-of-the-art captioning methods in terms of model size and inference efficiency in FLOPs. Most existing pre-training methods such as VLP (Zhou et al. 2020), Oscar (Li et al. 2020b), and UNIMO ) use the Faster R-CNN as the feature extractor and a BERT base as the fusion model, yielding about 173M parameters and about 800G FLOPs. It is worth noting that the current performance leaders such as VinVL (Zhang et al. 2021a) and LEMON ) contain a huge FLOPs of more than 1000G. As illustrated in Section 4.4, the overall FLOPs of our LightCap is only 9.8G. Consequently, compared with the recent popular image captioners, our Light-Cap saves more than 98% of the FLOPs."
07b8dda4ac02ccda,254854056,Ablation Study,meso,micro,0.9992437512666721,False,"To demonstrate the effectiveness of the proposed CV loss, we conducted an ablation study by comparing the full PSCV method with two variant methods: (1) ""pCE"" denotes the variant that performs training only using the partial crossentropy loss L pCE ; (2) ""vanilla MS"" denotes the variant that replaces the CV loss, L CV , in the full PSCV method with the standard Mumford-Shah loss, L M S . The comparison results on the Synapse and the ACDC datasets are reported in Table 3 and Figure 3 respectively. From Table 3, we can see that using L pCE alone produces poor segmentation results. With the additional L M S loss, ""vanilla MS"" improves the segmentation results by 16.5% in terms of class-average DSC and by 71.25 in terms of class-average HD95. By using the proposed contrastive variance loss L CV , PSCV further improves the performance by another 8.3% in terms of DSC and by 4.2 in terms of HD95. Similar observations can be made from the results reported in Figure 3 as well. Overall, the proposed CV loss is more effective than the regular Mumford-Shah loss."
6b51a7e9f9de4be2,254854154,DeepLabv3+,meso,micro,0.999644459605972,False,CRF on EVI Fig. 7: For the conditional random field (CRF) we can observe how the smoothness kernel can lead to thin structures like the pole in the yellow box ( ) to disappear in the final segmentation.
7432c79897dd205d,254854211,3D Pose estimation,meso,micro,0.7862736407788126,False,"Having identified the different views of each person, an MLP is in charge of estimating the 3D coordinates of the keypoints for each of them. Thus, the proposed system uses one MLP instance per person."
b2220a17a2edddcd,254854232,Hyper-parameter Selection for λ,meso,micro,0.6874675621138104,False,"In CAA module, we generate a class-aware mask for MHSA in the transformer. A parameter λ is used to binarize the CAM and generate some bounding boxes. In this part, we investigate the effect of λ on PASCAL VOC 2012 and COCO 2014 train set. Since the amount of COCO train set is tremendous, we only select the first 2000 images for research. We vary the threshold from 0 to 0.8 with an interval of 0.1. The results in Fig. S2 indicate that the best threshold varies on different datasets. We suppose that COCO is more complex and contains more objects in an image than PASCAL VOC on average. Therefore, a stricter threshold is required to identify regions belonging to the target class. In our experiment, we set λ to 0.4 and 0.7 for VOC and COCO, respectively."
9233ea84f2326d64,254854237,Proposed M ethod,meso,meso,0.9999992602076859,True,"The architecture of our proposed method is illustrated in Figure 1. Focal-UNet has an encoder, bottleneck, decoder, and skip connection. We will explain each part separately."
be1bd3f2a69ed6d6,254854325,LIMITATIONS,meso,micro,0.8834698410443036,False,"The device does not store datasets due to its limited storage capacity and uses a live feed for image processing and object detection. It can only detect and measure an object's distance within the frontal camera view. The measurement accuracy depends on the height of the person since the effective range of the ultrasonic sensor used in the study was around 4.0 meters only. However, using a much higher effective range ultrasonic sensor rectifies the issue."
2328573040cef549,254854475,Abstract,meso,meso,0.9999999911772285,True,"The quantum kernel method results clearly outperformed a classical SVM when analyzing lowresolution images with minimal feature selection on the quantum simulator, with inconsistent results when run on an actual quantum processor. We chose to use an existing quantum kernel method for classification. Quantum computers can efficiently find similarities between data points even for nonlinear problems by mapping them to higher dimensional quantum Hilbert spaces in order to better separate data. Quantum Kernel methods are theorized to outperform classical support vector machines (SVMs) when the data has non-linear relationships or has a large and complex feature space. We applied dynamic decoupling error mitigation using the Mitiq package to the Quantum SVM kernel method, which, to our knowledge, has never been done for quantum kernel methods for image classification."
38797e66ccbc4d0a,254854625,Results,meso,meso,0.993153577225915,True,"This section introduces the results obtained from the test set. Based on the entries in Table 1, for the Color, iCub Left, and iCub Right sensors, the bestperforming model is the CNN-2 model. For the Depth sensor, the best-performing model is the CNN-1 model. For decision level fusion, the resulting coefficients for weighted average from the method described in Section 3 are: 0.2628, 0.1057, 0.2888, 0.3427 for the Color, Depth, iCub Left and iCub Right models, respectively. Table 1 also shows the evaluation metrics of the different decision-level fusion types compared to the model's single modality versions. The coefficients applied to the result from the method on post-processing data are: 0.40, 0.05, 0.15, 0.40 for the Color, Depth, iCub Left, and iCub Right models. For the simple average method, no coefficients were applied. Figure 3 shows the confusion matrices of the three decision-level fusion methods."
32b7631ce0531d87,254854644,RVC Submission,meso,micro,0.978517383834878,False,"For our RVC final submission, the detector is built on SEER-RegNet256gf, while the model implementation is a little different from that in this paper. In order to meet the RVC deadline, we made a few simplifications for the model used in the challenge: • We employed side-outputs {C 3 , C 4 , C 5 } instead of the default setting {C 2 , C 3 , C 4 , C 5 } in NAS-FPN and then performed the 2× downsampling on C 5 twice to build a 5-level feature pyramid. This simplification has adversely affected the detection of those tiny objects but did save the training time considerably. • The basic anchor scale was reduced to 5.04 (4 × 2 1/3 ) in Cascade RPN to align with the changes in NAS-FPN, alleviating the missed detection problem for tiny objects. • The model was trained for 720k iterations, with the learning rate dropped at 600k iterations by a factor of 0.1."
6708d54a8e6d6b11,254876512,Evaluation on the usability of TACLND in clinical scenarios,meso,macro,0.7829867183322461,False,"Clinically, the benign cervical LNs are quite hard to be classified and can only be diagnosed by very experienced doctors. To demonstrate the usability and the clinical value of our proposed method in clinical scenarios, we conduct extended experiments to compare the diagnostic performance of our method with that of experienced doctors."
f471701a7051ddd0,254876995,MM-3DScene,meso,meso,0.9965498960723523,True,"After introducing the mask strategy with local statistics guidance, we illustrate the details of our MM-3DScenea self-supervised masked modeling framework customized for 3D scene understanding. Our pre-training architecture consists of two parts: informative-preserved reconstruction and self-distillation of spatial consistency, respectively aiming at better modeling of masked areas and unmasked areas in 3D scenes. These two parts are elegantly combined while complementing each other in our MM-3DScene."
e8ffd7fc1138b33a,254877205,A. Limitations,meso,micro,0.9351387403147604,False,"Supervised machine learning requires a large amount of accurate and diverse training data to be robust against overfitting and bias. The size of our patient cohort, and hence dataset, is limited. Furthermore, the race distribution in our cohort is skewed. Within our population, white patients outnumbered those from Asians, Black, and Hispanics backgrounds. The race imbalance in the data could lead to a biased machinelearning model and uneven diagnosis outcomes [14], [15]. We see this in Table IV, which shows the performance of our best model on a holdout test set broken down by race and gender."
b234dfca223d8418,254877290,D. Cutting curve computation,meso,micro,0.9999999956468595,False,"To compute the cutting curve, we tried first a parabola passing by the two head endings. Afterwards, we changed our minds and decided to use an ellipse."
762c513134fef7d4,254877518,F. Failure cases,meso,micro,0.999227620430654,False,"Our approach, although effective, shows some limitations that can be investigated in a future work. In particular, in the merging process, since nearby segments belonging to the same class are merged, this leads to the merging of nearby instances of the same category, see figure 8. This problem occurs in all existing object discovery methods [29,24,31], and comes from the semantic information contained in both supervised and self-supervised features. Solving this problem requires, for example, the learning of an instance-variant representation, which is a challenging task. We hope that this work will stimulate interest in this research direction. Figure 8. Examples from VOC07 dataset where our approch fails to discover objects, by merging nearby instances of the same category."
553c1fc3befce0cc,254877528,D. Ablation Studies,meso,micro,0.9999163775774269,False,"We take PatchNet* as our baseline detector in the ablation study to save training time. By default, we set depth offset ∆ z to {−8%, −4%, +4%, +8%} and use Linear Label Score. X-Z ratio and Y-Z ratio are both regarded as constraints. labels work well, suggesting that the proposed soft pseudo label strategy is robust since it is not sensitive for specifically designed manners. Different Constraints. Also, we investigate the impact brought by different constraints, namely, the X-Z ratio and Y-Z ratio. If we do not use the X-Z ratio or Y-Z ratio as constraints, X or Y will not change in our pseudo labels. The results are reported in Table IV. Ultimately, we achieve the best performance by using them in combination. Depth Offsets ∆ z . We further show the influences of different depth offsets. In particular, we have to choose a suitable depth offset carefully due to discrete depth values. However, there is a dilemma in making a choice. If the depth offset is too small, we have to add multiple pseudo labels in the reasonable depth range, and the computational complexity will increase dramatically. On the contrary, if the depth offset is too large, we will lose some reasonable pseudo labels, resulting in suboptimal performance. Therefore, according to statistical dimensions information of the KITTI dataset, we try four base offset values: {2%, 4%, 6%, 8%} with 4 pseudo labels. Specially, if we choose the base of 2%, then ∆ z = {−4%, −2%, +2%, +4%}."
cdb0ece58035f6a5,254877618,C.1. Panoptic Lifting,meso,macro,0.4718057523863647,False,"Panoptic Lifting uses TensoRF [4] for modeling the scene density and radiance. Specifically, we use the Vector-Matrix (VM) decomposition, with number of density and appearance components set to 16 and 48 respectively. The starting grid resolution is set to 128 3 and goes upto 192 3 at the end of the optimization. 27 color features are decoded with a tiny 2 layer MLP with positional encoding with 2 components to encode the view direction and the features."
5704c54ca6d56012,254877627,Learning with partial labels,meso,meso,0.9999999879642306,True,Partial labels are a form of weak supervision where training examples are associated with bags of labels where only one is correct. Early work assumes that these sets are formed at random [18]. In our setup partial labels are determined by semantic relations between the universal taxonomy and the taxonomies of particular datasets.
92418dc5b5ded078,254877750,P recision =,meso,micro,0.9995239902086316,False,"NT P NT P + NF P Therefore, recall and precision have different emphases. Furthermore, the F1-Score is based on the harmonic mean of precision and recall, which is an evaluation metric after weighing the two."
680b8d037d317475,254903846,Discussion,meso,macro,0.9998749191484412,False,"A bottleneck exists in supervised learning for medical image classification. It is difficult to obtain a large number of labelled medical images for training due to the restriction in accessing, sharing and labelling patients' data. Developing robust and effective DL models with limited labelled data remains a major challenge in computer vision tasks, including medical image classification. To address this challenge, we proposed a novel method that used pseudo-labelling and semi-supervised GAN to classify medical images. This method effectively reduced the dependence of DL models on large-scale labelled data. The technical innovation of our method firstly includes our training of a ResNet-20 model to extract image features from the medical images, which could robustly assign pseudo labels to unlabelled images; secondly, our method enforcing the similarity between similar image features and minimising the intra-class distances, which strengthened pseudo-labelling performance and also improved the characterisation of image features effectively."
7c93dba74a2e3916,254905833,Experimental Settings,meso,meso,0.9999983802911481,True,"We performed a comparative evaluation of our experiments on ImageNet [52], currently the large-scale and most widely used dataset for zero-shot learning. The categories in ImageNet are constructed based on the WordNet hierarchy, based on which we can organize the categories in the form of a knowledge graph. Reference [19] proposed to use the ImageNet 21K dataset for zero-shot learning. Our work follows the splitting setting of the training/test set of the previous work [13,19,28,29,53]. Specifically, we take the 1000 categories in the ISLVRC 2012 dataset with WordNet hierarchy as the seen classes, and the 20842 categories in the ImageNet 21K dataset as the unseen class set. Note that images in the unseen dataset are completely invisible during the training. ImageNet 21K is divided into three benchmark datasets of increasing difficulty: ""2-hops"", ""3-hops"" and ""all"". Furthermore, we use the same metric, Hit@k, which represents the percentage of the top-k predictions that hit ground truth labels. We compare our CGUN-2A to the following methods, EXEM [19], GCNZ [28], SGCN [29], DGP [29], DKG [13] and ZSL-KG [53]."
96625361c2e5dd78,254920838,Human Pose Estimation,meso,micro,0.9987225165275029,False,"The prediction accuracy of the model for human poses using the COCO dataset decreased significantly when the image height was reduced to less than 200 of the original 500 pixels (MAE of 1.3 pixels vs. 0.98 pixels, respectively, Figure 4). Since human subjects occupied, on average, 150 × 200 pixels of the original images, this indicates that the model was accurate up to a resolution of 60 × 80 pixels that depict only the human subject. Similarly, the fraction of images where the model was unable to identify the human subject started to increase dramatically beyond this resolution threshold (the percent of missing values increased from 17% at 200 pixels to 84% at 100 pixels, Figure S4D)."
e83fd33e26f95717,254926356,Evaluation,meso,micro,0.9999991004841091,False,"Model Performance. In the literature, methods are frequently evaluated by counting the number of data samples needed to cross some fixed reference performance mark. For OD, performance is usually measured in terms of the mAP 50 metric for which there is a maximum value known when training on all available data. In AL then, some percentage of this maximal performance, e.g., 90% needs to be reached with as few data points as possible. Collecting performance over amount of queried data gives rise to curves such as the one in the top right of Fig. 1 Counting Annotations. ""Amount of training data"" usually translates to the number of queried images which is set as a hyperparameter and fixed for each method and AL cycle. Considering that in the annotation process, each bounding box needs to be labeled and there tends to be high variance in the number of instances per image in common benchmark datasets, it is not clear whether to measure annotated data in terms of images or instances. Therefore, we stress that the scaling of the t-axis is important especially in instance-wise prediction tasks such as OD. Both views, counting images or instances, can be argued for. Therefore, we evaluate the performance of each result not only based on the acquired images, but also transform the t-axis under the curves to the number of annotated instances. By linear interpolation between query points and averaging of individual seeds of the same experiment, we obtain image-or instance-wise standard deviations of the performance."
2d7a3e607d56df5c,254926421,EXPLAINABLE ARTIFICIAL INTELLIGENCE,meso,meso,0.5851241405137443,True,Explainable artificial intelligence methods that are used to explain predictions made by models can be classified into two classes [11]: • Model-Agnostic: mostly suited to post-hoc analysis and not constrained to particular model architecture. The internal model weights and structural parameters are not available to these approaches.. LIME is a modelagnostic method.
f61baac1c14b0ff4,254926434,Dataset preparation,meso,micro,0.8574815292079454,False,"The dataset we use to pre-train object detection models, referred to here as the reference dataset is a combination of three open-source datasets of aerial images of insulators. The first dataset is the Insulator Defect Image Dataset (IDID) [20,21] that has 1600 images at varying resolutions. The median resolution of images in this dataset is 4400 × 3008. Most images in this dataset contain only one insulator, with a few images containing two insulators. The dataset has a considerable variation in the colour of insulator disks (brown, black, white and gray) as well as in the background. The dataset provides the ground truth bounding boxes for insulators, healthy disks, broken disks and flashed disks. The second dataset is the bird nest detection dataset (BND) [22,23] that consists of 401 images of transmission towers with bird nests along with their ground truth bounding boxes. The median resolution of the images in this dataset is 5472 × 3078. All insulators in this dataset are light green in colour, and the background in most of the images contains crops or grasslands with a few images having small houses and buildings. In contrast to IDID, the BND has images captured from a relatively greater distance and has 2 − 6 insulators in most images. These images also contain insulators and Stockbridge dampers. However, this dataset does not provide the ground truth bounding boxes for these objects. The third dataset is the Power Line Assets Detection (STN-PLAD) dataset [24] that consists of 133 images of transmission towers with insulators and Stockbridge dampers. The median resolution of images in this dataset is 4048 × 3040. This dataset has little to no vegetation in the background and consists mostly of dry patches of flatland and mountains. The insulators and dampers are both of consistent (white) colour and shape in all images in the dataset. The images in this dataset contain 2−4 insulators and around 10 dampers and no bird nests. The dataset also provides the ground truth bounding boxes for the insulators and dampers. All the three datasets have images taken with good light exposure and weather conditions, and also have a single type of insulator (either ceramic or polymer). However, the combined dataset has a wide variability in the background as well as foreground."
694194cec0b6ea0b,254926443,EXPERIMENTAL RESULTS,meso,macro,0.7278729660679654,False,We evaluate our proposed framework against a baseline where the entire SNN is processed outside the sensor on object recognition tasks from CIFAR10 [28] and ImageNet [29] datasets using variants of VGG [30] and ResNet [31] architectures. We use similar training hyperparameters as [5].
269f700906026b94,254926672,Decoder,meso,meso,0.991387904242362,True,"As described in Sec. 3.1, our decoder is a 2D convolutional decoder which takes as input the last feature maps of the encoder (denoted F k ) and a set of two hidden states Our decoder is composed of three 2D transposed convolutions followed by a single IR block with an expansion factor γ set to one, and a layer normalisation layer. Each transposed convolution block upsample the input feature map by two. Finally, we use two 2D convolutions as a classification/segmentation head (depending on the task) which projects the upsampled feature map onto the desired output. We detail the decoder in the supplementary material."
8bad6aa0fb5aa4c6,254963365,Basic idea,meso,macro,0.9975077490611837,False,"The basic idea behind CBIR is to find similar images in a large database based on a query image. Typically, some useful features are extracted from query and database images, and retrieve images which have similar set of features. In our work we utilize a deep learning in order to extract these features integrated with DCT of entire image. Also in order to accelerate features similarity process, we apply dimension reduction approach on extracted features. We also use multiclass SVM in order to improve accuracy result. All above techniques requires huge amount of computing power, which may not be available with client machine, thus this processing is done on cloud."
a7fdb1bc56f81069,254967787,Models,meso,macro,0.4324951067644852,False,"Pre-trained datasets www.nature.com/scientificreports/ Impact of ego-motion variance. The ego-motion of the camera in the video will affect the depth estimation model training. Due to the continuous nature of the camera ego-motion, it is not easy to explore the impact of this factor. In this section, we build three datasets, i.e., MNv2.0, MNv2.1 and MNv2.2, which various in motion mode which corresponds to linear motion 1 = 1 , overhead cruising motion 2 = √ 2 2 , and circular motion 3 = 0 . Finally, the motion speed can be controlled by the number of interval frames of each train triplet in the datasets, and each of them is equipped with three velocities v, and v 3 v 2 v 1 . We test different motion modes through the models, and the quantitative results are shown in the Table 8. It can be seen that as the decreases, the performance of the test model also decreases, and the velocity of training triplets also has significantly affect on the performance of test model. According to the previous analysis, the reason behind this probably is that the training triplet with larger and appropriate velocity have a even distribution in SHPH, hence a better performance is achieved."
21a1678d1773c3e2,254974003,B. Loss Function,meso,micro,0.9997836333740889,False,"The loss function calculates the difference between the ground truth image depth y and the predicted image depthŷ. The loss function focuses on reducing the distortions of the image and minimizing the error of the depth values. The loss function L consists of three loss functions: L(y,ŷ) = λL1 + L1 grad + L SSIM L1 loss function, which is known as Least Absolute Deviations, calculates the sum off all the absolute differences between the ground truth values and the predicted values."
818febaa31811d3a,254974003,D. Depth Estimation,meso,micro,0.9999615074695397,False,"Research on depth estimation has a long tradition in computer vision. A dense depth of map that estimates the absolute, even the relative depth in the real world is fundamental to lots of applications such as navigation and image segmentation [23]. In this section, we introduce some solutions for depth estimation. 1) Self-organizing background subtraction using color and depth data: The RGBD-SOBS algorithm is presented in this paper to detect moving objects in RGBD videos. A self-organizing neural background model is also adopted to separately model the color and depth background. This paper used the resulting color and depth detection masks to guide the update of the model and the final result demonstrates that utilizing depth information rather than just color allows for significantly better performance. Besides, the comparison result with other existing methods also shows that RGBD-SOBS has the highest average rating [24]."
7d57b9bb172f1522,254974231,B. Publications on the SmartMultimedia Conference,meso,meso,0.8898302197522233,True,"With the recent development of Light Detection and Ranging (LiDAR) devices, people can now easily generate 3D point clouds, which can be useful in various real-world industries. One example is the new method to estimate the buttress volume of trees introduced in [17]. Based on the LiDAR devices and the Poisson Surface Reconstruction algorithm, the authors achieved an accuracy of around 95%. This research is generally a good preliminary application of LiDAR devices, but the designed experiments can be more persuasive and it only combined two existing methods without any noticeably fundamental innovation."
915191a89d8965f9,254974269,EXPERIMENTS AND RESULTS,meso,meso,0.9914286873189393,True,"In this section, we evaluate the proposed loss function. Firstly, we public a synthetic dataset [27], called GTA Head, with bounding box annotations suitable for the canonical object detection networks. Secondly, we use the Mask Focal Loss with CenterNet for obtaining the optimal parameters β and γ through an ablation study on the GTA Head dataset. After that, the experimental results were compared with other canonical models on GTA Head and SCUT-Head datasets."
62a748ce0663fdbd,254974301,Training Dataset,meso,micro,0.7973057644750945,False,"Although many training datasets for egocentric pose estimation [32,35,39] have been proposed, they cannot yet train the scene-aware egocentric pose estimation network due to the lack of scene geometry information. To solve this, we introduce the EgoGTA dataset and EgoPW-Scene dataset (both will be made publicly available). Both datasets contain pose labels and depth maps of the scene for each egocentric frame, facilitating our training process. We show examples from both datasets, as illustrated in Fig. 2."
6d9a18238d30a47d,254974459,Method,meso,micro,0.55928073948409,False,"As given in Figure 2, our DuAT model consists of the following:-a pyramid vision transformer (PVT) encoder, a SBA module, and GLSA module."
2ee3a391dd133c15,254974483,RELATED WORKS: Multistage Methods,meso,micro,0.9999190111677098,False,"As monocular images lack depth information owing to the principle of perspective transformation, we can use deep learning to predict the depth map of the image first, which serves as the basis for 3D object detection in the next stage. To achieve effective monocular depth estimation, many algorithms have been developed in recent years. In addition to using the depth estimation module, the object ROI and depth feature map are fused to calculate the object coordinate and spatial location information. Using a multi-layer fusion scheme, this framework can generate the final pseudo-point cloud information for its application."
bd5d66a10b19eab9,254974512,Lidar depth and stereo depth alignment,meso,micro,0.9897791361092533,False,"The Fig.7 is showing Lidar depth and stereo depth alignment.The background is stereo depth, the red points are lidar depth. As we can see the positions of objects are all correct. By the way our image shape is 860x1656 .933980030333671 average error, which means for each pixel, they have different avg meter errors, we can see for fl2 real image, they have more avg meter error for each pixel, the reason is fl2 image have more complex scene(high sun lightness and trees)."
8c4e06e19c14a8ea,254974529,EXPERIMENTS,meso,meso,0.7489956954713064,True,"A. Dataset M2CAI16-Workflow Classification is a public challenge dataset from MICCAI 2016 modeling and monitoring of computer-assisted interventions challenge [42]. The training dataset includes 27 videos about cholecystectomy surgery. These videos are acquired at 25fps and segmented into 8 phases. 7 videos from the training set are split as the validation set (18723 labeled frames), and the rest videos are split as the training set (48854 labeled frames). Each frame has a resolution of 1920 × 1080. We resize these frames into 250 × 250 following the work [43]. MICCAI17/18-Tool Classification is a tool detection dataset built from the publicly available dataset MICCAI robotic instrument segmentation challenge 2017 [44] and 2018 [45]. We extract the instrument labels from segmentation annotation from these datasets. To maintain balance classes, the dataset is split into 1560/1244 images for train and validation. The images are resized to 224 × 224, and multiple instances can be present in an image with 8 tool classes."
7230d4d53f0ef701,255050147,Contribution,meso,micro,0.9844183803786998,False,"As a response to the needs for accurate vectorising of old archived seismograms, the goal of our study was to perform a digitisation of seismic traces contained in historical seismograms. To this end, we applied the DigitSeis software [96] for semi-automated vectorising of seismograms. The aim was to convert an existing large historical collection of seismograms archived in Royal Observatory of Belgium (ROB) from raster format into a vector format using advanced technical functionality of machine processing in an automatic and accurate way. The dataset included over 140 scanned raster images in TIFF format which were converted into the digital MATLAB output with generated .mat format files."
2c73fed2470d3f91,255054082,Algorithm Implementation,meso,micro,0.9999777538657502,False,"By transforming, noise reduction, and noise reduction to reduce the useless information in the image, remove the noise in the image noise, and highlight data features for edge detection [11][12][13][14], feature extraction, image segmentation, and character recognition, the digital image processing aims to reduce the useless information in the image are used. In order to perform edge detection, feature extraction, image segmentation, and character recognition later, digital image processing reduces the image's unnecessary information, removes image noise, and highlights the features of the data image. Figure 2 illustrates the process of character segmentation recognition and image processing."
ccffac50a3c17ee6,255055220,Microstructure analysis,meso,micro,0.9999542722552105,False,"his section discusses the surface analysis of OHNS die steel that has been machined using a copper electrode and tungsten powder as well as electrical parameters such a 5A gap current, an 8-s pulse on time, and a 9-s pulse off time. The micrograph of OHNS die steel material without machining is shown in Fig. 3. It is visible that the cementite phase appears as tiny white dots in the tempered martensite's gray matrix. Figs. 4 and 5 depict the micrograph of the OHNS die steel material after EDM machining, which was taken at 100X and 1000X magnifications, respectively. Fig. 3 depicts the surface of OHNS die steel that has been EDM-milled using tungsten powder suspended in dielectric. The topography shows that there are several spherical droplets left on the machined surface, along with some discrete craters and volcanic characteristics, which suggests that melting and evaporation is how the material was removed. In regions of extremely high temperature, the upper material will vaporize while the bottom material melts. The original material and the recast layer, which is a brighter white, are both clearly distinguishable regions. The lower pulse current results in a smaller thermal gradient, which results in a thinner recast layer. Because a steeper thermal gradient sets up at higher pulse currents, potentially producing a thermal effect beneath the melting zone, the recast layer seems thicker as the pulse current rises. Due to this phenomenon, molten layer that is connected to the machined surface but is not washed out by the dielectric fluid is removed to a higher extent. The electrode material, the type of dielectric, and the flushing conditions all affect how thick the recast layer is. EDM randomly wears down the surface, and the surface finish is poor due to more frequent dielectric fluid breaking and metal expulsion. The differential temperature gradient on the surface is what causes the microcracks shown on the resolidified features seen in Fig. 5. The microstructures of OHNS die steel are shown in Fig. 5 along with compound formation, pock mark formation, region with and without white layer deposition, and globule creation. The EDX result for the chemical composition of the OHNS die steel material is displayed in Tab. 1. The EDX of OHNS die steel is displayed in Fig. 6. The percentages of vanadium have climbed from 0.13% to 0.95%, tungsten from 0.025% to 1.891%, and carbon from 0.94% to 8.87% have all increased. The percentage of chromium has increased from 0.35% to 0.86%. The increase in the percentage of carbon, tungsten, and silicon confirms the improvement in the hardness of the machined surface. The percentage increase of tungsten element in OHNS die steel, shows the possibility of deposition of tungsten in free form. Similarly presence of carbon in work material can be in free form, carbides or in the form of alloyed cementite. This can be understood by observing the XRD pattern. The percentage of carbon has increased from 0.94% to 8.87%, percentage of chromium has increased from 0.35% to 0.86%, percentage of tungsten has increased from 0.025% to 1.891% and percentage of vanadium has increased from 0.13% to 0.95%. The percentage increase of tungsten element in OHNS die steel, shows the possibility of deposition of tungsten in free form. Similarly presence of carbon in work material can be in free form, carbides or in the form of alloyed cementite. XRD peaks are obtained for the material by scanning the workpiece with a scan speed of 5 0 /min and the 2θ range from 5 0 to 100 0 . Fig. 7 shows the XRD pattern of OHNS die steel material. It can be seen from XRD pattern that peaks corresponding to 27 0 and 35 0 show the presence of tungsten carbide (WC) and iron carbide (Fe 3 C) respectively. This confirms the transfer of tungsten powder suspended in the dielectric and migration of carbon from the dielectric onto the surface of die material. From the above analysis it is confirmed that the increase in micro-hardness is due to the presence of tungsten carbide and iron carbide. Similarly the distribution of micro-cavities with shallow carter depth confirms the moderate value of surface roughness as observed from the micrographs. Different types of carbides observed on the other OHNS die steel materials are such as Cr 4 C, Cr 7 C 3 , (FeCr) 3 C, and Fe 5 C 2 . Identification of fracture cracks Fig. 8 shows the samples of the reference training microstructure images and Fig. 9 shows the mask of the corresponding microstructure images. In the present work, the masks are created by using canny edge descriptors. The simplest technique to show or hide any particular section of an image is to use image masking. It enables editors to effectively extract the desired shots and separate them from the backdrop. Image masking also makes it possible to trim pictures out of the backdrop. Parts of photos can be hidden or made visible with layer masking. This method can be used to remove an image's background. For example, when it pertains to product photographs, layer masking can be really helpful. The image can be utilized more freely and imaginatively when the background is removed. In the present work, the masks are created by using canny edge descriptors. Canny edge detection quantifies the edge intensity and direction for each pixel in the noise-smoothed image using linear filtering with a Gaussian kernel. The pixels that endure a process of thinning known as non-maximal suppression are those that are used to identify candidate edge pixels. Each potential edge pixel in this method has its edge strength set to zero if it is not greater than the edge strengths of the two pixels next to it in the coordinates. The flattened edge magnitude image is then thresholded using hysteresis. Two edge intensity thresholds are applied in hysteresis. All potential edge pixels underneath the lower bar are classified as non-edges, and all edge pixels above the defined level are those that can be coupled to any edge pixel above the higher bar by a chain of edge pixels. CNN's major goal is to learn an image's feature mapping and use it to create a more accurate feature mapping. This is effective for classification issues since it turns the image into a vector that can then be utilized for classification. However, in order to segment an image, we must first transform a feature map into a vector and then use this vector to reassemble the image. This is a huge undertaking because it's much more difficult to turn a vector into an image than the opposite. This issue is at the center of U-Net's entire design. The contraction, bottleneck, and expansion sections of the U-Net architecture are depicted in Fig. 10. Numerous contraction blocks make up the contraction section. Every block takes a single input, applies two 3X3 convolution layers, and then does a 2X2 max pooling. After each block, there are twice as many kernels or feature maps, allowing the architecture to efficiently learn the intricate structures. Between the contraction layer and the expansion layer, the bottom layer serves as a mediator. A 2X2 up convolution layer is used after two 3X3 CNN layers. However, the extension portion is where this architecture's core is located. It also consists of a number of expansion blocks, similar to the contraction layer. A 2X2 upsampling layer is added after each block's two 3X3 CNN layers to process the input. Additionally, to maintain symmetry, the number of feature maps used by the convolutional layer is cut in half after each block. But each time, feature maps from the corresponding contraction layer are also added to the input. This would guarantee that the features that are acquired during the image's contraction will be used to rebuild it. The frequency of expansion blocks and contraction blocks is equal. Following that, a second 3X3 CNN layer with as many feature maps as desired segments is applied to the output mapping. For each pixel, U-Net employs a pretty unique loss weighting system that places a larger weight near the edge of segmented objects. The U-Net model was able to segment cells in biomedical pictures discontinuously thanks to this loss weighting approach, making it simple to distinguish individual cells within the binary segmentation map. The generated image is first subjected to pixel-by-pixel softmax, which is then followed by a cross-entropy loss function. Therefore, we are assigning each pixel to a certain class. Every pixel must fall into a certain group even during segmentation, therefore all we need to do is make sure they do. The segmentation problem was simply transformed into a multiclass classification problem, and it outperformed the conventional loss functions. Fig. 11 a) shows the plot of loss function with increasing number of epochs. It is observed that the loss function decreases with increasing number of epochs. Fig. 11 b) shows the accuracy of the prediction of fracture cracks present in the microstructure images."
1f842802b9a41f52,255081891,Fuzzy C-Mean,meso,micro,0.9810963794228463,False,"(i) Compute the center of the cluster for the each particles (ii) Find the Euclidian Distance method to represent the attribute d ij , the i varies from 1, 2, . . ., n; and the j varies from 1, 2, . . ., c; for each particle using the following equation: (iii) Evaluate of −++ the function µ ij , i varies from 1, 2, . . ., n; and the j varies from 1, 2, . . ., c; for the entire particle."
0a01a40136b8baa0,255096225,B. Implementation Details,meso,meso,0.9990751882141247,True,"Mesh reconstruction and data preparation. Since the 3D mesh of the satellite is not provided in SPEED+, we reconstruct the 3D mesh M and 3D landmarks P using source samples. However, due to illumination variations and material discrepancies, the texture of satellite is not domain-agnostic, while the geometrical model are the same for the source and target samples. Therefore, we reconstruct the texture-less 3D mesh of the satellite to leverage the geometrical constraints."
7ae5e2534ee3f109,255096244,D. Synthetic Evaluation,meso,micro,0.7723870989147495,False,"Setup. To further validate our approach we use the highfidelity structured light object scans we acquired for quantitative evaluation to generate simulated long-burst captures. Illustrated in Fig 9, we apply a Voronoi color texture to the surface of these meshes, and place them in front of a tilted background plane with an outdoor image texture. We add depth-of-field effects and match camera intrinsics to our real captures -using the ARKit poses captured by the software from Chugunov et al. [12] to generate realistic hand tremor motion paths -and render frames at 16-bit color depth with Blender's Eevee engine. This synthetic data allows us to not only validate the fidelity of our object reconstructions, but also our estimated camera motion paths, for which we cannot otherwise get ground truth during ordinary captures."
92a5fb3c4b256edc,255096379,CondHead Formulation,meso,macro,0.992740934616126,False,"Our proposed CondHead aims to bridge the gap between base and target categories, with the semantic conditioning mechanism. We instantiate the conditioning function with neural networks to achieve flexible optimization and inference. To construct such conditioning framework, we observe the challenges in network capacity: 1) More complex head architecture (e.g., head with several hidden layers) offers stronger representative ability, but it requires large number of parameters, which are not efficient to generate and hard to optimize. For example, a hidden fully layer with input and output dimension of 256 involves more than 60k scalar weights. 2) Less complex head architecture (e.g., head with a single layer) is easier to optimize and can be efficiently generated, but provides limited capacity."
2d6fd3c7cc433bcf,255096479,B. Salient Object Detection in 360 • Omnidirectional Images,meso,micro,0.9183147987403799,False,"In recent years, with the rapid development of virtual reality technology and application, the studies on SOD in 360 • omnidirectional images has gradually attracted people's attention. Monroy et al. [71] mapped an omnidirectional image into six patches and obtained saliency maps respectively through a CNN network, which are combined together by postprocessing technique to deal with the heavy distortion. Assens et al. [72] introduced the temporal-aware representation of saliency information into the SOD model. For the 360 • video, Zhang et al. [73] presented a novel spherical convolutional neural network, where the kernels were shared across all image patches on the sphere. Li et al. [74] proposed a distortionadaptive module, which cuts the images into different patches and passes them through different convolutional kernels. In addition, a multi-scale contextual integration block is proposed to perceive and distinguish the objects in omnidirectional scenes. Huang et al. [64] took equirectangular image and the corresponding six cube-map surfaces as inputs to extract multilevel features and fuse them together, which can ameliorate the performance of SOD in omnidirectional images."
6b16426987fb77f5,255096562,LARGER CROP SIZE TENDING TO BE MORE CALIBRATED,meso,micro,0.9999894199488897,False,"Image cropping is usually used to prepare input data for semantic segmentation models. Crop size determines model input resolution, i.e., the number of pixels for modeling. Larger crop size indicates larger input image, more pixels fed to model, and wider modeling region. Although larger crop size shows higher predictive accuracy, its effect on model calibration is unknown. We conduct experiments to explore their interaction. We select Segmenter-LStrudel et al. (2021) as a representative model with five crop sizes of 416, 448, 480, 512, and 640 to show the crop size scaling effect. From Figure 2b, we observe that larger crop size yields lower ECE and better calibration. We associate it with modeling field. When crop size increases, larger modeling field provides richer global context information which helps more accurately and confidently locate object boundary and position. This implies that more accurate prediction leads to better calibration in terms of varying crop size."
4c375dea8f4edfc0,255121584,Overlapping Pooling,meso,micro,0.9997932372502816,False,"The pooling layer usually comes after the convolutional layer in the CNN. Its task is to downsample the image, so fully connected layers can efficiently process large dimensional images for classification tasks. Overlapping pooling comes under the pooling layer domain, where the pooling layer's filter size should be less than the size of the convolutional filter. The advantage of using overlapping pooling is that it reduces over-fitting during the extraction process (Krizhevsky et al. 2012)."
8a279ac9777f40e4,255124926,A. Datasets,meso,meso,0.958467875194914,True,"We use two primary datasets, depicted in Table I The Airbus dataset [16], consists of clear, high-resolution RGB images taken from a flat aerial perspective, shown in Figure 2."
25a4c6199dc518fb,255125273,Metrics,meso,micro,0.9986108253351068,False,"Along with the accuracy, precision, and recall, we have used the macro f1. The f1 score is the harmonic mean of precision and recall, whereas the macro f1 score is the arithmetic mean of per-class f1 scores for a more appropriate measurement of model performance on class-imbalanced data [10]. Table 1 shows the results of our proposed method and baseline models on the three aforementioned datasets. The results demonstrate that the proposed LMF outperforms crossentropy loss as well as the popular focal loss and LDAM loss in most cases. For the ODIR-5K test set, we can see that our proposed method achieved 62.94 and 57.73 macro-f1 from EfficientNetv2 and ResNet50 respectively, which is a more than 2.5% performance improvement. For the HAM-10k dataset, our proposed model achieved almost 3% performance gain. The most significant improvement is seen on ISIC-2019. The proposed LMF, when used with the pretrained EfficientNetv2, achieves an almost 5% performance improvement. With the larger pretrained ResNet50, there is an almost 10% performance gain when compared to other methods in terms of macro f1. It is worth noting that in the other metrics, such as accuracy, precision, and recall, our proposed method outperformed others in almost every case. Figure 2 illustrates an attention map (generated using Grad-CAM [11]) generated on a single sample from the HAM-10K dataset using models trained on the different methods. The LMF trained model has a larger more relevant attention area and predicts the correct predicts the class."
2ede4657cecb57ef,255125454,Speeding Up Detection in Large Images,meso,micro,0.9925826576604584,False,"With the development of imaging techniques, we are facing more and more images with large sizes, such as satellite images, UAV images, driving-scene images, 4K/8K videos, to name a few. To improve the detection speed in large images, some exploratory works have been proposed [22,[42][43][44][45][46][47][48]. For example, R 2 -CNN [46] uses a naive binary classification branch to predict the existence of objects in each patch, thus avoiding the detection of numerous patches not containing any targets. ClusDet [22] designs a cluster network to generate the candidate object regions in large images and then performs detection selectively. Also, DMNet [47] generates the object proposal regions via density map generation network and then conducts detection in these regions. Moreover, some approaches [45,48] introduced reinforcement learning to sequentially select regions for detection."
81bcfb719f6f479e,255125459,RESULTS,meso,micro,0.9453891397631868,False,"The first results generated were based on how the models performed against the 5% non-processed test image batch, that was part of ML training process. Results were automatically generated upon completion of the training process. Each ML object detection model took approximately two hours two train on a Google Colaboratory Pro+ account with premium GPU access. The mean average precision (mAP) is the primary metric analyzed following testing, which is a popular approach for comparing ML object detection performance between detection algorithms, such as YOLO, R-CNN and MobileNet SSD etc. [93]. mAP measures localization (location of the object class within an image) and classification (identifying the object being classified). When both air and ground mAP results were averaged, the RGB models performed the best (mAP of 95.1%), followed by the LWIR models (mAP of 94.5%), and finally the RGB-LWIR models (mAP of 92.6%). All test images in the testing-batch where daytime images. These results are not holistically accurate and indicative of how the models will perform in a real-world environment. Section C, D, and E of the results section discusses model performance against video footage."
0b1d279d2004c860,255125488,Estimating the Jacobian,meso,macro,0.9945873000850495,False,"The image formation model is a nonlinear geometric relationship construct x = f (p ) between the degrees of freedom of the system p and its corresponding output x for any time . Similar to the concept of inverse kinematics, the objective of differentiable rendering approach is to estimate p from x . A global search to identify the optimal p might be intractable for real-time applications due to the high-dimensional search space and highly nonlinear f. Alternately, the nonconvex and high-dimensional pose estimation problem is desirable to be optimized locally and serviceable using online numerical computations."
2918f5af8bf2e494,255125489,Revisiting Self-Supervised 6D Pose Learning,meso,meso,0.8654831123701406,True,"Render-and-compare is a common approach for 6D pose self-supervision [44,46,47,54,56]. As shown in Eqn. 1, it utilises a differentiable renderer R fed with an estimated pose to output a rendered mask, image, [M r , I r ] = R(T )."
3760e289a03e705d,255186046,ISSUES AND CHALLENGES,meso,micro,0.9978633085586948,False,"Our project shows that there is still a gap between realtime and standard semantic segmentation models with a dilation backbone. However, we believe that real-time architectures have the potential to improve their accuracy by scaling up encoders. One of the main findings of our experiment is that we can inc by upgrading the encoder, as we boost the network by replacing MobileNetv2 with MobileNetV3. We can apply these findings to our future work. One of the crucial aspects of our semantic segmentation models are the ability to segment damaged areas. As expected, all models demonstrate lower performance for the segmentation of flooded buildings and flooded roads. Above all, PSP-Net segments the flooded buildings and roads with the test IoU of 68.9% and 82.2%, respectively."
99745362a8f1de5e,255186046,EFFICIENT-NET ENCODER,meso,micro,0.9878477199806662,False,"Efficient-Net is a family of lightweight encoders which we apply into UNet baseline architecture. Similar to Mobile Nets, the primary building blocks of Efficient-Net are bottleneck convolutions (MBConvs). In addition, squeezeand-excitation optimization is used in the structure of Efficient-Net, similar to MobileNetV3."
ac597d21a790a2b3,255186162,Baselines,meso,meso,0.9994515664682371,True,"Since research on noise-robust image captioning has rarely been explored, we compare our method with carefully designed three baselines."
b3bbfa0a75542fd7,255186222,Main Results,meso,macro,0.7775236262638381,False,"In Table 1, we compare our proposed PCAN method with the state-of-the-art methods on the three datasets. It can be clearly observed that our PCAN method achieves a significant performance improvement on all datasets except for RefCOCO+ testB. Our method achieves noticeably better results on RefCOCO with 0.98%, 0.44%, and 1.68% on the validation, testA, and testB subsets. These obvious improvements indicate that our PCAN method effectively exploits position-prior information to solve the alignment problem between vision and language explicitly. Moreover, on the more challenging RefCOCO+ dataset, the referring expressions do not contain spatial or location information, which requires the model to have a profound understanding of objects' appearance and richer feature representation capabilities. A notable performance gain shows that the introduction of contrastive learning can effectively enhance feature representation and understanding of referring expressions. Furthermore, on the most challenging G-Ref dataset, our method outperforms the second best by 3.19%, 3.59%, and 2.26% on three splits, respectively. Albeit G-Ref has longer expressions, Equipped with PAM and CLUM, our method can better guide the model to understand complex languages and achieve more accurate segmentation."
e1977656faef36ed,255186405,Domain Adaptation,meso,macro,0.9993327251640424,False,"The losses defined in Section 3 to consider texture, pose and structure improve the performance in the test set for the task of spacecraft pose estimation (see Section 5.3). However, we still observe a large performance gap between the source domain (validation) and the two target domains (test). This gap motivates the introduction of unsupervised domain adaptation techniques. Given a dataset of images in the source domain I s and the associated ground-truth rotation matrix R gt and translation vector t gt that define the pose, we aim to train a model M such that when evaluated on a target dataset I t produces correct ground-truth key-point positions, without using the ground-truth pose. Our proposal relies on self-training with robust pseudo-labelling generation. As discussed before, pseudo-labels provide a strong supervision signal on the target domain but are intrinsically noisy. If not handled properly, this noise can degrade the overall performance. In our setting, we reduce the noise during label generation by enforcing consistent pose estimates across the network head. The proposed approach is summarised in Algorithm 1. We first pre-train a model M (Fig. 2 -Model) on the source dataset. Then, we evaluate the images from a given target dataset I t on the model M . The model M will generate a prediction on the key-point locations, expressed as heatmaps h i est at each head i = 1, 2 of the network. We consider the pixel coordinates of the maximum value of the heatmap to be the predicted key-point pixel coordinates p i est . Differently to the optimisation of the losses ℓ pnp and ℓ 3d , here we do not require this step to be differentiable, and thus a standard argmax operation suffices: p i est = argmax(h i est ). Next, we perform key-point filtering based on the heatmap response. First, we remove the key-points falling close to the edges of the image. The remaining key-points p i est are sorted based on the total sum of the heatmap h i est , and the seven key-points with strongest response are kept. The remaining key-points are noted as p i f ilt . We employ the the EPnP (Efficient Perspectiven-Point) algorithm [18] under a RANSAC loop to estimate the pose with the filtered key-points p i f ilt at each head i. The pose at each level is estimated with the prediction of each head p i f ilt by applying the EPnP (Efficient Perspective-n-Point) algorithm [18] under a RANSAC loop. A new pose pseudo-label is introduced into the test set if the RANSAC-EPnP routine converges for all the heads i. The solution corresponding to the largest total key-point response is chosen as the resulting pose. The convergence of the RANSAC routine is controlled by two parameters: the confidence parameter c that controls the probability of the method to provide a useful result, and the reprojection error r that defines the maximum allowed distance between a point and its reprojection with the estimated pose to be considered an inlier. Modifying the convergence criteria (i.e. c and r) allows to control the amount of label noise. In our case, we choose c = 0.999 and r = 2.0. if first iteration then 3: Initialise M with weights trained on source domain 4: else 5: Initialise M with weights from previous iteration 6: end if 7: for j = 1 to J do 8: h i est = M (I j t ) 9: for i = 1 : 2 do 10: Retrain M for a number of epochs 20: end while"
b2f4cb547a2758ed,255186447,Experimental Setup,meso,micro,0.9480242157183509,False,"Our proposed method is implemented in an end-to-end manner using the PyTorch library and is trained on a single RTX 3090 GPU. The training is done with a batch size of 24 and a stochastic gradient descent with a base learning rate of 0.05, a momentum of 0.9, and a weight decay of 0.0001. The model is trained for 400 epochs using both cross-entropy and Dice losses (Loss = 0.6 · L dice + 0.4 · L ce )."
65239a2fd6fed9e0,255186456,Ablation study on SASM,meso,meso,0.6265699567901459,True,"As shown in Table 5, only using one SASM to generate the 1/8 resolution feature maps, the performance drops by 0.5%. Replacing the sof tmax with the Filter Norm proposed in [63] leads to a performance drop of 0.3%. It is possibly because the constrained weight values stabilize the training. The performance is a little bit better by reducing the group number to 1. However, we still use the default group number following multi-head attention since such a setting usually has better representational capacity. The performance may be further improved by fine-tuning these hyper-parameters."
d89eb4e3912bba9b,255186577,Model,meso,micro,0.9262237352864819,False,"First, Equation 5 shows the sentence used to judge the pixel threshold condition judgment of each output item ( The conditional statements C min i and C max i are mainly used for the diagnosis of disease severity, which correspond to Normal and PDR respectively. In Equation 5, the values of i are (1, 2, 3), Table 1 gives the thresholds used for pixel judgment in each image. This mark means that the value of a condition in the judgment statement is False. Fig. 6. The specific principle of the threshold inspection mechanism. The checks and adjustments for Normal (0), NPDR (1) and PDR (2) are in parallel, that is, the results of the adjustments do not affect each other. There is no ordering relationship between the elements (correct and incorrect symbols) within each parenthesis. All adjustments will only be made between adjacent levels."
db6824e3e277cea2,255186585,Overall Loss,meso,meso,0.9702122888894602,True,"To sum up, we benefit the student camera-based detector by target inner-geometry from two complementary aspects, i.e., an inner-depth supervision for low-level signals and an inner-feature BEV distillation for high-level semantics. They produce two losses as L R depth and L bev . Together with the original two losses, i.e., dense absolute depth supervision L A depth , and 3D detection L det , the overall loss of our TiG-BEV is formulated as"
96e7fc9fa6dfefee,255209234,Human Pose Estimation,meso,macro,0.9981078900117532,False,"The pose can be defined as the arrangement of human joints in a certain way. Therefore, the Human Pose Estimation can be defined as the localization of human joints or predetermined landmarks. Several types of pose estimation exist in pictures and videos, including body, face, and hands, especially in computer vision [3]. The analysis of human poses from videos plays a vital role in various applications such as measuring physical exercise, sign language recognition, and control of whole-body movements. For example, it can form the basis for yoga, dance, and fitness applications. It can also enable the overlay of digital content and information over the physical world in augmented reality (AR). Human pose estimation aims to determine the position of human joints from images, image sequences, depth images, or skeleton data provided by motion-capturing hardware [20]. The utilization of artificial intelligence is a vital thing whose performance is to adopt the expertise of an expert and store his knowledge in a computer that can solve uncertainties [17]. Pose estimation is one of the contributing factors to the shift from looking for a gym to engaging in home workouts. It works because an artificial intelligence-enhanced personal trainer points the camera at a person while doing an exercise. Then the video from that person will be detected using Pose estimation to see the movement and posture of the person to decide whether the movement made is correct or not. Computer vision detects and predicts athletic activities such as yoga poses, deadlifts, and other strength training poses."
262f6a5101c6b91f,226523849,A. Experimental Setup,micro,meso,0.9999994280496055,False,"The space of movements for the camera is specified as a sphere defined by two parameters: 1) the central point and 2) the radius of movements r m (see Fig. 1). r m is considered constant in order to reduce the number of experiments, with a value of 0.015 m according to the order of magnitude in the experiments of Aytekin and Rucci [4] (these authors suggest r m is not uniform and its value depends on the distance to the fixation point). A controversial point in the literature is the maximum radius of a microsaccade. Some studies set this value between 1 • and 2 • . However, most microsaccades have a magnitude smaller than 0.5 • for many tasks [27]. The parameter r g is defined by the microsaccade amplitude as shown in Fig. 1. Taking an amplitude of 0.5 • , r g varies with the fixation point distance as"
2e5b4bc83244819a,226523849,B. Mathematical Model,micro,meso,0.9971674050595157,False,"A gradient descent method that can deal with these two issues to successfully compute Z * 0 , is the ADADELTA method [32]. This algorithm is based on SGD with and adaptive filter, but it also introduces several filters in the estimation of the gradient and second derivatives. These filters can reduce the noise influence."
1ef3f75cda8a42ed,240879831,Individual Model Performance in PGE-GAN,micro,macro,0.9983281352385031,False,"1) By introducing generative ensembles in parallel, our developed method can significantly improve the generalization ability from the source domain to the target domain. As a result, our method outperforms other advanced methods in terms of mIoU, which can reach 46.9% and 47.1% on GTA5 to Cityscapes and SYNTHIA to Cityscapes adaptation, respectively. [12] is implemented by automatic mixed precision (AMP) to save graphic memory. To make it comparable, our method is also implemented by AMP."
84244594d64983a2,246842082,Implementation Details,micro,micro,0.9996717822440516,True,"DSPN. For the implementation, we extend the backbone of (Zhang et al., 2019) from ResNet34 to ResNet50 to train our DSPN backbone. The 3 × 3 kernel in a residual block of ResNet50 is inflated to 3 × 1 × 1, as discussed by (Feichtenhofer et al., 2016) and . As suggested by , we also constrain the computation by inflating only one kernel for every two residual blocks. Apart from lowering down the number of computations, the above-mentioned inflation strategy also leads to better results . R3D/R3D-NL. For the implementation, we again follow the inflation details from . We initialize the weights with pretrained ResNet50 weights. Similar to the DSPN, the 3 × 3 kernel is inflated to 3 × 1 × 1. Otherwise mentioned explicitly, all other details of the architecture is followed as discussed in ."
dc32198ac9b28582,246842082,Training Details,micro,micro,0.8900073688169804,True,"We assume a broader definition of actions, that considers the actions of both animate and inanimate actors (Hutchinson and Gadepally, 2020). Thus, we define an action as temporally connected events or other actions that can be of any length in time when weaved. Action recognition is the classification of such actions. Considering the variable duration and the broader definition of actions, the experiments with the proposed methods present the empirical results (Table.1) supporting how the cognitive concept of objects aids with action recognition."
3ce8042ad972fd58,248645309,Architecture (•),micro,micro,0.999522645390454,True,"An important contribution to this family derives from those methods relying on geometric priors i.e., techniques that use intrinsic and geometric approaches coming from the signal-processing literature. We include the use of preset, fixed filters based on wavelet transformations [41,42] or discrete cosine transform [56,55]. Also, invariance to rotation and translation are desirable properties that have been embedded into CNNs through the use of steerable filters or circular harmonics [61]."
62a42e8fa0b49ccb,248645309,ARCHITECTURE AND OPTIMIZER,micro,micro,0.9890251167506922,True,"We furthermore employ a common optimizer and training schedule across all methods and datasets to avoid any kind of optimization bias. We use standard stochastic gradient descent (SGD) with a momentum of 0.9, weight decay, and a cosine annealing learning rate schedule [39], which reduces the learning rate smoothly during the training process. The initial learning rate and the weight decay factor are optimized for each method and dataset individually, together with any method-specific hyper-parameters as detailed in the next subsection. The total number of training epochs for each dataset was chosen according to preliminary experiments. VOLUME [33]. Method specific hyper-parameters were included in the search space but not included in this table due to space limitations. An epoch number in parentheses means that a higher number of epochs was used for the final training than for the hyper-parameter optimization."
91d268d09f46a35c,248836712,Model Architecture,micro,micro,0.8474313795011026,True,"The initial task predictions are converted to task-specific features with feature propagation modules and forwarded to the next higher scale in the network structure. This provides information for the next scale initial task predictions so that the predictions could adapt to different task features obtained from the previous scale. Next, the task predictions from each scale are fused with multi-modal distillation modules that impose attention for initial task predictions based on all other task outputs. Finally, the output from different scales is combined with feature aggregation modules to obtain final output predictions."
4b2af43d7e13846b,251827430,Network architecture,micro,micro,0.9989448524780463,True,"(2) Then the feature abstraction maps the transformed point coordinates (N Â 3) into a higher dimension (N Â 1024) by employing three stacked GAAM and two shared multilayer perceptron (MLP) layers to achieve higher-level and more abstract point features; (3) In the stage of feature combination, the symmetrical max-pooling is operated to produce the global feature which is then repeated and concatenated with all local features generated by the preceding GAAMs to capture both local and global geometric dependencies of each point; (4) To predict a semantic label for each point, a softmax classifier is utilized to obtain the predicted probability score belonging each category based on the categorical feature (NÂN c ) which contains significant semantic information over N c categories, and the final prediction result is determined by the category with the maximal score."
6f62a4526cdb09c8,251827430,Ablation studies,micro,meso,0.8875215017635315,False,"3) The alteration of the depth of the network also has a great influence on performance, the comparative results demonstrate that a modest number of GAAMs are to be considered. From these ablation studies, we can observe how the proposed method units different network choices and components to achieve the state-of-the-art performance."
45c7d771ebff369e,252186894,Model Misspecifications,micro,meso,0.5020737022657393,False,"For these simulations, we followed the baseline scenario described previously while changing one feature of the admixture or population history. We tested inference on images generated from different admixture contributions than what we trained on (10%, 25%, 75% or 90% contribution from the source population providing the beneficial mutation), number of generations since admixture began (25 and 100 generations), population size histories (expansion, contraction, and moderate (50%) and severe (10%) bottlenecks), and a scenario where the selected variant is present in both sources at a frequency of 0.5 (i.e. FST of 0 between the sources)."
ef669a4d5f168dd8,252408502,Video Feature Extractor method comparison,micro,macro,0.5095651167936908,False,"TAPIR-VST. To complement our study, we compare the use of MViT as Video Feature Extractor with another state-of-the-art transformer method: Video Swin Transformer [21] (VST). We follow the methodology and training curriculum described in Section 3, replacing MViT in TAPIR for Video Swin Transformer with Swin-B as a backbone, pretrained on ImageNet-22K. We keep Deformable DETR as the Instrument Detector. Table 2 shows a comparison study between transformer-based and DCNN-based methods on the PSI-AVA dataset. TAPIR and TAPIR-VST achieve a significant improvement in all tasks over the DCNN-based method. However, TAPIR overcomes TAPIR-VST in the three recognition tasks with a lower computational cost. Our best method outperforms SlowFast [10] by 11.7 %, and 9.75 % in mAP for steps and phases recognition tasks, respectively. Furthermore, TAPIR improves 4.99% mAP@0.5IoU in our challenging atomic action recognition task, stressing on the relevance of understanding the whole scene to accurately identify the actions performed by each instrument. Qualitative comparisons of SlowFast and TAPIR in all tasks are shown in Supplementary Figure 4. Overall, these results demonstrate the superior capacity of transformer-based methods to understand the surgical workflow in video and a higher recognition capacity of atomic actions. Also, indicate that TAPIR represents a strong baseline for future research on surgical workflow understanding. PSI-AVA validation. To validate PSI-AVA's benchmark, we study the behavior of the proposed baselines in our dataset and other public databases whose task definition is equivalent to ours. We compare our image-level recognition tasks with their counterparts in the MISAW [17] dataset, and compare our instrument detection task with EndoVis 2017 [2] dataset. Table 3 summarizes the results of the benchmark validation. The consistency in the relative order of the two families of methods across datasets provides empirical support for the adequacy of PSI-AVA as a unified testbed for holistic surgical understanding. Furthermore, the superiority of TAPIR and its instrument detector across datasets further support our method as a powerful baseline for multi-level surgical workflow analysis."
08359b27c12f746d,252769272,Experiment setup,micro,micro,0.998080288864302,True,"To maximize the use of GPU, the batch sizes are set to 8, 4, 12, and 2 for ISIC, thyroid gland, LUNA, and TNBC datasets, respectively. For better fitting data, the number of iterations for TNBC dataset is 500, and 300 for others. The training process stops automatically after the maximum epoch. We utilized Fivefold cross-validation for result to assess the stability and effectiveness of DSCA-Net. Every input image was normalized from [0, 255] to [0, 1]. During model training, random rotation and flipping of the angle in (− , ) with the probability of 0.5 were applied for data augmentation."
2ea608347a608eb8,252810518,D. Review Methodology,micro,micro,0.9989351210633545,True,"The rest of the manuscript is split into five main sections. Section II highlights the role of segmentation for AD, and explains some featured methods from related literature. Section III explains evaluation metrics in use for segmentation tasks, several loss functions designed for special purposes, and a time complexity analysis of representative methods from the segmentation literature. A list of widely used segmentation datasets are enumerated and described in Section IV, along with an explanatory discussion on the drawbacks and the challenges posed by them. Section V exposes open challenges for scene understanding methods in the AD domain using segmentation modules, and outlines research directions to address them. Finally, in Section VI, we conclude this review with derivations of the whole article and an outlook."
18f8261e6c239a9b,252825642,Access Conflict on Conventional SRAM Architecture,micro,meso,0.9902381297644487,False,"The basic solution to the access conflict problem is relocating one address multiple times (as shown in Figure 7). More specifically, in cycle 1, address 01 is located and data 01, 02, 03, 04 is read out from the SRAM. Data 01, 02 is saved in the register file, while 03, 04 is the undesired data and discarded. Similarly, in cycle 2, address 02 is located; 05, 06, 07, 08 is read out from SRAM, and 05, 06 is stored in the register file and 07, 08 is discarded. In the assemble unit, 01, 02 and 05, 06 form the data array 01, 02, 05, 06. However, such a solution suffers two main limitations: 1. Additional memory overhead is needed to support matrix transformation. Since the matrix transformation cannot be executed in an on-the-fly way when using conventional memory architecture, an additional register file is necessary to save the desired data. Thus, this solution significantly increases the cost of the register file, reducing the area and energy performance of the overall hardware."
a407afc14468c5e4,253099805,A.3 Implementation Details,micro,micro,0.9984466529979081,True,"As the detailed class-wise evaluation in YTVIS is only possible for the 40 object categories, we simulate the pattern in Fig. 4 by shrinking the original object categories in COCO and YTVIS. In specific, for image pre-training, we trained the MaskRCNN on 20 COCO object categories. For video fine-tuning, we trained the MaskTrack RCNN on YTVIS videos with 30 object categories, which consist of 10 overlapping object categories with the 20 COCO pre-trained categories and 20 new object categories. The 10 overlapping object categories are selected based on the annotation frequency. In this way, we can simulate the co-existence of missing object categories and new object categories during transfer learning."
e4d26e0f74f22ea9,253099805,A.4 Oracle Analysis,micro,micro,0.8841644063861566,True,"The results are summarized in Table 5. We use the same FasterRCNN-RFS tracker for the Decoupled and Unified methods. We observe that our method outperforms the previous approaches in both oracle types. This shows that the unified learning framework using all training data, LVIS and TAO, essentially improves the model's tracking and classification ability significantly."
02c28370d13adeec,253121230,Stage I: Model Adaptation with Model-invariant Feature Learning,micro,meso,0.9480673393588191,False,"Self-training with pseudo labels To transfer the source-domain knowledge to the target domain, we perform the self-training for each of the individual models {M i } k i=1 and also ensemble models that are composed of a backbone B i (i = 1, . . . , k) and all the classifiers To this end, we use the pre-trained in the source-domain label spaces and pseudo labels y T in the target-domain label space for each image of D T . To generate the pseudo labels in the target-domain label space, we combine and average the predictions of {M i } k i=1 but not like the classifier ensemble described above since {M i } k i=1 are pre-trained independently. Specifically, we first cast the probability distributions predicted by is the probability of class c predicted by M i and M i,0 (·) is the probability of the other classes not in Φ S i . Then we average the probability distributions {p i } k i=1 and assign pseudo labels according to the average prediction. In the self-training, we use the cross-entropy loss function CE(logits, target) to train {M i } k i=1 as follows: where En(·) is the classifier ensemble operation described in Section 3.2."
0c31ea6ef90e0262,253357754,A. Results of Performance,micro,meso,0.9975450164666096,False,"UNet-based architectures, including UMBV2 [27], [73], UMBV3 [39], [73], UEffB0 [73], [80], and UEffB1 [73], [80], are among the most popular models for real-time applications. UMBV2 yields 52.4% mIoU and 86.6% PixAcc using 6.63-M parameters. This result is similar to UMBV3 and UEffB0 with 50.7% and 50.4% test mIoU, respectively, and producing 84.7% and 83.8% PixAcc, respectively. Hence, to have more lightweight architecture, we can upgrade lightweight encoders EfficienNetB0 or MobileNetv2 with a more efficient and newer MobileNet version, i.e., MobileNetV3. UMBV3 yields almost the same performance by using only 2.9-M parameters. Accordingly, we can observe that UMBV3 provides a lower number of trainable parameters for limited resource platforms. We can also increase segmentation performance by scaling up UEffB0 encoders by supplementing a larger variant of EfficientNets. For example, supplementing larger encoder EfficientNetB1 raises the performance of UEffB1 to 56.3% mIoU and 84.7% PixAcc, using 8.76-M parameters. In contrast, scaling down the UNetbased network harms the accuracy. For example, UNetFormer structure is scaled down for higher speed, lowering the accuracy to 47.2% mIoU and 83.0% PixAcc. Finally, the HarDNet-70 [10] architecture yields 57.9% mIoU and 84.8% PixAcc using 4.1-M parameters. HarDNet-70 is one of the most accurate models in our table while it maintains efficiency in terms of MACs and memory traffic."
dc25c2539565246a,253357754,B. Measure of Segmentation Performance,micro,micro,0.6603893675234067,True,1) Pixel Accuracy: It is the percentage of pixels that are correctly classified in the output segmentation mask. We measure PixAcc globally across all classes. The PixAcc of all categories is calculated using the following formula: where k is the total number of classes and i denotes each class.
1e72c3b4006cc61d,253704574,Architecture of Adaptive Granulation-Based Network,micro,meso,0.5430358200486586,False,"3) Testing of Adaptive Granulation-Based Network: In the testing stage, an unknown feature vector is feed-forwarded through the adaptive granulation-based network. The values at the nodes of output layer are obtained, as explained in Section II-D2. The unknown feature vector is assigned to the class denoted by the output layer node with maximum value. a) Weighted membership: In real life situations, a dataset is likely to have unequal number of samples in its classes. To take this in account, we multiply the membership of a feature vector to a class with the relative frequency of occurrences of that class (class probability). We denote it as weighted class membership. In a two-class problem, the relative frequency of occurrence of class 1 (ρ 1 ) is where n 1 and n 2 are the number of feature vectors belonging to class 1 and class 2, respectively. Similarly, the relative frequency of occurrence of class 2 (ρ 2 ) is where ρ 1 + ρ 2 = 1. Therefore, if Y c is the class membership of a feature vector for cth class, then its weighted membership would be ρ c Y c , where ρ c is the relative frequency of occurrence of class c. b) Roughness measure: In case of dataset having overlapping classes, an unknown feature vector may have maximummembership value to more than one class, i.e., for more than one output node. This makes the decision-making indecisive (tie). The problem arises because the said unknown feature vector has equal membership to the granules of different classes, i.e., overlapping granules. In such situations, we use roughness measure of the overlapping granules to classify P . The overlapping granules are defined as the granules of different classes to which the feature vector P has nonzero membership values. Example, in Fig. 6(a), P has nonzero membership to the granules g 32 and g 2c ."
b159cc83594199bf,253704574,Architecture of Adaptive Granulation-Based Network,micro,micro,0.5209102296680057,True,"The architecture of adaptive granulation-based network is built based on the number of granules (shown in Fig. 5). In Fig. 5, the number of input nodes is equal to the number of features in the feature vector. The number of adaptive layer (AL) nodes is equal to the number of granules generated from feature vectors. The number of output layer (OL) nodes is equal to the number of classes in the dataset. The roughness measure layer RML (optional) is used to measure the ambiguity in the overlapping regions of granules when a feature vector has equal membership to more than one class. 2) Training Adaptive Granulation-Based Network: During training, the membership of a feature vector (P ) to a class (c) is obtained by adding its memberships to the granules of class c where, Y c is the membership of P to class c. Y xc is the membership of P to xth granule of class c. The membership of P to a granule is obtained using trapezoidal membership function. Y 1c , Y 2c ......, and Y xc are the outputs at the adaptive layer nodes. The membership of P to a class (Y c ) and the sum of weight parameters (v c ) of class c are feed forwarded to the output layer where, v 1c , v 2c ,...., and v xc are the weight parameters between the granules of class c and output node O c . The output at node where, e ∈ [0,1], g = e + (1 − e), and S and T are the norm and conorm operators."
9cbacef371d3d146,253762912,Timing Performance,micro,macro,0.9488545163015706,False,"Also, note that the event window size may need to be taken into account in a global comparison of latency between different approaches: methods that are applied directly to event data sometimes group events in larger windows (30 -100 ms in [7], [8]), since the sparse event representation may not contain enough information in small windows."
016fdfcf3dc19c0f,253842093,D. Ablation Studies on Input Features,micro,macro,0.8570012941046014,False,"In summary, our evaluation supports our statement that our method provides competitive semantic segmentation performance of moving objects in single-scan, sparse radar point clouds. At the same time, our method exploits selfattention modules which enhance the performance in multidimensional radar data processing outperforming state-of-theart approaches. Thus, we support all our claims with this experimental evaluation."
11fb12a1e0d2a790,253842093,Ablation Studies on Method Components,micro,micro,0.6811715574268552,True,"In configuration (A), we replace each module by its substitute, which leads to a noticeable decrease in mIoU. We suspect that the commonly used modules are highly optimized for denser point clouds but struggle to capture fine-grained information from sparse and noisy radar point clouds. In (B), we add attentive downsampling (ADS), see Sec. III-D, which introduces a smooth information exchange within the downsampling step of individual points, visibly improving the results. In (C), we add the attentive upsampling (AUS) module to enlarge the receptive field and include encoded feature information to optimize the information aggregation, see Sec. III-E. The larger receptive field resulting from the increased local area from three (trilinear) to nine points improves the F 1 score by 3.3 and the mIoU by 4.5 absolute percentage points. Although the AUS only affects the features of the decoder part it leads to an additional improvement of mIoU by 0.8 absolute percentage points compared to AUS in (B). In (D), we add the attentive up-and downsampling which further enhance the performance. This shows the importance of the attentive sampling modules for sparse radar point cloud processing. In (E), we utilize the fully attentive network to illustrate the improvement due to the usage of the Gaussian function by decoupling individual points, see Sec. III-B, resulting in the best performance. In conclusion, the Gaussian function and the attentive up-and downsampling are essential to extract valuable features from sparse and noisy radar point clouds."
2a2b5f500b76f8c7,253954742,Training,micro,micro,0.9999611694114097,True,"Following is the loss function to R-CNN detection head: where L cls is the cross entropy loss. L reg is the Smooth L1 loss. λ 2 is the balance parameters (default by 1). i is the index for proposal, v * i is the supervision offset of the GT box relative to ith proposal, v i indicate outputs of the regression branch of R-CNN detection head. p * i is the GT box label of the ith anchor, p i is the output of the classification branch of R-CNN detection head."
4f32d0c034a3e7d9,254125044,Implementation details,micro,micro,0.5553414919433258,True,"Performance on nuScenes test set. Table 1 provides the performance of several LiDAR-based 3D object detectors evaluated on nuScenes 3D object detection tasks. The results for other LiDAR-based methods are brought from the nuScenes leaderboard 1 except for 3DVID 2 . Note that MGTANet-CT outperforms other latest 3D object detectors in the leaderboard. To the best of our knowledge, 3DVID (Yin et al. 2020 had the record of state-of-theart (SOTA) performance among the existing methods based on point cloud sequences. MGTANet-CT surpassed 3DVID, setting a new SOTA performance. Note that MGTANet-P achieved an 8.3% better performance in NDS compared to the 3DVID with PointPillars baseline (Yin et al. 2020). The performance of MGTANet-C is comparable to that of 3DVID with a CenterPoint baseline ); however, MGTANet-CT demonstrates better performance. By encoding point cloud sequences, MGTANet exhibited a remarkable improvement in performance compared to the baseline methods. MGTANet-P achieved 16.1% gain in NDS and 20.4% gain in mAP over PointPillars baseline. MGTANet-C achieved up to 3.9% gain in NDS and 5.1% gain in mAP over CenterPoint baseline. This demonstrates that the spatio-temporal context information contained in a"
56c21ce261a4906f,254125044,Ablation studies on nuScenes valid set,micro,micro,0.4980426829174776,True,Derivative query for STFA. that determines the deformable masks only using the main query features. Note that the derivative queries offer a performance gain of 0.74% in mAP and 0.38% in NDS over the single query. This shows that the derivative queries effectively leverage the capabilities of our spatio-temporal crossattention mechanism.
ff117bd600da49c0,254125143,Image Segmentation Evaluation Metric,micro,micro,0.9999998259202804,True,"In Eq. (1), for a segmentation task, X and Y denote the ground truth and segmentation mask prediction, respectively. The range of the calculated results is [0,1], and the larger the result the better."
013e985ae93868b2,254125472,Probabilistic Model,micro,micro,0.9999998722187048,True,"2. Covariance type: Each component has its own general covariance matrix, we use 4 types which are; Tied: all components share the same general covariance matrix. Diagonal: each component has its own diagonal covariance matrix. Spherical: each component has its own single variance. Full: each component has its own general covariance matrix."
32ad131fcf2f2028,254125510,Dataset,micro,meso,0.9291039330908785,False,"A time-lapse program [28] installed on the Raspberry Pi was used to continuously capture time-lapse images with a framerate of 30 seconds between images. The camera used automatic exposure to handle light variations in the wild related to direct sun, clouds, and shadows. Auto focus was enabled to handle variations of the camera distance and orientation in relation to the scene with plants and insects. The system recorded images every day from 4:30 AM to 22:30 PM resulting in a maximum of 2,160 images per camera per day."
d8d0481506072ef1,254125510,Dataset,micro,meso,0.998060673656495,False,Images in the dataset were collected using four recording units each consisting of a Raspberry Pi 3B computer connected to two Logitech C922 HD Pro USB web cameras [27] with a resolution of 1920x1080 pixels. Images from the two cameras were stored in JPG format on an external 2TB USB hard disk.
41cfdfd1a26488eb,254125589,Overall Performance,micro,meso,0.8776693210565658,False,"In order to further explore the discrepancies of these methods, we compare the per-formance of the methods on multi-rater annotations respectively. The results are shown in Fig. 4. The experiment is conducted on two different segmentation tasks: optic cup segmentation (OC-REFUGE), in which the inter-observer variety is large, and prostate segmentation (Prostate1), in which the inter-observer variety is relatively small. Several representative multi-rater learning strategies are selected for the comparison, including the three recurrences of MrPrism, CM, MaxMig, and MRNet. Compared with these methods, we can see CM, which implicitly learns the multi-rater confidences is inclined to believe few dominant raters, e.g., R1 and R2 in OC-REFUGE or R4 in Prostate1. However, without the dynamic calibration, the dominant raters are often incorrect, e.g., the credible rater in OC-REFUGE is actually R5 but not R1 or R2. It leads to its confident but incorrect predictions. MaxMig, which explicitly learns the multi-rater confidences is prone to take a balance between the multiple raters. While on Prostate1 where most raters are equally correct, MrPrism raises the overall performance of most raters in the recurrences but will not be overly biased like CM."
98224f9c203cd570,254125696,Probabilistic Model for Relationship-Based,micro,meso,0.9911882847987624,False,"Relationship Prediction The term p(R|C, S, I) predicts all relationships given all the coarse object classes and their corresponding bounding boxes. In order to enable make the inference more tractable, we make the following simplifying assumption: A1. The relationships are conditionally independent given the coarse classes, the image and the spatial coordinates of the bounding boxes. That is, {R i,j } N i,j=1 are conditionally independent given I, S. Intuitively, this assumption says that the relationships do not affect each other once we know the bounding boxes, their image features, and their coarse classes."
f7ee06d0f9ec5a69,254125707,B. Security Dataset and Implementation Details,micro,meso,0.999831174507154,False,"2) The metal wrench in the fourth image is thin and shares similar contour features with the scanning noise, and the brightness of the alcohol bottle in the second image is close to the human body, both of which may lead to missed detection."
518c259127424f9a,254128235,Method,micro,micro,0.9999999644513556,True,"(2) These methods use single CNN to extract image features, which can easily lead to loss of edge feature information in the image. Based on the above considerations, the goal of this paper is to design a new sample distance measurement method, so that the model trained by triple loss function comprehensively considers the absolute distance and angle relationship between samples. Meanwhile, we combine CNN with Transformer with powerful global modeling capabilities to encode images. Therefore, our network model has the ability to capture local feature information and edge feature information of images simultaneously."
66ce4481393e54ce,254129812,Ablation,micro,meso,0.8503729911197289,False,"Our experiments show that reference methods perform well-better than M4Depth for some-on KITTI, the dataset with constrained and structured scenes. However, they fall behind in unstructured environments when the link between semantic cues and depth is weak, and in generalization when semantic cues are different from the reference. This tends to imply that baseline networks rely on the raw feature values to derive depth."
70038640e6b17e16,254129812,Ablation,micro,micro,0.5642673228001489,True,All these observations lead us to believe that severing the direct link between the encoder and the decoder of the architecture while proposing relevant substitute data through the preprocessing unit is the key factor that allows M4Depth to perform so well overall in our experiments.
3894d67fe09ac275,254149008,Discussion and analysis,micro,micro,0.9816479084182347,True,"In Table 2, the threshold values generated by the Otsu method (i.e., the third column) are compared with the threshold values generated by the proposed approach (i.e., the fourth column). The values in the two columns are either the same or very close which proves the accuracy of outcomes generated by the proposed approach. Furthermore, Table 3 presents the average between-class variance which is an indicator to the accuracy of the outcomes. All results and comparisons are presented in details in the URL linked to this paper (https://sites.google.com/view/hho covid19/home)."
42fc7c53d65fa895,254220843,Setup for,micro,micro,0.9988596394380892,True,Every attack model was trained for 30 epochs with a learning rate 1 −4 and a batch size of 4. The adversarial regularisation adopted the same learning rate and its weight coefficient in the loss function of the victim model were set to = 0.005 and = 0.05 for the Liver and Kvasir-SEG training datasets respectively.
3afe0a5abe68d830,254220943,Ablation Study,micro,meso,0.9599797636537095,False,"1) the comparative detection performance of UIU-Net under different backbone networks. We compare the IoU and nIoU values of U-Net with a classical residual backbone and multiscale ReSidual U-block module in Table I. It shows that the IoU value increased from 0.6178 to 0.7825 on the SIRST dataset and from 0.4335 to 0.4773 on the synthetic dataset. For the nIoU value, the SIRST dataset improves by ∼ 0.12 to 0.7515, and the synthetic dataset improves by ∼ 0.07 to 0.4721. The above analysis clearly demonstrates the efficacy of the multi-scale residual backbone for infrared small object detection, and its ability to learn deep high-resolution features can greatly compensate for tiny object loss or poor feature representation."
5c2931bbcde668c9,254220951,Ablation study,micro,meso,0.9971938621885037,False,"LiDAR-Guided Sampling In this paper, we propose to use LiDAR-guided sampling strategy to obtain the local slices. Therefore, we conduct the ablation study to evaluate Figure 6. The visualization result of baseline and the SAN. The red box denotes the ground truth, and the green box is the prediction. In this case, our method gives a more accurate prediction, and gives two correct predictions of pedestrians in the yellow circles that do not have labels. Fusion Strategy The fusion strategy also plays an important role in merging the local and global slices. In short, our fusion strategy contains two stages. The first stage merges the local and global slices respectively. The sec-"
6c9dc58df976b9e9,254221010,Additional Implementation Details,micro,micro,0.9999548015527153,True,"Copy-Paste Augmentation. As stated in Sec. 3.3 of the main paper, we employ an object-aware data augmentation method based on copy-paste [38] to map images X g1 to X g2 . For each image X g1 , we randomly copy several foreground object instances from G 1 , with resizing and flipping transformations, and paste them onto the real-world target background images from T to generate X g2 . The flipping transformation includes horizontal and vertical flipping transformations. The resize ratio is a random value between 0.8 to 1.2. The PL step can be in principle performed for K times to generate instance-level pseudo-annotations. In our experiments, we found that running the PL step twice has achieved satisfactory performance. After the second PL step, we apply the copy-paste augmentation with resizing and flipping transformations for the pseudo-labeled target images. According to the statistic information of Clipart1k → VOC2007 reported in Table 4, for each class, there is a maximum of two objects in an image. Therefore, we copy each pseduo-labeled object and randomly paste it 0 or 1 time onto the original image. On SyntheticPizza10 → Re-alPizza10, according to the statistic information reported in Table 5, we copy each pseduo-labeled object and randomly paste it maximum 20 times onto the original image. All the pasted objects and original objects have no overlapping."
6f7d0dd3edfc593d,254221046,Network Architecture,micro,micro,0.9999999207516427,True,"Encoder. Following BiSeNetV2 [23], a stem block is adopted as the first stage of our network, as shown in Figure 4a. Two adjustments are made to the stem block presented in BiSeNetV2. First, we remove the activation layer for the first convolution to retain more valid information from the original pictures. Then, the last convolution does not perform feature shrinkage. This structure has low computational cost and effective feature expression ability."
f0a057d55d570c11,254221058,Planogram Compliance Control Performance,micro,micro,0.9670273807566824,True,"We provide planogram compliance control performance results for the first subset of the Migros dataset in Table 14. As can be seen in this table, SIFT and AKAZE have higher F1 scores compared to other local feature extraction methods. SURF and BRISK have similar and average results. ORB performs below average compared to other methods. We can also consider Table 14 from a general perspective. The most important observation here is that the planogram compliance control performance is directly related to the object detection performance given in Table 9. This can be expected since correctly detecting objects in the shelf image directly affects the corresponding planogram formation from the shelf."
9eb90235235dbac2,254222270,Implementation details and results,micro,meso,0.9999977557181623,False,"The application is run on a Intel core i7-8750H CPU and a Nvidia GTX 1050tiM GPU and 16GB RAM. The CCTV The specifications of the machine are GPU:GTX 1050tiM and CPU:core i7-8750H (Fig. 21b, Table 6)."
dc6d8f1207d05994,254246616,Analysis,micro,micro,0.9991174486619485,True,"By comparing the detection results in the images, it can be found that both the baseline method and the method in this paper output a more accurate 3D bounding box for the target within a reasonable distance. By comparing (b) in Fig. 4, it can be seen that the method proposed in this article outperforms the baseline method in predicting the position, and the prediction box is closer to the truth box. In summary, the method proposed in this paper can effectively improve the performance of monocular 3D object detection models and improve detection accuracy."
6bb59672d9e295b4,254246666,D. Ablation Study,micro,meso,0.9869211977655831,False,"Video-Language Pre-training. To examine the effectiveness of our video-language pretraining (VLP) framework, we remove it by directly performing the finetuning process on the pretrained weights of CLIP [60]. As reported in the #1 and #2 of Table 7, the model with VLP outperforms the one without VLP by 5.8 points on the top-1 accuracy. Such a gap might be attributed to the difficulties in learning temporal information and semantic inconsistency between videos and text representation, which can be alleviated by our VLP."
90c968107f5caa21,254246718,Open World Object Detection Performance,micro,micro,0.999869035117623,True,"Unknown Object Detection. Across all four Tasks and both benchmarks, PROB's unknown object detection capability, quantified by U-Recall, is 2-3x of those reported in previous state-of-the-art OWOD methods. This result exemplifies the utility of the proposed probabilistic object-ness formulation in the OWOD objective. Other OWOD methods have attempted to integrate objectness, most notably OW-DETR [9] with their class-agnostic classification head, and 2B-OCD [31], with its localization-based objectness head (which was first reported by Kim et al.)."
a72bf3607eb2b45a,254246718,Open World Object Detection Performance,micro,micro,0.9999821934093143,True,"PROB progressively outperforms all previous stat-of-theart OWOD methods in terms of known object mAP. Compared to OW-DETR, the method with the closest performance to ours, PROB increased mAP 0.3, 1.1, 5.2, and 3.7 known object mAP on Tasks 1-4, M-OWODB (Tab. 1, top), and 1.9, 6.6, 3.5, and 6.8 known object on Tasks 1-4, S-OWODB (Tab. 1, bottom). The improvement in mAP, even in Task 1, suggests that the learned objectness also improved OWOD known object handling. The relatively smaller drops between 'previously known' and the previous task's 'both' (e.g., on M-OWODB, between Tasks 1-2 OW-DETR's mAP dropped 5.6 while PROB dropped 3.8, even though it started with higher overall mAP)."
1071e0d9496754a2,254246835,CONSTRAINTS MODEL,micro,meso,0.9999999820941518,False,"Different from the top-down human pose estimation methods, the bottom-up ones directly adopt the human keypoints detection network to generate the heatmaps H ∈ R w×h×K of all human keypoints from the original input image I ∈ R w×h , where each heatmap H k ∈ R w×h , k = 1, 2, · · · , K contains the identical class anatomical keypoint of all persons in the image. Next, the anatomical keypoints of each heatmap H k ∈ R w×h , k = 1, 2, · · · , K can be obtained by the following formula where T op N () describes the choosing the top N maximal values on the heatmap, and J k = {(x, y) i |i = 1, 2, · · · , N } denotes the coordination set of anatomical keypoints obtained from the heatmap H k . Then, when all the heatmaps are done, the coordination set J = {(x, y) j |j = 1, 2, · · · , K × N }of all the anatomical keypoints in the input image I ∈ R w×h can be obtained. However, the coordination set J is not grouped, and not decide which anatomical keypoints belong to the identical person instance. Thus, we use associative embedding [27] to group the coordination set J of all the anatomical keypoints by the following formula where J i = {(x, y) k |k = 1, 2, · · · , K}, and group() denotes a grouping operation for all the anatomical keypoints. More intuitively, please see the Figure 4. However, for the regression-based human anatomical keypoints estimation methods, they can directly predict the coordinations set J i = {(x, y) k |k = 1, 2, · · · , K}, i = 1, 2, · · · , N of human anatomical keypoints from the input image."
b9cd09fb69b89f77,254246835,Ablation study,micro,micro,0.78769566673029,True,"Effect of each term in our keypoint constraint model. Seeing the formula (3), it is known that our proposed human keypoints constraint model includes two terms: the length and angle constraints, i.e., the first and second terms of the formula (3), which can characterize whether the vectors connecting the predicted any two human keypoints with the inherent connecting edge are equal to the ones composed of their real values. In order to fully analyze their contributions to improve the performance of human pose estimation methods, taking the Lite-HRNet as the baseline, we further conduct some ablation studies on COCO val2017 dataset. The corresponding experimental results are reported in Table II. Seeing from the Table II, we observe that only length constraint or angle constraint term in our proposed keypoints constraint model is added into the Lite-HRNet and all the evaluation metrics obtains the significant improvement (e.g., its AP score raises by 2.6%), which illustrates that they are both beneficial to enhance the performance of human pose estimation methods. When the length constraint and angel constraint terms of our proposed keypoints constraint model are both added into the Lite-HRNet, it obtains a gain of 2.9% in AP score compared to the baseline (Lite-HRNet), even 0.3% higher than the one using one of the two constraint terms, which further demonstrates that two constraint terms of our proposed keypoints constraint model are both very important for boosting the performance of human pose estimation methods. In addition, to analyze the influence of each component of our proposed keypoints constraint model on the convergence rate, in the Figure 7, we plot the curves of AP scores of three methods (Lite-HRNet, Lite-HRNet+Length and Lite-HRNet+Length+Angle) on the different epochs. Seeing the curves of AP scores in the Figure 7, we observe that the Lite-HRNet+Length+Angle ranks No.1 and Lite-HRNet+Length is second on the AP scores and convergence rate, which shows that our proposed human keypoints constraint model not only improve the performance of Lite-HRNet but also make it converge faster in the training process."
0846574a6be98637,254246885,Ablation Study,micro,micro,0.9963155250450989,True,"Effect of Auxiliary Loss. From the last two columns of Tab. 4, we observe a performance drop of 1% (74.70% vs. 73.70%) on oIoU when the auxiliary loss is disabled, which verifies the ability of the loss in enhancing the word-pixel and sentence-mask alignments."
6b36346199d440c3,254246885,Ablation Study,micro,micro,0.9999999994615483,True,"Effect of WPA's Number and Position. In our experiment, we used four WPA modules, two of which are in the early encoding stage and the other two are in the late encoding stage. To study the effects of the numbers of WPA modules, we first conduct two baseline models that alternatively remove two WPA at early or late encoding stages. As shown in the Tab. 5, when we remove the last two WPA modules the performance drops about 2%, and when we remove the first two WPA modules the performance drops about 0.8%. These results validate the effectiveness of WPA modules at both early and late stages and indicate that the latter WPA modules play a more important role in our modules. Then, we only use one WPA module, which is inserted at different encoding stages."
424e216cb58bbddc,254246922,B. Quadrotor Model,micro,macro,0.9527658243600428,False,"The translational equations of motion in Earth frame (expressed by the Newton-Euler formalism) [14], [15], and the rotational equations of motion [16] (with relatively small quadrotor movement angles) are given by: where m denotes the mass of the quadrotor, f T denotes the total thrust force, and g the acceleration of the gravity. The terms τ θ , τ φ and τ ψ represent the pitch torque, roll torque and yaw torque, respectively, as a function of the angular velocities of the rotors Ω i [17]. In addition, I x , I y , and I z , express the moments of inertia of the quadrotor's symmetric rigid body about its three axes. Since we assume relatively low navigation speed, the angles of rotation are also small, hence we may use the small-angle approximation to simplify and linearize the nonlinear model around the hovering equilibrium point oṙ φ,θ,ψ 0; sφ φ, sθ θ, sψ ψ; cφ = 1; cθ = 1; cψ = 1. First we define the system state vector (i.e., x = [x y z φ θ ψẋẏżφθψ] T ). Then, we determine the hovering equilibrium point,x = [xȳz 0 0 0 0 0 0 0 0 0] T , reached when using a constant control input f T = mg reflecting the total thrust when hovering at an arbitrary position (x,ȳ,z). The resulting linearized system is described bÿ The continuous-time state-space model of the quadrotor and the sensors measurements are given by where x ∈ R n is the system state vector with n = 12 states (i.e., x = [x y z φ θ ψẋẏżφθψ] T ∈ R n ), u ∈ R m is the control input vector with m = 4 controls (i.e., u = [f T τ x τ y τ z ] T ), y ∈ R p is the measurement vector with p = 9 sensor measurements (i.e., y = [x uwb y uwb z uwb x yolo y yolo z yolo φ imu θ imu ψ imu ] T ). Let w ∈ R n and v ∈ R p be the zero-mean disturbance stochastic processes, representing the process and measurement noise levels. The discrete-time equivalent state-space model of the quadrotor is where Φ = e Ah is the discrete equivalent system matrix, Γ = h s=0 e As Bds is the control input matrix, and h is the sampling period (i.e., control loop period). Let measurement matrix C ∈ R p×n denote the relationship between the system states and the system output that is to be measured by the sensors. Vectors w k and v k represent the process and measurement noise, assumed as white Gaussian random sequences with zero mean, with E{w k } = 0, E{v k } = 0, We denote the a priori and a posteriori state estimates byx k|k−1 andx k|k , respectively, and we define the corresponding error covariance matrices by"
2b32f84daca8dc09,254246951,Datasets and Evaluation Metrics,micro,meso,0.9932191464936599,False,"To simulate the domain adaptive class-incremental scenario, ScanNet was employed as the source domain and 5 categories (bathtub, bed, bookshelf, chair, desk) were selected as base classes C b s . SUN RGB-D was employed as the target domain, in which C b t refers to the same 5 base classes. 5 additional categories (dresser, nightstand, sofa, table, toilet) in SUN RGB-D were selected as novel classes in target domain, i.e., C n t . For evaluation, we adopted the common metric [21], mAP@IoU=0.25, i.e., mean average precision of predicted bounding boxes that overlap ground-truth with an amount of 0.25 or higher. Higher values indicate better performance."
88b23c75b03b4dc5,254247020,Experimental Setup,micro,micro,0.9999967741754526,True,"Metrics. In our evaluation, performance is measured with metrics commonly used in the OOD detection domain: (a) FPR95 -the false positive rate of OOD samples when the true positive rate is at 95%; (b) AuROC -the area under the receiver operating characteristic curve; and (c) AuPR -the area under the precision-recall curve. Networks architecture. We use the latest version of the YOLO object detector, YOLOv5 [14], pretrained on MS-COCO. As explained in Section 2, the network is comprised of a backbone and three detection heads. YOLOv5 provides several model sizes: nano, small, medium, etc., each of which contains a different number of learnable parameters for the backbone and detection heads. We use the YOLOv5 small version, which contains ∼ 4.1M and ∼ 3M learnable parameters in the backbone and detection heads, respectively, which amounts to a total of ∼ 7.1M parameters. To apply our OOD detection approach, we replace the last layer of each detection head with the detection layer described in Section 4."
7b4475f2bb5c1a6f,254247022,B Method Limitation,micro,meso,0.9322276618812736,False,"Nevertheless, compared with the manual prompt such as ""a picture of"", the main limitation is that the learned prompt representations are difficult to visualize. Since learned prompts are optimized in the continuous word embedding space, they fail to map back to the words in the dictionary. To this end, we search within the vocabulary for words that are closest to the learned prompt embeddings based on the dot-product similarity. Table 7 shows some examples of the approximate learned prompts (token IDs are mapped to tokens via BERT tokenizer). Although these approximate auto-prompts are difficult to be understood by humans, they are suitable for the image captioner."
0a9c88250ed59db2,254247090,METHOD A. Tagging Methodology,micro,micro,0.9999947324223363,True,"We hang AprilTags [31] next to each cluster to identify the selected fruitlets. AprilTags were selected because they allow for fast cluster identification in computer vision systems. They are easy to detect and segment, and can be used as additional semantic information for fruitlet association as demonstrated in Section II-C2. Each fruitlet in the cluster is assigned a unique id for identification and tracking its size (Fig. 1). Fig. 1. An example of a tagged fruitlet cluster. An AprilTag is hung next to the cluster, and each fruitlet receives a unique id which is written on the back for identification."
68ea3b1264541f14,254247090,A. Dataset,micro,micro,0.9999988300763221,True,"3) Association Labelling: To label the data used to train to the fruitlet association network, a custom tool was developed (Fig. 11). Two images of annotated fruitlets and tags on different days are placed side by side, and the user matches the clustered fruitlets by assigning ids. 400 images were labelled to train the network, and datasets were divided into 70/15/15 training, validation, and test splits. Due to the limited size of the dataset, the data was augmented in several ways. Images were randomly flipped horizontally, and labelled bounding boxes were randomly shifted and scaled without requiring the width-height aspect ratio to be maintained. To make the network more robust to various graph structures, in each training batch nodes were randomly dropped from the graph and cluster prediction scores randomly shifted. Augmenting the data had a significant improvement on the performance of our network as demonstrated in Fig. 15."
18c685aee992f9e3,254274920,Methodology,micro,meso,0.9999548481369817,False,"A coherent group, or topic [31], contains tests whose images are united by a human-understandable concept [13,42]) and by a shared expectation [32]. ADAVISION's goal is to help users discover topics with high failure rates, henceforth called bugs [31,42]. Assuming a distribution of images given topics P (X|T ), a bug is t ∈ T such that failure rates are greatly enriched over the baseline failure rate: For a given topic, users start with a textual topic description (e.g. stop sign in Figure 1 left), and then engage in the test generation loop (Section 3.1), where ADAVISION generates test suggestions relevant to the topic. At each iteration, ADAVISION adaptively refines the topic based on user feedback on topic images, steering towards model failures. While users can explore whatever topics they choose (e.g. based on the task labels, application scenarios, or existing topics from prior testing sessions), ADAVISION also includes a topic generation loop ( Figure 1 right; Section 3.2) where a large language model suggests topics that might have high failure rate, based on existing topics and templates. At the end of the process, users accumulate a collection of topics and can then intervene on identified bugs, e.g. by finetuning on the failed tests to improve performance on fresh tests x ∼ P (X|t) from the topic (Section 4.4)."
c106d9c875d49b50,254274989,Ablation study,micro,micro,0.9576008898183899,True,"segmentation mask. We ablate three different decoder structures, which are shown in Fig. 5, corresponding to the architectures of SegFormer, SETR, our IncepFormer, respectively. The results are listed in Fig. 5, where we can see that IncepFormer-T(c) achieves the best performance and the computational cost is also low. In particular, IncepFormer-T(c) yields 0.2 mIoU improvement compared to IncepFormer-T(a). We speculate that the first MLP-layer in SegFormer decoder, where features from the encoder are unified to the same channel dimension, may lose the channel information."
54d9c8721092e610,254275003,Model Pre-training Stage,micro,micro,0.9133980641876749,True,"To circumvent this problem, we propose to add an additional class-agnostic binary classification head in Deformable DETR and train it to classify all predictions into either foreground or background classes. Since the binary classifier is trained without the need to classify the predictions into the exact object class, the model should be free from bias towards the current known classes. Therefore, the model can build unbiased feature representations which facilitates detecting unknown objects as objects in subsequent process."
73f0fe95df6a138a,254275003,Model Pre-training Stage,micro,micro,0.8437369101508774,True,"Since the matching cost of Deformable DETR takes into account both the class predictions and the similarity of the predicted and ground truth boxes, we combine the classagnostic binary classification head and the regression head to search for a optimal matching. Therefore, for the binary classification head, we further denote the set of N predictions aŝ 1}, 0 denotes foreground class, i.e. the current known classes, and 1 denotes the background class. During training, we collectively assign the predictions that match the ground truths of the current known classes with the foreground class as label 0, and the predictions of the background with the background class as label 1."
291d97342ab00116,254275009,Setup,micro,micro,0.9545195579948198,True,that the model generates more discriminative captions with characteristic information of images. Evaluation was conducted in a single run for each model. See Appendix 4 for the libraries and settings we used for these evaluations.
0d0858287db8831f,254275034,Ablation Studies,micro,micro,0.999758446275113,True,"Probability of Intra-domain Point-MixUp. In this section, we conduct experiments to validate the impact of the probability to apply Intra-Domain Point-MixUp. As shown in Figure 4 (b), a similar trend to (a) can be seen. As the probability increases, the performance keeps improving and reaches the peak with 76.2% in AP and 68.8% in NDS at the probability of 0.5. Higher probability doesn't give better results. All the performances are better than the model without the Point-MixUp (73.8% AP and 67.7% NDS). This also indicates the robustness and generalization ability of our model."
a212efab515e128e,254275139,Ablation studies,micro,meso,0.9985729891758,False,"Ablation studies of OCL. To verify the effectiveness of the class information of our OCL, we show the results of three models in Tab. 4, i.e., without, self-supervised, and, objectwise semi-supervised contrastive learning (our OCL). In Tab. 4, self-sup CL improves the model performance compared to w/o CL and OCL further improves the performance since it helps the model to learn more discriminative feature representation for objects from different classes. This supports the effectiveness of our OCL. Different localization quality measurements. In Tab. 5, we compare different localization quality measurements. Specifically, we compare box jittering [37], predicted IoU [33], and aleatoric uncertainty [15] in our RUPL. We use grid-search to find the best thresholds of box jittering [37] and predicted IoU [33] to filter pseudo-labels, and set them as 0.01 and 0.8, respectively. The model with aleatoric uncertainty [15] achieves the highest performance on the AP 50:95 . Different Regression Thresholds of RUPL. In this section, we show experimental results on how different thresholds of RUPL (T reg ) affect the detection accuracy. As shown in Tab. 6, the model achieves the highest performance when we set the threshold as 0.5. The detection accuracy decreases when we set a larger threshold or small threshold. With a larger threshold, the selected samples become more diverse but unreliable. While with a smaller threshold, the selected samples become more reliable but monotonous. Table 6: Detection accuracy with different regression thresholds of RUPL."
ac1050501d1ebf34,254275139,Ablation studies,micro,meso,0.5049097453337517,False,"Effectiveness of proposed modules. We remove each proposed module from our framework and report results in Tab. 3. Comparing (3) to (4), we can see introducingOCL can improve both AP 50 and AP 75 . This result demonstrates that the model benefits from more accurate pseudo-labels w.r.t classification. Comparing (2) to (4), we can see introducing RUPL can improve AP 75 but decrease AP 50 . We assume the reason is that RUPL makes the model focus more on regression than classification during training. Comparing (1) to (2-4), we can see the accuracy of (1) is significantly higher than that of (2-4), which shows applying both OCL and RUPL can lead to the best accuracy. We argue that the model can generate more precise pseudo-labels with more discriminative classification scores and the introduced localization uncertainties, which leads to the improvement of accuracy. We also show the mAP curves of different experiments during training in Fig. 4, which further supports the effectiveness of our proposed modules. We emphasize that the proposed OCL and RUPL can complement each other and synergistically improve the model performance."
9d9e03aeda90da6f,254275302,Ablation Test,micro,micro,0.638751942833501,True,"The attended operation only uses the attended feature A t from the attention gate as the current hidden state h t . The residual operation adds a residual connection between the hidden state h t−1 and the attended feature A t . From Table 5, we find that the residual connection achieves worse results because the temporal information from a long time window is not forgotten. On the contrary, our update gate outperforms two compared transfer methods while maintaining almost comparable computational speed."
0739d369cbfcd6a2,254275345,Ablation Experiments,micro,micro,0.9986544474089405,True,"From the above ablation experiments, it can be seen that the use of the dilated convolution module can significantly improve the detection accuracy of large objects, because the dilated convolution significantly im- proves the receptive field of the large object detection feature map and get more global information. However, the detection accuracy of small objects is significantly improved by using multi-level feature fusion and attention module. Since this module fuses different weighted the low-level semantic information and then fuses it with the high-level semantic information obtained by upsampling, so that the entire small object detection head contains more feature information of small objects."
01db4389f5a6df1b,254275438,Experimental Analysis,micro,micro,0.9999999929884276,True,"Ablation on Different Diffusion Transformer Number in SCD-Net. To explore the relationship between the performance and the Diffusion Transformer number in SCD-Net, we show the performances by varying this number from 1 to 3. As listed in Table 5, more stacked Diffusion Transformer in a cascaded manner generally leads to performance improvements. This finding basically highlights the merit of progressively strengthening the output sentence in a cascaded fashion. In particular, once the number of Diffusion Transformer is larger than 1, the performances are less affected, easing the selection of Diffusion Transformer number in SCD-Net practically. Finally, we empirically set the Diffusion Transformer number as 2."
ecaaaabc0ad9827d,254275438,Performance Comparison,micro,meso,0.9999633024194547,False,"Online Evaluation. In addition, we also evaluate our SCD-Net on the official testing set by submitting the results to online testing server 1 . Table 2 shows the performance comparisons. It is worthy to note that here we only report the performances of our SCD-Net with single model, without using any model ensemble as in some baselines (e.g., APN and AoANet). Similar to the observations in offline evaluation, our SCD-Net again surpasses all the singlemodel baselines across most metrics, including both autoregressive methods (e.g., SGAE) and non-autoregressive approach (CMAL). Moreover, the single model of our SCD-Net even attains comparable performances with the ensemble version of some state-of-the-art autoregressive methods (e.g., APN). The results basically prove the advantage of exploiting semantic condition in diffusion model for im- Table 1. Comparison results of SCD-Net with other state-of-the-art autoregressive and non-autoregressive approaches on COCO Karpathy test split for image captioning. † denotes the use of a superior object detector Pix2seq [5]. Qualitative Analysis. Figure 3 further illustrates the image captioning ground-truths and qualitative results of different approaches for five different images. In general, all the three methods are able to produce somewhat semantically relevant and linguistically coherent captions. However, the explicit modeling of key semantics in an image is overlooked in Transformer, which might result in word omissions (e.g., the missing of ""blanket"" in the first image). Moreover, the non-autoregressive Bit Diffusion sometimes produces low-quality caption with word repetition problem (e.g., the repetition of ""blanket"" in the first image). To address these issues, our SCD-Net novelly capi-talizes on semantic-conditioned diffusion model and guided self-critical sequence training to facilitate image captioning, leading to more accurate and descriptive captions."
39d6ebacf2c3fa1c,254275534,Ablation Study,micro,meso,0.9999192219312923,False,"Parameter Setting Analysis. In Table 4, we report the effectiveness of the performance according to the setting of model hyperparameters under Protocol 1 with MPJPE. There are two major hyperparameters of the network, i.e. the number of pose hypotheses and the model dimension d m , and we evaluate the choice of each configuration. Based on the results, we choose the combination of N = 10 and d m = 384 which produces the best performance with efficient model parameters (3.22M). Noise Scheduling. We conduct an experiment for each noise schedule. The number of hypotheses and the model dimension is set to 1 and 256, equally for both cases. With linear noise schedule [9], we obtain 54.9 mm error for protocol 1. In the same hyperparameter setting, we obatin 50.7 mm error, which is about 7.7% lower. We can conclude that the cosine schedule is effective for small data, as in image domain. Visualization of Affinity Matrix. As DiffuPose leverages a learnable affinity matrix for denosing GCN, we qualitatively demonstrate the effectiveness of the modulated affinity matrix compared to the naive binary affinity matrix. As shown in Figure 4, the modulated affinity matrix exhibits much broader connection by learning the connectivity between two joints which are physically disconnected but semantically connected such as arms and legs."
496ac280e6c38288,254275534,Datasets and Evaluation Metrics,micro,micro,0.757282862567422,True,"HumanEva-I [36] is also a popular 3D human pose dataset, which is much smaller than Human3.6M. It contains 7 video sequences captured from MoCap. 4 actors perform 6 different actions such as Walk, Jog, Gesture, etc. We use protocol 2 (P-MPJPE) as error metric. Following [25,30], we divided the data into train/validation sets with Walk, Jog, Box action, and the validation set is used for testing."
cfe38f51f90e8e85,254275536,Training,micro,micro,0.9705646055485128,True,"Output-level Knowledge Distillation: The learned class knowledge is maintained by two output-level knowledge distillation losses [11] between the current probability, p (t) , and the output from the teacher model trained on the previous increment, p (t−1) . The first loss is the foreground multinomial cross-entropy loss that maintains the intraclass variations (8). The second loss is a binary cross-entropy loss, which maintains the uncertainty with respect to the previous classes (9). These two knowledge-distillation terms works as regularization terms to maintain the hidden knowledge of the previous model."
65bb503726e988bb,254295828,Experimental setup,micro,meso,0.9981813489826113,False,"Each gesture was requested to be performed four times with a rest interval of ∼10 s to obtain more available data. For every gesture of a hand, four images were obtained. The images were taken 40-50 cm above the hand between a slightly radial view and a slightly ulnar view using a smartphone (iPhone XS Max, Apple Inc., image resolution: 1,980 * 1,080 p) to make them more different. If the forearm had limited supination, images would be taken from the exact distance parallel to the palm."
854118d8fd950262,254323071,Training Setting,micro,micro,0.9999739510422194,True,"Another characteristic that has been tuned is anchor boxes, an essential parameter for quality object detection. Anchor settings are specified with anchor scales and ratios, while anchor strides correspond to feature-map strides. To obtain more scales in each location, to increase the possibility of fixing the object correctly, more scales and ratios were added."
170dbef9f2550d3d,254336968,Evaluation,micro,meso,0.9990175303451105,False,"Finally, to further evaluate the strength of these effects, we quantitatively investigated the variations in joint angle estimation using different models. As a measure of the strength of the effect, the maximum variation ∆ of angle estimation due to face blurring was defined for each joint j, i.e., where RMSE max and RMSE min were respectively the maximum and minimum values among all the inference results estimated with different models on joint angle j, with SD max and SD min being those of the standard deviations of the differences."
6b2fdbc6c1a95204,254366267,Method,micro,micro,0.9987590401053781,True,"SGR consists of four main steps. First, we divide the image into a set of K soft latent concept regions of size W × H each. This is achieved by computing the similarity of each input feature column to the learned concept embedding. The representation of the concepts, which ultimately drives the soft concept segmentation, is learned in a weakly-supervised manner where unions of activated concept regions are supervised by connected segments of ground-truth semantic segmentation labels. Second, we form representations for each concept region by aggregating input feature columns corresponding to it. This is similar to context vector aggregation in soft attention and results in a set of K latent semantic token representations. We add positional embeddings corresponding to the centroids of their regions to the token representations [22,46]. This is important for concept disambiguation (e.g., a low-textured blue token in the lower-and upper-part of the image can be disambiguated, permitting distinctions between sky and water). Third, we perform global reasoning across these semantic tokens by refining their representations using a Transformer [46]. Transformers are effective at capturing global relations among tokens and are more efficient and easier to use than GNNs [17]. Fourth, we fuse information from refined semantic token representations back to the input CNN feature map. This is achieved by back-projecting semantic token representations using the same soft concept regions. Ultimately the result of applying SGR is a refined feature map of original resolution W × H × C, which is then passed to the segmentation head as shown in Fig. 2."
bf9e27166446a8c2,254366299,PROPOSED METHOD,micro,micro,0.9897220870505825,True,"The proposed I2IT module consists of four types of components: encoders, separators/combiners, decoders, and two loss modules: discriminator and perceptual networks. The encoder and decoder components are employed during both the training and testing phases to discover latent representations and then synthesize the target-styled images, whereas the discriminator and perceptual loss networks are only employed in the training phase in order to optimize the objective function."
68c2e0af6fd32446,254366529,Overall Architecture Design,micro,meso,0.9696132802866685,False,"i. 2D keypoint output decoding: We firstly perform a 3×3 max pooling operation on the head center heatmap to locate a middle center point (c x ,c y ). Then, it is corrected by adding offsets (υ c x ,υ c y ) to get final center point (ĉ x ,ĉ y ). For each detected center point, displacement-based keypoint locations (k d xi ,k d yi ) (i ∈ {1, · · · , 8}) are given by adding the 2D x-y displacements (d p xi ,d p yi ). Next, heatmap-based keypoint locations (k h xi ,k h yi ) are extracted by finding high confidence peaks in the corresponding heatmaps that are within a margin of the 2D head bounding box. Both keypoint locations are further adjusted according to the sub-pixel offsets (υ p xi ,υ p yi ) to generate final fine-grained keypoints (k xi ,k yi )."
7940e9187d3f6126,254366529,Overall Architecture Design,micro,micro,0.998523999418258,True,"II. Multi-heads regressions: There are seven output heads with a size of W × H × (c), where c means the channel of each output branch. Seven output branches are divided into three groups: three for head detection (head center related heatmap, offsets and bounding box size), three for keypoint detection (keypoint related heatmaps, offsets and displacements), and one for relative dimension estimation."
b7ae29956ad79478,254408497,Pixel-wise coral segmentation with the trained neural model,micro,micro,0.9120179968873171,True,"Displaying coral reefs with complex spatial structures in 2D images is neither intuitive nor discoverable in their rich Figure 6. Visualization of the coral mesh models textured with masks from semantic segmentation. detail, so it becomes natural to consider about 3D visualization. We project segmentation masks from 2018 and 2019 in the study area obtained from the trained neural model above to the corresponding mesh models, as shown in Figure 6. From the models in Figure 6, we can see the coral reef growth variations clearly. This will help ecologists a lot to study corals in a three-dimensional, understandable and intelligent way. In Figure 6, the dark pink labels are live Pocillopora corals, the light pink labels are dead Pocillopora corals, and the others are the background segmented by us. We can find a lot of bleaching or dying of Pocillopora corals from 2018 to 2019. Pocillopora corals are globally representative and are the first to be affected by the ongoing heatwaves of the oceans. The coral data studied in this paper were collected in late August 2018 and 2019 through underwater remote sensing technology, respectively. According to scientists at UC Santa Barbara, the heat wave of Moorea Island, which started in December 2018 and lasted until May 2019, was one of the strongest marine heat waves they have observed in the past 30 years [46]. They report that the prolonged heatwave, exceeding 29 degrees Celsius, caused about half of the Pocillopora corals to bleach or die. This is in good agreement with the coral variation data extracted in this paper, showing the value of our method in processing coral observation data archiving and quantitative analysis."
5378bdbe72e0eb65,254408510,Ablation Study,micro,micro,0.9998629957351063,True,"Single Branch Attention Block. Additionally, to better ex- plain the benefit of introducing two-branch attention blocks, we conduct the comparative experiment with one derivative of our model only containing a single branch. Specifically, as shown in Figure 4, it can be regarded as fusing the two branches into a single branch. We force the support and query features to update simultaneously when they are input to the next block. Table 4 shows the performance on the abdominal-MRI dataset. As can be seen, CRAPNet consistently has better performance no matter which organ category, and this well validates the necessity of taking two branches into account in the context of medical image segmentation. In particular, the overall dice score drops over 3%, and the potential reason is that some critical information is lost when updating the support and query features. Nevertheless, when two branches are considered, there is only one kind of feature will be updated, with another one unchanged."
2dec82359d72fb84,254408526,B. Implementation details,micro,micro,0.9985342037107314,True,"Both the student and the teacher network is initialized with the source model which is trained in the source domain. The student network (S) is trained with the Stochastic Gradient Descent (SGD) [70] optimizer with Nesterov acceleration. The initial learning rate is set to 2.5 × 10 −4 and 2.5 × 10 −3 for the feature extractor (F) and the classifier (C), respectively. The momentum is set to 0.9, and the weight decay is set to 5.0 × 10 −4 . The teacher network is updated once in 100 iterations with the parameters of the student network, setting the smoothing factor as 1.0 × 10 −3 . The Adam [71] optimizer is utilized for training the metric network (M) with the initial learning rate of 3.0 × 10 −4 . The learning rates of both optimizers are scheduled with polynomial weight decay with the power of 0.9. All the networks are trained concurrently, enabling end-to-end training."
8dd484fc14a8bdbd,254408528,Evaluation,micro,micro,0.9643190078763095,True,"Qualitative evaluation To understand the method's behaviour, we show some examples selected by our margin technique in Fig. 3. The sum accumulation method clearly results in images being selected that contain a large number of objects. Therefore, we observe empirical evidence for our reasoning in Sect. 3.2."
e4dfa4e86a220605,254408639,Data efficiency analysis,micro,meso,0.5959537768745619,False,"the data efficiency of ViTPose under different settings, we first train them with only the MS COCO dataset and the combination of MS COCO, MPII, AIC, and COCO-W datasets, respectively. Then, we demonstrate their generalization ability by further finetuning them on two different datasets, i.e., InterHand2.6M [58] and AP-10K [19], to make a comprehensive evaluation of the generalization ability on datasets with different domain shifts, i.e., human body → human hand and human body → animal body. Specifically, we use the 10%, 20%, 40%, 60%, 80%, and 100% percentage of the training data for fine-tuning. During fine-tuning, we ensure the models are fine-tuned with the same amount of data by keeping the same number of iterations."
ee4267783e2c3936,254408854,Training Strategies,micro,meso,0.9922185962601345,False,"Warmup. Due to the inconsistent distribution of the datasets mapped to the unified taxonomy, we use a linear warm-up learning rate schedule to reduce volatility in the early stages of the training [41]. The gradual warm-up strategy contributes to ensuring the stability of the model. The learning rate lr using the warm-up strategy is defined as lr = start lr + (end lr − start lr) × cur step warmup steps (3) where start lr is the initial learning rate, end lr is the final learning rate in the warmup stage, cur step is the current training step, and warmup steps is the total training steps which apply warm-up strategy."
00a016d66287902c,254408962,Overall Architecture,micro,meso,0.9502786407041104,False,"Within our proposed UNETR++ framework, each EPA block comprises two attention modules to efficiently learn enriched spatial-channel feature representations by encoding the information in both spatial and channel dimensions with shared keys-queries scheme. The encoder stages are connected with the decoder stages via skip connections to merge the outputs at different resolutions. This enables the recovery of the spatial information lost during the downsampling operations, leading to predicting a more precise output. Similar to the encoder, the decoder also comprises four stages, where each decoder stage consists of an upsampling layer using deconvolution to increase the resolution of the feature maps by a factor of two, followed by the EPA block (except the last decoder). The number of channels is decreased by a factor of two between each two decoder stages. Consequently, the outputs of the last decoder are fused with convolutional features maps to recover the spatial information and enhance the feature representation. The resulting output is then fed into 3×3×3 and 1×1×1 convolutional blocks to generate voxel-wise final mask predictions. Next, we present in detail our EPA block."
13185fa4d2a17d94,254408972,Proxy Model,micro,micro,0.5004102963131125,True,"Model Architecture and Training As in Tseng et al. [5], our proxy model consists of a multilayer perceptron (MLP) followed by a convolutional decoder. The MLP takes as inputs the 22 lens variables as well as the field value, and is composed of two hidden layers with 128 units and an output layer with 32 · 32 · 3 + 2 = 3074 units. The last 2 units are used for the relative illumination factor and distortion shift. The rest are reshaped (32×32×3), then fed into the decoder with the following architecture: • two 3×3 convolutional layers with 64 output channels (output size is 32×32×64); • transposed convolutional layer for 2× upsampling; • two 3×3 convolutional layers with 64 output channels (output size is 64×64×64); • transposed convolutional layer for 1× upsampling to closely follow Tseng despite a smaller PSF size (output size is 65×65×64); • 3×3 convolutional layer with 3 output channels (output size is 65×65×3). Then, we obtain the PSFs by normalizing the outputs , in addition to vignetted rays (not shown), the lens deviates further from the starting point and ends up with strong pupil aberrations that cannot be handled by a single ray-aiming correction step. In (e), overlapping lens elements result from the removal of the ray path loss. In (f), without the spot size loss, only the noisy object detection loss drives the optimization process; as a result, the lens diverges significantly from the starting point and ends up with a mean spot size 9.6 times the one of the baseline lens."
438d63ecef4d3dbc,254408972,Optical Image Formation Model,micro,meso,0.9999999774082001,False,"computed through the ray-counting method: setting a virtual detector on the image plane and counting the rays hitting each bin (see Fig. 5). As the PSFs of rotationally symmetric lenses are invariant to azimuth, here they are sampled radially at n h = 21 equidistant field values h, then interpolated, rotated, and resized to fill the PSF grid (see Fig. 3(a)). First, for each field, we span the entrance pupil uniformly with rays-each representing an equal pupil area and amount of energy-and trace them up to the image plane to obtain the x ∈ R nr and y ∈ R nr coordinates that compose the spot diagrams. The pupil sampling scheme (n p = 2048) corresponds to 32 equally spaced concentric circles with jittering to properly sample the outer edge of the pupil (see Fig. 5(a)). We trace n w = 15 wavelengths: 5 for each color channel which are selected from the quantum efficiency of a typical sensor (here, we use the Sony IMX172, see supp.)."
79c4facf014b83de,254408980,Ablation study,micro,meso,0.4281687266321714,False,"Finally, using the full 3DLabelProp has two advantages: it keeps on improving the overall generalization performance when compared with other KPConv approaches and the various geometric modules help speed up the inference to better reach decent performances. The speed is computed for the inference on nuScenes."
d29338700ab1d463,254429992,Evaluation of PERSSA,micro,micro,0.9495000620121424,True,"The best value (Best), the average value (Avg), the standard deviation (SD), and the time consumption (T) were selected as the evaluation indicators based on the accuracy and speed of the optimization algorithm, and the unit of T is seconds. Since the sparrows' initial positions are random, the average value of 60 optimization experiments was taken for the Best, Avg, and SD, and T is the total time spent during the experiment. The relevant statistics are provided in Table 3, in which the bold characters are the best values when comparing the seven optimization algorithms horizontally."
7b6d2dc3b6cd8584,254438543,Fashion-MNIST Dataset,micro,micro,0.9829330704851481,True,"We chose this dataset for two reasons: the first one is that it is complex, and some classifiers only rarely can achieve a perfect score on it, so there is still an open window for optimization. The second reason is that some researchers used it for testing new methods, so that we can compare our results with many works."
95323fabfaf550ec,254449293,Evaluation Metrics,micro,micro,0.552133767082501,True,"• Sensitivity or recall It measures [53,54] the number of false and true images. It is otherwise known as the positive rate. The calculation of recall is given in Equation (24)."
131c0b26fb20248b,254478487,CNN Architecture,micro,micro,0.9999558979669559,True,"For fine-tuning of E7/E8 experiment, at first, a training process, which is the same as E1/E3, was performed until 3000 epochs, and then an additional training process that uses 1620 RGB-based images was performed until 1000 epochs."
bcbb12c53149f7d0,254478487,Result,micro,meso,0.9999903520414217,False,"Examples of qualitative results are presented in Figure 7. The S0 row represents the result of the previous method (only mask) and the other rows show the result of the proposed method. We chose the result of condition S10 (edge and mask, no filter, width 2) because it shows the comparatively highest performance in other conditions. At E5/E6, due to the domain shift, pose estimation is worse than that of E2/E4. In contrast, at E7/E8, pose estimation performance is as high as that of E2/E4 or the previous method. With regard to the distance between an object and a camera, the estimation error is not changed, depending on the distance. That is because both learning and inference datasets include near and far data. Table 2. Translation error. S0 is the previous method. S1~S12 are the proposed methods. 's.d.' means standard deviation. N/A means the training is not converged. ↓ means lower value is more accurate."
5c96228a250fe2de,254523626,RESULTS AND ANALYSIS,micro,meso,0.9999999646696912,False,"Technically, the image obtained from Middlebury is a difficult image to process accurately depending on the corresponding point. The original image that is developed may contain differences in pixel values and it is even developed to test the robustness of an algorithm where the same relevant point is used. In addition, each image can be viewed from various perspectives in terms of objects of a particular color, shadows, discontinuity regions, and obscured areas. Figure 3 shows the results from the KITTI 2015 dataset which these three inputs left reference images are labelled as #000002_10, #000003_10 and #000004_10 in the database. These images are captured from the real environment. The disparity map results are displayed in grayscale color. The results show clear depth estimation with almost accurate objects detected. High grayscale intensity means the object is closed to the stereo camera and for the lowest grayscale value indicate the objects are faraway. Figure 4 shows the disparity map images and the results have been improved containing low textures surfaces such as recycle, Adirondack, and piano. The contours with varying depth and dispersion are also clear and visible. Apart from that, the worst of them all, namely Jadeplant, Playtable, vintage, and PianoL show that plain color objects and shadows are difficult to match. Regions that match similar pixel values make it possible to get wrong matching is very significant. From the results uploaded to Middlebury benchmark, it is collected as a whole the results of the proposed method along with other published methods based on quantitative measurements in Table 1 and Table 2. From these results as well, the results produced by Middlebury benchmark are described previously and in the tables are compared each result produced by published methods. It is the competitiveness of the proposed work that shows the level of effectiveness of the proposed algorithm. The proposed algorithm is at the second top rank of the table which is 9.68% for errors and 18.9% for errors. On average, which Table 1 that is error, it can be compared with other proposed algorithms where disparity stereo geometry cross aware (DSGCA) is in third ranked followed by pixel pair based guided filter (PPEP-GF), sample photoconsistency (SPS), image edge brightness image (IEBIMst), semi-global matching 1 (SGBM1), and multi-windows noise effected (MANE) are the lowest which is 11.9% error. While in Table 2 shows all the errors that are compared and shows semi-global matching 1 SBGM1 is in third ranked followed by MANE, double guided (DoGGuided), dynamic filter (DF), random-normalised cross control (R-NCC), and binary streo matching (BSM) are at the lowest which is 23.5% error. It is clear that the table shown can be competitive with other published work and this comparison is shown in detail. The method Kong et al. [14] is the lowest error based on the results in Table 1 and Table 2 respectively. However, the proposed method in this article still produced good results and image for the PianoL compared to area cross region guided filter (ACR-GIF-OW) [22]. Figure 4. Image results from proposed algorithm was evaluated using Middlebury benchmark dataset"
9a556cfa7ee91d79,254529873,Ablation Study for Fuzzy Blocks,micro,meso,0.9867138126292099,False,"The effectiveness of the proposed channel and spatial-wise fuzzy blocks can be shown in Figure 8 and Figure 9, respectively. The most common misclassification is the tumor area and the background area because both areas contain low intensities. The misclassification patches are marked by red rectangles in Figures 8 and 9. They are correctly classified when applied the SFB or CFB individually."
0a0582c8c1ba9b98,254535555,Datasets and Evaluation Metrics,micro,meso,0.9946535047764601,False,"• Head Translation Error (T head ) is computed by taking the mean Euclidean distance of two trajectories. We use this metric to measure the head joint translation errors in millimeters (mm). • MPJPE represents mean per-joint position errors in millimeters (mm). • Accel represents the difference of acceleration between predicted joint positions and ground truth joint positions measured in mm/s 2 . • FS represents foot skating metric and is computed following NeMF [5]. Specifically, we first project the toe and ankle joints' velocity to the xy plane and compute the L1 norm of the projected velocities in each step denoted as v t . We only accumulate the horizontal translation for those steps that have a height h t lower than a specified threshold H. And the metric is calculated as a mean of weighted values v t (2 − 2 h t H ) across the sequence and is measured in (mm)."
42fab984ea9b03d0,254535555,Datasets and Evaluation Metrics,micro,micro,0.9998876845209588,True,"• Head Orientation Error (O head ) computes the Frobenius norm of the difference between the 3 × 3 rotation matrix ||R pred R −1 gt − I|| 2 , where R pred is the predicted head rotation matrix and R gt is the ground truth head rotation matrix."
82a8ee4ca4adfa2e,254535609,A.3. Training and Evaluation Datasets,micro,micro,0.9965131799854535,True,"Semantic segmentation datasets for zero-shot segmentation: We use the following semantic segmentation datasets for zero-shot evaluation on the task of semantic segmentation: a) Pascal VOC [16]: it has 20 foreground classes and 1 background class with 1449 validation images. We measure performance only on foreground classes and mask predictions with entropy above 1.5 as background, b) Pascal Context [36]: it has 59 classes with 5k validation images of indoor and outdoor scenes, c) COCO Stuff [4]: it has 172 classes categorised into either ""thing"" classes or ""stuff"" classes and has 5k validation images, d) ADE20K [63]: the version we evaluate on is widely used and has 150 classes with 2k validation images. For all datasets, we report the mean intersection over union (mIoU), the most popular evaluation metric for semantic segmentation."
cb857a7793610c4d,254535609,Datasets Model,micro,meso,0.9986457623909655,False,"we provide qualitative segmentation results from various indoor and outdoor scenes from ADE20K. Similar to our observations in the main paper, we find that the zero-shot segmentation results are decent and our models can recognise a large variety of concepts without ever having been trained on segmentation annotations or masks for any of them. This shows the potential of using the scale of large image-text datasets for zero-shot transfer to semantic segmentation."
04f912815c4bc1b6,254535618,Ablation Study,micro,micro,0.9997930697552246,True,"To verify the superiority of our D-GC, we conduct experiments by setting the number X-Sub (%) X-Set (%) GFLOPs # Param. DC-GCN [4] 84. of branches of the spatial module to 1, 2, and 4, and the extension ratio r to 1, 2, and 3. Tab. 4 shows that performance of our model does not change according to extension ratio r. However, considering that there is a large performance margin between the ensemble results with two models and four models, as shown in Tab. 1, this heuristically shows that the learning pattern of the model is also different if the extension ratio is different. In addition, the larger the number of branches, the lower the model complexity, and the better the performance as the receptive field increases. In particular, the model with 4 branch layers shows the best performance regardless of the value of r."
5f188198aec7cd41,254535618,Network Architecture,micro,micro,0.9910705540645981,True,"The output channels of each block are 64, 64, 64, 64, 128, 128, 128, 256, 256, and 256, and each block includes independent spatial and temporal module, and residual connections [9] for stable learning. For data composed of the time-series x t , y t , and z t coordinates, we utilize the motion vector dX dt ≈ [ x t+1 − x t , y t+1 − y t , z t+1 − z t ] differently from existing methods [2,4,25]. Coordinate and motion data pass through four spatio-temporal blocks independently, and then they are concatenated to take account of those two modalities in a single network. Our overall architecture is shown in Fig. 4 (a). Spatial Module. Inspired by [1,7], we construct a multibranch spatial module based on D-GC. Our spatial module has 2 layers in series and 4 operations in parallel, as shown in Fig. 4 (b). This module first passes the input feature map F in through a feature transformation block, which is the IFC module. For efficient computational complexity, we place the IFC modules only on specific layers of the model, and place point-wise convolution on the remaining layers. After the block, we divide the transformed features into four, and feed them into four branch operations with an extension factor r, similar to [1], where the kernel size is fixed to 3: where Φ denotes the D-GC operation in Eq. (10) and d denotes the dilation of each GCN operation. Then, all four branch operation results are concatenated to create a new output feature map F out ."
86d865277a86e1e6,254535650,Multimodal Prototype-Enhanced Analysis,micro,micro,0.8840910289639241,True,"To explore the correlation between PRIDE and accuracy, we conduct an experiment of performance gains and correlation analysis of PRIDE and accuracy on each category of HMDB51. We randomly sample 10000 test episodes to compute accuracy and PRIDE values. As shown in Fig. 3a and 3b, MORN achieves significant gains on both PRIDE and accuracy. Furthermore, we find the two evaluation metrics follow a similar pattern, e.g. pushup ranks top-2 on PRIDE and top-1 on accuracy. To further verify the correlation between the two metrics, we conduct a Pearson correlation analysis between PRIDE and accuracy as shown in Fig. 3c. We find that 44% of the variance can be explained by a positive linear correlation between PRIDE and accuracy. Our results further demonstrate the rationality of our proposed PRIDE evaluation metric and that PRIDE can complement the accuracy evaluation."
5e1f8eae52ab2f29,254535666,Experiment,micro,macro,0.9989377666447217,False,"The following two comparisons were conducted. First, we compared the estimates of the joint positions of the two human operators with the ground truth. Human operators were asked to annotate the positions of the six joints on the LED-off video sequence. Second, we compared the estimates from the learning-based pose estimator with the ground truth. MMpose was used as the learning-based pose estimator and was applied to the LED-off video sequence similarly to the human operator case."
7884068bdec8e1f1,254535716,Ablation Studies,micro,meso,0.9998708911227776,False,"Camera Components. To validate the design of our camera stream, we conduct ablation experiments to quantify the contribution of each component proposed in our model. In Table.4 row a and row b, the sole introduction of semantic points surpasses LiDAR-only [10,14] method by 4.31% in mAP and 2.39% in NDS. In Table.4 row b and row d, adding semantic embedded camera features further boosts the detection performance by 0.92% in mAP and 0.38% in NDS. In Table.4 row e and f, semantic masking achieves comparable detection performance while reducing the pseudo points by an average of 84.36%. This confirms the effectiveness of semantic features with masking which filters out the irrelevant background features. The marginal gap can be closed by a more accurate instance segmentation model. Different Query Number at Inference. The non-parametric initialization for the queries allows the modification of query number during inference [14]. Our approach is trained with 200 queries and the performance of different queries number during inference is evaluated and listed in Table.6. The performance increases and tends to be stable when the query number exceeds 200. We use the results of 300 queries for slightly better performance. The current model still has unsatisfying performance under night and over-exposure conditions. We believe a transformerbased backbone [44] can enhance robustness to illuminations and further boost the detection performance. In addition, the superiority of our approach increases as the range increases. We would like to further investigate performance on far objects which are beyond nuScenes range: 54m since distant object detection is extremely important for L2+ high-way ADAS applications. We also hope that our work will inspire further investigation of semantic and geometric influences during multi-modality fusion."
b822f1cc601184af,254535716,Ablation Studies,micro,meso,0.9779026440019957,False,"Fusion Module. In Table.4 (row c and d), ablation experiments on two different fusion modules are shown: a convolutional fuser and an additive fuser. Convolutional fuser with the broader receptive field may compensate for the inaccurate depth prediction as claimed in BEVFusion [10]. However, no obvious improvement is seen in our SemanticBEVFusion. The results confirm the importance of semantic view mapping, compared with depth attention."
21a007e18a6fd7a1,254535732,Ablation Studies,micro,macro,0.5841519566663117,False,"CINMix. CINMix is proposed to diversify the layouts in the source domain by extracting instances from the vendor scene and mixing them to the client scene under the two geometry constraints. The instances are obtained from the density-based clustering on the points of thing classes. As shown in the 2nd row of Tab. 2, CINMix can improve the performance on ScanNet and S3DIS datasets by 0.8% and 1.03%, respectively, which demonstrates the effectiveness of CINMix in generating diverse and realistic scenes."
6483e225136a2c8d,254535732,Experimental Setup,micro,meso,0.9999889186844784,False,"As we are the first work focusing on domain generalized semantic segmentation in 3D indoor scenes, we compare our method with the model trained only with cross entropy loss on the source data (source only). In addition, since virtual scan simulation (VSS) [9] plays an important role in narrowing the domain gap by adding noise and occlusion, we use the source only model with VSS as a strong baseline."
817b9cb1e11f0ba0,254535933,Model Architectures,micro,micro,0.9296391893086223,True,The architecture with the Swin Transformer backbone is as shown in Figure 1. The inputs to the model are video frames from each view with respect to a single participant. Each of the video frames are processed through the Swin Transformer Block [8].
0b60f506e19d1667,254535947,Experimental setup,micro,micro,0.9983401259541703,True,"Evaluations. We use the mean of intersection-overunion to evaluate the segmentation performance for all runs, using ResNet-50 and ResNet-101 as the encoder separately. Following CPS [7] and U 2 PL [45], we also adopt the sliding evaluation to examine the performance on validation images of Cityscapes with a resolution of 1024 × 2048."
0062a5356ed4ad0d,254535959,Experimental Approach,micro,meso,0.998141730003013,False,"Furthermore, we consider adding shortcut-reducing appearance augmentations, as we find that InsLoc may not adequately discourage the model from attending to shortcuts that are non-robust in appearance-shifted scenarios, such as high-frequency noise and texture or color histograms. One strategy we explore is Poisson blending (Pérez, Gangnet, and Blake 2003), which is a method to seamlessly blend crops into a background image. We use Poisson blending instead of simple copy-pasting in InsLoc to reduce contrast between foreground and background regions, effectively making the pretext task harder as the model cannot use contrast as a shortcut to solve the task. It is also found that Poisson blending can introduce random illumination effects from the background, which may be desirable to learn invariance towards for appearance shifts. Second, we explore the texture flattening application of solving the Poisson equation, as it washes out texture and changes brightness while only preserving gradients at edge locations. We reason that this augmentation can be effective to teach the model to not overfit to high-frequency texture shortcuts. Last, we investigate elastic deformation (Simard et al. 2003), an augmentation that alters images by moving pixels with displacement fields. This augmentation can help make features more invariant to local changes in edges and noise shortcuts. We illustrate our proposed use of these strategies in Fig. 2. Augmentations are applied 100% of the time, unless otherwise noted. We use Poisson blending and texture flattening as provided in the OpenCV library (Bradski 2000) and the algorithm of (Simard et al. 2003) for elastic deformation."
821f6687289b983c,254536010,Training Details,micro,micro,0.9999999955173318,True,"First, to locate the object in RGB images, we fine-tune the YOLOv3 pre-trained on COCO dataset [44] with the training dataset. Then we jointly train the 3DGC autoencoder, rotation estimation and residual estimation network. The total loss function is defined as: L Shape = λ seg L seg + λ rec L rec + λ R L R + λ res L res , (8) where λs are the balance parameters which are set to keep different loss values at the same magnitude. We use cross entropy for 3D segmentation loss function L seg ."
c24931ef6b94d112,254536010,Training Details,micro,micro,0.8601941008135738,True,"We adopt Adam [45] to optimize the FS-Net. The initial learning rate is 0.001, and it is halved every 10 epochs. The maximum epoch is 50. During inference, given a 640× 480 RGB-D image, our FS-Net runs at 20 FPS on Intel i7-4930K CPU and 1080Ti GPU. Specifically, the 2D detection takes about 10ms to proceed. The pose and size estimation takes about 40ms."
21639d9bb05f516b,254563748,Setup,micro,micro,0.9883399221525965,True,"Iterative students. Since our method is not based on a mu- tual training between the teacher and student models, the pseudo-labels used for the student are fixed. However, if we can obtain better results by the end of its training, we can expect to have better candidate labels by using the student as our new teacher. Before we replace the student as our new teacher, we fine-tune the student on the labeled dataset only for a few gradient descent steps. This idea has already been used by Vandeghen et al. [25] to refine the ROI Heads with only trustable ground-truth labels. As it is shown in Table 5 for COCO-standard and in Table 2, this final trick is highly effective."
544ce6e0c7f8c2ba,254563841,Method 1: Counting operations in the model,micro,micro,0.9999995045439415,True,"GPU-days describe the accumulated number of days a single GPU has been used for the training. For example, if the training lasted two days and a total of five GPUs were used, that equals 10 GPU-days. By multiplying the number of GPU-days by the performance of the GPU, we can infer the amount of compute, in FLOP, that was needed to train the model. In particular, the formula used is the following: Training compute = Training time (in seconds) × Nr. of cores × Peak FLOP/s × utilization rate, where peak performance in FLOP/s is found in the relevant GPU datasheets, and the utilization rate corrects for imperfect hardware utilization, for which 0.3 is often a reasonable baseline (see Sevilla et al. 2022), which is the utilization rate that we often assumed in case we could not otherwise derive it."
91d3a5a8b46f3e5e,254563841,Empirical model,micro,meso,0.9999771388449668,False,"The model we use to get the main conclusions of this paper is as follows: Here, σ : ) is its inverse function, and P ∈ (0, 1) stands for our metric of performance, which in this case is top-1 accuracy on the ImageNet test-set. C denotes the effective compute budget and D denotes the effective data budget in the model (both in logarithms), which are defined as follows: If we imagine setting the noise term to zero, the model implies that P behaves as the product of two sigmoid terms. The model can be shown to approximate to a familiar functional form that others have found in prior work on neural scaling laws, i.e., compare the following approximations implied by our model to those found by Hoffmann et al. 2022: Throughout, compute refers to the number of FLOP performed, and data refers to the number of images in the training set used to train the relevant model. We normalize compute and data by dividing these by 4.7 × 10 17 and 1.28 × 10 6 respectively, as these are the values of compute and data used in Krizhevsky, Sutskever, and Hinton 2012. This is done in order for AlexNet to be a natural baseline, as well as to simplify the associated maximum likelihood estimation problem."
094dd367da4d7a6b,254563910,A. Evaluation on KITTI Dataset,micro,meso,0.9987029724336229,False,"More details, the DeeplabV3+ is pre-trained on Cityscape 2 , and the Cylinder3D is trained on KITTI point clouds by taking points in 3D ground trues bounding box as foreground annotation. For AAF module, m = 4, C 1 = 64, C 2 = 128, respectively. The voxel size for PointPillars and SECOND are 0.16m × 0.16m × 4m and 0.05m × 0.05m × 0.1m respectively. In addition, both of the two baselines use the same optimization (e.g., AdamW) and learning strategies (e.g., one cycle) for all the experiments. In the DFF module, we set C = 256 and C = 512 for SECOND and PV-RCNN framework and C = 64 and C = 384 for PointPillars network. The kernel and stride size are represented with k and s in Fig.5, respectively. The proposed approach is implemented with PaddlePaddle [65] and all the methods are trained on NVIDIA Tesla V100 with 8 GPUs. The AdamW is taken as the optimizer and the one-cycle learning strategy is adopted for training the network. For SECOND and PointPillars, the batch size is 4 per GPU and the maximum learning rate is 0.003 while the bath size is 2 per GPU and the maximum learning rate is 0.001 for PV-RCNN. Quantitative Evaluation. We illustrate the results on 3D detection and Bird's-eye view in Tab. I and Tab. II respectively. From the table, we can clearly see that remarkable improvements have been achieved on the three baselines across all the categories. Taking Pointpillars as an example, the proposed method has achieved 0.43%, 6.65%, 1.55% points improvements on ""Car"", ""Pedestrian"" and ""Cyclist"" respectively. Interestingly, compared to ""Car"", ""Pedestrian"" and ""Cyclist"" give much more improvements by the fusion painting modules."
6ba5b5c119bba802,254563926,Ablation Studies,micro,micro,0.9994718747644121,True,"Effectiveness of multiple features. To investigate the importance of the multiple feature representation, we test the system using only the average or the maximal pooling layer of the backbone (denoted as ""AVG"" and ""MAX"" in Figure 3(a)) to calculate the features of clips. From Table 2, the ""MAX"" variant performs similarly compared to the ""AVG"" variant. Moreover, using both features performs best by a comfortable margin in terms of all three metrics, a 2.1 gain in ROC-AUC, 1.1 gain in mAP and 0.67 gain in max F1. We conclude that the multiple features are partly complementary in capturing semantic information in videos. (4). K = 1 implies that our method uses the convolutional graph layer instead of self-attention encoding to capture the relations among video clips. From the results shown in Table 3, the ROC-AUC and AP scores increase with K before the optimal performance (K = 4) is achieved. This result indicates that self-attention encoding can model the temporal semantic relations among video clips effectively. However, the effect is not large and it is difficult for more heads of self-attention encoding to improve the performance. For K = 6, we achieve slightly inferior ROC-AUC and mAP scores even though our F1 score improves. Due to better performance on both ROC-AUC and mAP scores, we set K = 4 in our primary results."
f888e847f9ed62ca,254563926,Training and Inference,micro,micro,0.9999612778158998,True,"Loss Function. To train the proposed network, we use two loss terms -(i) classification loss L c and (ii) reconstruction loss L r . The classification loss penalizes the network for misclassifying known class samples. The reconstruction loss penalizes the network for poor reconstruction of the original adjacency matrix. The overall loss function is defined as where P(x i ) and y xi are the softmax probability and the ground-truth class label of sample x i respectively. Z xi is the corresponding latent representation. The function ℓ c is cross-entropy for the classification loss and the function ℓ r is binary cross-entropy for the reconstruction loss."
7a24db4033cca0a7,254564379,A. Overall Architecture,micro,micro,0.99419717641631,True,"The detailed explanation about each stage and component is given below: 1) Semantic Segmentation: To predict any object's pose we first need to find out that particular object from the scene. Segmentation helps us to classify a scene into various segments. Semantic segmentation means recognizing and labeling each known object in the scene. Since it is the prerequisite for our stage II and already many efficient models exist for segmentation, a preexisting vanilla segmentation model is used. Vanilla segmentation is an encoder-decoderbased architecture that first takes the color image as input then encodes the information into smaller dimension features then decodes them into N+1 channeled segmentation map where each channel is a binary mask and true pixels indicate the presence of that particular object. One extra channel is to denote the background or no object. Since in this work, the focus is on pose estimation rather than segmentation we use an existing architecture [27]."
7f612575ea3d7958,254564379,A. Overall Architecture,micro,micro,0.9903686887312724,True,"(b) Dense Feature Fusion: Now that we have obtained separate feature embedding, we need to find out a way to combine them to produce effective features. Our discussion up until now have made it clear that many have tried to use the RGB-D data for pose estimation but what is required is actually how we fuse both types of data since they lie in different spaces. The work in DenseFusion [24] proves effective in this particular segment. Instead of treating both RGB and Depth information similar and blindly fusing them, which in turn will result in degraded performance, the proposed a novel pixel-wise fusion network for this purpose."
a965d2b989b73e98,254564431,The Synscapes dataset,micro,micro,0.853100041775748,True,"In Fig. 14 we present two images from the Synscapes dataset alongside the depth prediciton of the baseline and our method (with Packnet-SAN). It can be seen that although the Packnet-SAN baseline is has mostly accurate edges, our method still outperforms it in some parts of the image. The quantitative results are presented in the main paper (Tab. 3) and in the bottom of Fig. 7, which demonstrate a small, but consistent improvement in the depth edges quality. Importantly, as argued in the main paper, the per-pixel metrics, e.g., ARE, of our method is significantly better, which suggests that when dense depth is available, the improvement in the edge quality is translated into an improvement in the per-pixel depth metrics."
f62f7524043cf20f,254564431,The KITTI dataset,micro,micro,0.999999852620856,True,"The precision-recall curves for the KITTI-DE dataset, which are presented in the leftside of Fig. 5, are computed for the baselines and competing methods (solid curves) and for our method with the edge loss (broken curves). The precision-recall curves of our method in comparison to the corresponding baselines, when compared using the same precision (same x coordinate), has significantly higher recall. In Tab. 1, the AUC metric for the edge quality is presented, where our method achieves an AUC of 62.2% and 53.47% in comparison to the Packnet-SAN and AdaBins baselines that achieve an AUC of 47.8% and 41.23%, respectively, indicating ∼ 30% of relative improvement."
c6fe1e574564a855,254564688,Implementation Details,micro,micro,0.9999938817625854,True,"The KITTI dataset is used for self-supervised depth evaluation using the same settings as in (Zhou et al. 2017) to remove the static frames from the data split of (Eigen and Fergus 2015), resulting in 39810 images used for training, 4424 for validation ,and 697 for final evaluation. ROIFormer Module ROIFormer is the core operation in the proposed method, which guarantees the efficient mutual information fusion between semantics and depth and the feature representation enhancement. We first investigate the impact of the number of attention layers, where the attention block is applied on P3, P4, and P5 levels with N attention layers stacked for both segmentation and depth queries. Thanks to the shared memory and local attention design, the memory cost is linear to the input feature size, making it possible to test more stacked layers. As shown in Table 1, removing the attention blocks degenerate the fusion layer into a simple concatenation operation. The interaction between two domains relies on stacked convolutional operations, which provides limited feature enhancement. Adding one attention layer yields significant improvement over all metrics. We found that using two stack layers achieves the best trade-off between accuracy and complexity while additional layers contribute less or even hinder the performance. We further investigate the impact of attention layers on Table 2. The experiments show that feature fusion only on deep layers with limited resolution leads to a minor improvement in depth precision. Shallow layers with fewer feature channels bring more fine-grained details, resulting in compelling results. We further test our attention module on P2 level with 1/2 input size resulting in similar results. Finally, we compare the two sampling strategies and the effects of attention points in the attention module. Similar to the aforementioned cases, the features in shallows are vital for final outputs. Thus, it is reasonable that assigning more attention points in shallow layers brings more performance benefits. In our experiments, the combination of [8,16,32] is the best setting considering the precision and efficiency trade-off. Table 4: Comparison between different attention types Figure 6: Speed-Accuracy trade-off curve."
1fb372043d7525eb,254564733,Method,micro,micro,0.9898921091412541,True,"Our preprocessing step starts with the creation of a 4dimensional tensor E. The first dimension consists of two components and represents the polarity. The second dimension has T components and is associated with T discretization steps of time. The 3rd and 4th dimension represent height and width of the event camera. We process set of events E within a time duration [t a , t b ) the following way: In words, we create T 2-channel frames where each pixel contains the number of positive or negative events within one of the T temporal frames. As a final step, we flatten the polarity and time dimension to retrieve a 3-dimensional tensor with shape (2T, H, W ) to directly enable compatibility with 2D convolutions. We implement the presented algorithm with byte tensors to save memory and bandwidth. Other, more sophisticated representations are possible [2,3,6,17,26,49,56], but their thorough evaluation is not our focus."
7a8e9a82e4627179,254564733,Cross-Dataset Generalization: From 1 Mpx to DSEC,micro,meso,0.9877200487556275,False,"We deploy RVT-B, trained on the 1 Mpx dataset , on several sequences of the DSEC dataset to qualitatively assess the cross-dataset generalization. While DSEC does not provide object detection labels, we can visually assess the quality of the detections by using the provided calibration files to map the frames of the global shutter camera to the event camera view. Figure 5 and 6 show predictions of our model together with the images closest in time to the detections. Figure 5 shows our model can successfully detect cars in mountainous environments. In particular, Figure 5 (a) shows an HDR scene where the global shutter frame is overexposed such that the approaching car is barely visible. Due to the high dynamic range of the event camera, our model can detect the approaching car without any difficulty. Figure 6 features more urban environments where our model also manages to detect objects correctly. Discussion of Failure Cases By and large, our model can successfully detect objects on DSEC even though it has only been trained on the 1 Mpx dataset. Still, we found failure cases that might stem from distribution shift between the datasets. For example, Figure 6 (c) shows the erroneous de-tection of a two-wheeler that instead is a pillar on the street."
36a527f4b3b8e15f,254591349,Experiments Experimental Setup,micro,micro,0.6585097928830863,True,"Comparisons Against Active Learning Methods. We compare our ATAL method with 8 commonly used AL methods, including ISAL ( Fig. 7, our ATAL achieves better performance than other AL methods with the same number of labeled data."
35db19723287ae2c,254591566,D. Training,micro,micro,0.9990786345037065,True,"I first trained 300 epochs on the coco dataset, and each epoch took about 20 min with Tesla-p100. The loss steadily decreases and the accuracy steadily increases, and the 300 epochs are trained but still not saturated, so there is still space for improvement. Next, I saved the model and trained it for 999 epochs using Pascal Voc dataset, and the accuracy increased quickly and stopped training after 100 epochs. V. RESULTS AND DISCUSSION After training 300 epochs on the COCO dataset, the accuracy reached 47.4, a 1.7 percent improvement compared to yolov5n before the improvement, but it did not saturate, and the mAP was still on an upward trend, so if I retrained more epochs, I would get a higher mAP. Next, I trained 100 epochs using Pascal VOC, and the mAP reached 81%, which is higher than most algorithms. Compared with several models using VGG and ResNet as the backbone network, my model has significantly reduced the number of parameters because my model is only 3m, which is very light, while the accuracy has mostly improved. Compared with the YOLOv5n before the improvement, the accuracy is not greatly improved, but the mAP images of the training results still do not show any saturation. If we can retrain more rounds, we will definitely surpass YOLOv5n by more. set is large enough, and at this point the CNN is saturated while the transformer is not saturated. I tried to save and retrain the model after three hundred epochs of training, and the mAP dropped dramatically because the model parameters were inherited, but the learning rate and other parameters were not inherited, so the loss increased dramatically after iteration. After I checked the official GitHub of yolov5, the solution given by the author ""about unsaturated after 300 rounds of training"" is: train 500 rounds, 1000 rounds, etc. from the beginning. I did not retrain because it was too time consuming."
e14752c61cccb6dd,254591566,D. Training,micro,micro,0.9999999999700162,True,"Rectangular training means to pad the image into a size suitable for gpu calculation, such as 640*520, not necessarily strictly padding into 640*640, so as to reduce the black edge, can accelerate the training speed, improve the training accuracy, but in order to compare with the previous model, I did not enable rectangular training. Because yolov5n does not enable rectangular training. Autoanchor can generate three scales of anchors based on dataset clustering, which I did not enable to reduce computation. The optimizer uses GSD (stochastic gradient descent) and does not freeze the parameters of the backbone."
af8c33f7d85a7409,254591642,Overall Architecture,micro,micro,0.9990797674888271,True,"Loss Function. Following [18,58], we add side supervision at each feature level. We denote the predictions generated by the decoder of CamoFormer as . Except for the final prediction map P 1 , all the other prediction maps P i are used in the MSAs for the progressive refinement as described above. During training, each P i is rescaled to the same size as the input image and all of them are supervised by the BCE loss [5] and IoU loss [38]. Following [10], the overall loss is a summation of multi-stage loss. The total loss of our CamoFormer can be formulated as follows: where G is the ground truth annotation."
ea4019eceb206e49,254591642,Model Sweep,micro,micro,0.5502185075171243,True,"obtain the cues of the foreground and background. The features from F-TA, B-TA, and TA are complementary to form a completely camouflaged object. Consequently, the precise location and detailed information of the camouflaged object can be captured easily. In addition, compared to the features in Stage 5, we can distinguish the camouflaged targets more clearly according to the ones in Stage 2, which indicates that the progressive refinement decoder can fully exploit the potential of our MSA."
1e22c1f7b54633dd,254591656,experiment A : Learning with different numbers of samples and queries,micro,micro,0.9999999931319072,True,"The results show that test1 is generally higher in accuracy when reaching the relatively steady state in each query iteration. When a total of 100 more samples are used in the both tests, test1 shows around 97% and with less fluctuation in the overall training accuracy while the value in test2 fluctuates at around 95%."
7e208b3a90ffd272,254593478,CNN models and training,micro,macro,0.6315255472406398,False,"We trained the above mentioned neural networks on a Linux personal computer, including a graphics card with 11 Gigabytes of memory. We used the Fastai Python library to load and train the CNN models. Images were fed into the Flowchart depicting the datasets and the performed steps of obtaining training, validation, and testing subsets."
d9af22177c4dac8a,254593478,CNN models and training,micro,meso,0.7813866357091473,False,"Janisch et al. 10.3389/fped.2022.1005099 Frontiers in Pediatrics training process after the previously described image processing steps. Furthermore, we have applied data augmentation to make models more robust to the data variability. The applied data augmentation is a fastAI module ""aug_transforms"" that is applying following augmentation on each image: image is randomly flipped with probability p ¼ 0:5, randomly rotated to a maximum of 10 with a probability of p ¼ 0:75, the brightness and contrast are enhanced by a factor 0:2 with a probability of p ¼ 0:75, and last, but not least, we are zooming into a random part of the image (zoom ratio is between 1.0 and 1.1) with a probability of 0.75. All models were trained for 100 epochs. After each epoch, the model was evaluated on the validation set where the combination of the best-performing weights was saved. Namely, the experiments have shown that models achieved the best validation score around epoch 40, which means that 100 epoch was more than enough to obtain the best possible result for given hyperparameters. Furthermore, the optimizer was Adam with a learning rate a ¼ 0:0001."
0882a0be2dccf291,254613286,Determination of Training Parameters,micro,micro,0.7648240535775919,True,"In order to test the generalization ability of DeepMDSCBA and verify its robustness, segmentation and comparison experiments were performed on the constructed training and test sets, which comprised datasets of apple images with different levels of rot, different rot positions, different apple varieties, and complex backgrounds."
3c7afd2dd979e553,254614203,Inception U-Net Architecture,micro,micro,0.9999531457086542,True,"The number of filters increased by double at each layer on the contracting side and reduced by half at each layer on expanding side. The height and width of the input and output images are the same. At the output of the expanding side, the convolutional layer is used, followed by the softmax activation function, to perform pixel-level classification to obtain a binary segmentation image as output [38]."
54857f1b87f73e34,254614203,Performance Measures,micro,micro,0.9998713175669546,True,• Intersection over union (IoU): It is the average overlap between the predicted and ground truth divided by the union area between the predicted and ground truth. The formula of IoU is presented in (5).
6c2d12b74af73b8a,254614367,Experiment Settings,micro,micro,0.999546805048074,True,"To train the module properly, we set the input resolution to 640 × 640 and use Stochastic Gradient Descent (SGD) with 0.9 momenta as the optimizer. The learning rate is initialized to 0.001 and the cosine decay with warm-up is selected as the learning rate schedule. All models have been trained completely in the experiments."
95d28f787ce78fe7,254614367,Ensemble Learning Method,micro,meso,0.8263263516905265,False,"Ensemble learning can be divided into two categories according to training methods: Boosting and Bagging. Boosting constructs a series of object detectors through serial learning, which means the new detector is improved based on the adjustment to the mistake detection data weight in the last detector. In contrast, Bagging is a parallel learning method that utilizes the independence of different detectors to improve performance, while a single detector cannot extract whole features. In our work, Bagging is adopted as the ensemble learning method while we integrate different kinds of models which are independent of each other. The structure of ensemble learning is shown in Figure 6. It is worth noticing that our proposed integrated learning model is a parallel structure, corresponding to the use of multi-threaded parallel learning operations to avoid bringing excessive consumption of model training and inference time."
c62ba31c5bff8d88,254616336,Implementation Details,micro,meso,0.9525369415309892,False,"Quantitative Comparison: To evaluate AWANet with the state-of-the-art methods, Table 2 lists the experiment results in terms of three metrics: maxF, SM, and MAE. As the results indicate, our approach exhibits a good performance and considerably outperforms the other methods, despite some approaches [23,44] using CRF [76] as a post-processing method. Our proposed method consistently achieves improved results, compared with the other models, across all five metrics on almost all datasets. Figures 6 and 7 show the P-R and F-measure curves for the five testing datasets, respectively. Our method (solid red line) outperforms the other methods on the ECSSD, PASCAL-S, and DUTS-TE datasets and is notably superior on HKU-IS and DUT-OMRON. Another exciting aspect of the proposed model is that it requires fewer parameters (i.e., 26.7 M), which benefits applications with limited memory. We visualized our model's comparison with state-of-the-art methods, as shown in Figure 6. Furthermore, the proposed model shows a speed above 31 FPS running a 384 × 384 image, which implies that our model can be used for real-time applications. Qualitative Evaluation: Figure 8 presents a visual comparison of our model's representative examples with competitive methods. For a better visualization, we highlighted the critical complications of each image group. We observed that the proposed model performs well in various challenging scenarios. For example, in Figure 8, the first and second rows show the capability, in which the image has a low contrast between the object and its background. The third and fourth rows display images with cluttered environments. The 5th and 8th rows indicate the capability for the localization of small and large-scale objects. Similarly, the sixth and seventh rows show multiple disconnected objects, and rows nine and ten show thread-like objects. Figure 8 verifies that AWANet generates more precise and complete saliency maps. Moreover, note that our model performs exceptionally well in capturing salient boundaries, owing to the additional CSRU."
7dd9c3e2e54daf55,254625191,Statistical model for grading diseases,micro,micro,0.9405437200145664,True,"where is the coefficient and , , , , and are the exponents of the input variables. The values of these coefficients are obtained by framing 7 equations which are derived from ground truth data. The derived [10] then the subject is considered healthy, if U ∈ (10, 20] then it is diabetic and if U ∈ (20, 30] then it is hypertensive. Grading the severity of diabetes is performed based on where U lies in the above-mentioned intervals. There are two advantages to the proposed approach. Firstly, it is disease-independent and can be used for any other disease with vascular involvement (such as arthritis and systemic sclerosis). Secondly, grading of a number of diseases can be done using the same device with just a few adjustments to the exponential relation given in (3), without the need to train the model repeatedly for different disease classes. Here, the grading of two diseases i.e. diabetes and hypertension is demonstrated."
db0aaa4a384709b6,254625191,Train the detector and evaluate performance,micro,micro,0.999995271058669,True,"The resized images with modified the capillary measurements are resized back to original dimensions after training and object detection. This requires several hyper-parameters namely learning rate, epochs, mini batch size, optimizer and regularization to be defined. A small mini-batch size of about 8 or 16 is considered with large number of epochs of 100 to 200 to train a model with better performance. In addition to this, other hyper-parameters are set as following. Learning rate-0.001, optimizer-stochastic gradient descent with momentum (SGDM), L2 regularization-0.0001. Figure 4 depicts the training progression of the model, where it depicts the change in total loss and learning rate with respect to iterations. For medical applications, standard performance metrics like sensitivity (recall) and specificity (precision) are employed. A plot of precision vs recall is depicted for the five classes of capillaries individually, from the performance obtained on the test set. This curve provides information on precision at a specific level of recall. It is preferred to have a high recall so that all capillaries are detected and the operating point is set at the highest possible value of recall so that the corresponding precision is not small. This provides a reasonable trade-off between recall and precision."
28b25f085a522522,254627074,Effects of downsampling times on model performance,micro,micro,0.972688835576748,True,"Effects of downsampling times on model performance In semantic segmentation, an overly small receptive field may lead to the loss of global information, and an overly large receptive field may degrade the segmentation performance of the model for small targets. Therefore, it is necessary to select appropriate downsampling times to obtain better segmentation accuracy. Different downsampling schemes of 0, 1, 2, 3, and 4 times are set in the experiment to obtain different segmentation accuracies of the PSE-UNet model. As shown in Table 5, the performance of the model increases first and then decreases with the increase of downsampling times. The optimal segmentation accuracy is obtained with two times downsampling. To study the effect of using different downsampling and upsampling methods on the performance of the model, the segmentation performance of the model using max pooling and convolution as the downsampling methods, and bilinear interpolation and transposed convolution as the upsampling methods, is compared and analyzed. The experimental results are shown in Table 6. It can be seen that due to the learning ability of convolution operation during downsampling, better segmentation performance can be obtained using the convolution layer instead of the pooling layer. The model using transposed convolution for upsampling learns more nonlinear features than the model using bilinear interpolation, which improves the accuracy metrics. The model using convolution and transposed convolution for downsampling and upsampling, respectively, has better segmentation performance than the model using the other three methods."
d873139d59f42bdc,254627074,Analysis of land cover classification results,micro,micro,0.9999941235473265,True,"Comparison of visualized semantic segmentation results with different models Figure 8 shows the visualized semantic segmentation results with different algorithms. Compared with the other five algorithms, the results of the PSE-UNet algorithm show a clear contour of land cover features, less misclassification, and the best segmentation performance. The FCN-8S algorithm does not adopt the encoder-decoder structure, and the contour and texture of land cover objects are not as clear as those of the other four algorithms. The SegNet algorithm lacks skip connection to integrate deep features, resulting in the loss of detailed features after downsampling several times and a poor visual effect of segmentation. Compared with the FCN-8S and the SegNet, the SS3FCN algorithm generates a more accurate contour of segmentation maps but with more salt and pepper noise, while the UNet algorithm that uses the symmetrical structure of ""encoder-decoder"" for segmentation achieves excellent performance. Further comparing the experimental results of the three algorithms with the same structure, the UNet algorithm has poor performance on extracting the contour gap of Lettuce_romaine in different periods (marked with the ellipse in Figure 8). Misclassification can easily occur at the intersection of fine boundaries with the 3D-UNet network (marked with white circles in Figure 8). The PSE-UNet algorithm has less misclassification and the contour of land cover features and the real labels match well, mainly because the PSE-UNet adopts the C-SE module that can extract more discriminative features and lead to better segmentation results. boundaries with the 3D-UNet network (marked with white circles in Figure 8). The PSE-UNet algorithm has less misclassification and the contour of land cover features and the real labels match well, mainly because the PSE-UNet adopts the C-SE module that can extract more discriminative features and lead to better segmentation results."
936f5d3181cd3971,254636085,E Training details,micro,micro,0.9402417531201455,True,"Robotic grasping experiments. We performed a qualitative real-robot grasping experiment. For multiple YCB-V objects, we manually annotated one grasp with respect to the object's coordinate Figure 5: Qualitative examples on the TUD-L dataset. Each row presents one example prediction on a real image. The first column is the real observed image, the second column is the prediction of our approach here illustrated using a rendering of the object's CAD model in the predicted pose, and an overlay of the prediction and output is shown on the right. frame. We then placed the considered object (e.g. the drill in the supplementary video) in a scene among other objects representing visual distractors. The object may be placed on the table or on another object. We then take a single RGB image of the scene using a RealSense D415 camera mounted on the gripper of a Franka Emika Panda robot. We detect the object in 2D using the Mask-RCNN detector from CosyPose [4], and run our Megapose approach composed of coarse and refiner modules for estimating the 6D pose of the object with respect to the camera. We then express the 6D pose of the object and grasp with respect to the robot using the known camera-to-robot extrinsic calibration. We then use a motion planner to generate a robot motion that reaches the estimated grasp pose with the gripper and lift the object. This experiment shown in the supplementary video shows that the pose estimates are of sufficiently high quality to be useful for a robotic manipulation task."
790458569151b1a5,254636300,Method,micro,meso,0.8460374735050339,False,"Training Strategy. Following [37,51], we adopt the pseudo-label based self-training strategy, where the meanteacher framework [49] (cf. Fig. 2) is introduced. Both the teacher and the student model in the mean-teacher framework are semantic segmentation networks with the same structure. The teacher model, F θ , is used to output the final semantic prediction map. The student model, F θ , is used to backpropagate gradients and update weights θ based on all the relevant training loss. θ is an exponential moving average of θ throughout the optimization. Besides, the teacher model is also used to generate the pseudo-labelỹ s j by feeding the source domain image sample x s j , i.e.,ỹ s j = F θ (x s j ). During the inference stage, the final semantic segmentation map is obtained by F θ (x t ts ), where x t ts is the testing image."
db96ce72e7824098,254636300,Method,micro,meso,0.9997018129619896,False,"Method Overview. The main difference between the one-shot setup and the general UDA setup is the further limited information on target domain, therefore it is critical to make full use of the limited information. While a single unlabeled target sample does not provide a lot of information about the data distribution of the entire target dataset, we assume that its style information is particularly useful and does not change drastically within the target dataset. To mitigate the domain gap on the style level, we firstly make use of the style information from the one-shot target sample, and construct the pseudo-target domainD s = {x s i } Ns i=1 (cf. Sec. 3.1). Then, to compensate on the limited spatial structure information on the target dataset, we propose to randomize the source spatial structure to improve the generalization performance on spatial structure. To this end, we develop the class mixed sampling based intermediate domain randomization (IDR) training strategy to further reduce the domain gap on both style level and spatial structure level (cf. Sec. 3.2), wherex s i , x s j and corresponding semantic label y s i and pseudo-labelỹ s j are randomly mixed, respectively. Moreover, we propose the class-aware cross-domain transformers to extract the domain-invariant knowledge to facilitate the adaptation to the target domain (cf. Sec. 3.3), by introducing the class-aware global cross-attention into the intermediate domain randomization training. The whole framework is shown in Fig. 2."
9a7b138b918e8a4f,254636325,Fig. 3. The proposed model,micro,micro,0.9998610762555985,True,"These kernels can be used to compute the horizontal and vertical gradients at each pixel, and the resulting gradients can then be combined to determine the edge strength at each pixel (SOBEL_XY in the Fig. 3)."
9d41a2f9afd90923,254636342,A. System Setup,micro,micro,0.9741925636607544,True,"We denote the UE state by , where the elements are the location, heading, and speed, respectively. The RIS location is denoted by x R , and the l-th SP location is denoted by x l . To handle the unknown number of SPs and their locations that specify the propagation environment, we model the SPs by an random finite set (RFS) X = {x 1 , . . . , x n }, with the set density f (X ) [17]. We assume the UE state (location, heading, and speed) and RIS location are known, in order to focus on the sensing performance."
6448278cd4b5a658,254636429,Ablation Study,micro,meso,0.9999999881791789,False,"Temperature coefficient in Eq. (2). We shown the effects of different τ in Table 11. τ controls the contrastive learning difficulty of the GT-query similarities, and we find τ = 0.7 leads to the best performance."
e49a3e1ad5ee0a44,254636516,Evaluation Matrix,micro,micro,0.9556376444426414,True,"• True Negative (TN) = the number of cases predicted as negative by the classifier when they are indeed negative, i.e., a non-vehicle object is detected as a non-vehicle object."
217165d32ecb8269,254636533,Quantitative Analysis,micro,macro,0.6677608820009283,False,"Model Generalization To evaluate the model generalization ability, we test the model with crossdataset evaluation referencing the former work (Torralba and Efros, 2011). Specifically, we use the best-performing model trained with COCO to generate captions for the unseen test set from Flickr30k, obtaining the results listed in Table 3. The model performance maintains similar trends, with Simi-CL achieving the highest improvement and thus the best generalization ability."
f868105e6293a5d5,254661366,Ablation Studies,micro,micro,0.9999801292974878,True,"According to Table 1, the results obtained when using L-BFGS as the optimizer are equal to ones without optimization on both KITTI and NYUv2 datasets. This means that L-BFGS could not improve the results because, unlike PSO, it does not have the capability for global search. In better words, it seems that it was trapped in local optima, i.e., the depth provided by SDC. Therefore, due to the identical performances and for the sake of conciseness, just one row is dedicated to both SDC and L-BFGS in Figures 7 and 8. In the meanwhile, PSO improved the results significantly in terms of all metrics and on both KITTI and NYUv2 datasets. For instance, PSO showed nearly 50% enhancement in AbsRel and 14% in RMSE on KITTI and 6% and 86%, respectively, in terms of AbsRel and RMSE on NYUv2."
3d026a20afd20dca,254674286,Our CNN Architecture,micro,micro,0.982664310640523,True,"In order to train the classifier of fatty liver images, we utilize the ultrasonic image of the normal liver, low-grade fatty liver, moderate grade fatty liver, and severe fatty liver, i.e., 32 images with a 1024 × 768 resolution. About 32 ultrasonic images come from 16 persons which are composed of 4 normal liver, 4 low-grade fatty liver, 4 moderate grade fatty liver, and 4 severe fatty liver. For each ultrasonic image, we use one moving window with the size w to augment the training images. Figure 4 gives the quantitative and statistical analysis of the training examples of four liver ultrasonic images. The C1, C2, C3, and C4 correspond to the normal liver, low-grade fatty liver, moderate grade fatty liver, and severe fatty liver. We can see that most of the image patches have different gray-scale intervals."
d8871a3957118288,254674286,Our CNN Architecture,micro,micro,0.8833306248790104,True,"From Figure 4, we have found that the gray scale of the fatty liver image C1 and C2 classes is close, and that of the 2 Computational and Mathematical Methods in Medicine C3 and C4 classes is close. Therefore, we propose the image patches expanded strategy based on pixel-level features for the two groups fC1, C2g and fC3, C4g. First, the total average value ϕ of the input image patches of C1 and C2 classes (see Figure 4) is calculated by where n = n1 + n2 is the total number of the image patches in C1 and C2 classes, n1 is the number of the image patches in C1 class, and n2 is the number of the image patches in the C2 class."
040fbc95bf5a68ff,254676570,DOTA Dataset and Parameter Settings,micro,micro,0.9999929093104529,True,"The DOTA-v1.5 is trained by 120 epochs in total with YOLOv5m as the pretraining model. The initial learning rate is 0.01, and the cosine annealing learning rate schedule is utilized to update learning rate. The weight decay is set to 0.0005. The SGD momentum is set to 0.937. Besides, the warm-up strategy is adopted to find a suitable learning rate in the third epoch during training. And other experimental parameters were set as shown in Table 1. The patches of training and test patches were 1024 × 1024. During inference, we first send patches (the same settings as training) to obtain the detection results before merging, then map the detected results from patch coordinates to the original image coordinates, and perform nonmaximum suppression (NMS) on these results through the original image coordinates. Referring to benchmarks [34,35], we set different NMS thresholds for each class, ""roundabout"" is set to 0.1, ""tennis-court"" is set to 0.3, ""swimming-pool"" is set to 0.1, ""storage-tank"" is set to 0.2, ""soccer-ball-field"" is set to 0.3, ""small-vehicle' is set to 0.2, ""ship"" is set to 0.2, ""plane"" is set to 0.3, ""large-vehicle"" is set to 0.1, ""helicopter"" is set to 0.2,""harbor"" is set to 0.0001, ""ground-track-field"" is set to 0.3, ""bridge"" is set to 0.0001, ""basketball-court"" is set to 0.3, ""baseball-diamond"" is set to 0.3, ""container-crane"" is set to 0.05, and limit the maximum number of predicted targets for the experiment to 1000. After interference, the detection results are submitted to the DOTA official website at https://captain-whu .github.io/DOTA/evaluation.htmlfor online evaluation of the test dataset and compare with the mainstream SOTA methods. The evaluation index is the average value of each category of average precision (mean average precision, mAP). And the expression of mAP is as follows: where AP is the average accuracy of each category, obtained by integrating PRðrÞcurves which is combined with precision and recall, AP i represents the average precision in class i, and K represents the number of classes. We compare the ten peer techniques, including DCL [36], RSDet [23], GWD [37], KLD [38], R2-CNN [39], Rotate-YOLOv5 [29], RetinaNet [14], MR [40], CMR [41], and FR OBB [21] on DOTA-v1.5. Specifically, Zhuang et al. [29] proposed Rotate-YOLOv5 which is one of our most relevant work. We proposed one-anchor-based method as new sampling strategy that can better balance the positive and negative samples of small targets. At the same time, we add a ViT between backbone and neck to reduce background interference and increase the focus on the target, while they used the mosaic data enhancement to enrich the dataset and improve the detection accuracy of small targets. And then, they used the long-edge definition method based on circular smoothing labels to achieve a rotatable bounding box, which solved the effect of angle periodicity on training by converting the regression problem into a classification problem. Finally, they used the CIoU loss as the loss function of the bounding box to improve the detection accuracy on the basis of ensuring the detection speed."
056118810d503f5e,254685510,Ablation Study,micro,meso,0.5982934093664966,False,"Varying Starting Stage of SQR. We present how SQR performs when varying the starting stage in Table.5. The best performance is acquired when query recollection starts at stage 1 but with the most computational cost. We can see that starting at stage 2 performs similarly to starting at stage 1 while the computing burden is decently reduced. With recollection starting later, the benefits from SQR decrease as expected since the recollected queries from early Another Treatment on Collected Queries. DQR or SQR treats each set of queries q independently as q undergoes its own attention and Hungarian matching without explicitly interacting with each other. We try an alternative: at each stage, the collected queries are all concatenated together, so each stage generates only one set of q but the number of q i grows as DQR or SQR. We found this brings +0.3 AP increase compared to the baseline."
6124535db752b5b9,254685525,Model Analysis,micro,meso,0.5118546734555822,False,"maps of a GLAM Swin-Unet model. Echoing observations in Fig. Fig. 1 in Cityscape, we can see that GLAM can model full-range interactions in this spatially-fine layer. This enables to exploit spatial relationships with other important structures (e.g. other sofas, arcades), which is not possible with the baseline Swin-Unet due to its limited window attention. We can notice the relevance of the GLAM segmentation. Furthermore, Fig. Fig. 6 shows the GLAM attention averaged over the axial direction for the red cross (pancreas). We can see that long-range dependencies are involved, with a much larger spatial extent than the local window (in blue), where attention is given to neighboring organs (stomach and aorta). The full context is crucial to properly segment complex organs with visual local ambiguities such as the pancreas. In Fig. Fig. 5b), we show segmentation results of GLAM-nn-Former for 3D medical image segmentation. We show the results on a given 2D slice. We can notice that GLAM nn-Former is qualitatively much better at segmenting the stomach (in pink) than nn-Former. This can be explained by the global interactions of our model, which enables it to better represent specific interactions between organs."
b11d0f5e0944f9c8,254685525,GLAM performance,micro,meso,0.9990421092572882,False,"ADE20K and Cityscapes. Table 2 summarizes our results. To be fair, we compared models up to ∼ 150M parameters, and we report the top performances from the mmseg [10] benchmark for all methods, with 160K training epochs for all methods. Moreover, we compared only methods trained on 768 × 768 resolution images on Cityscapes. In this setup, GLAM-Swin-Unet yields 49.10% mIoU on ADE20K outperforming its vanilla Swin counterpart with at least 1.10% mIoU. GLAM-Swin-UperNet achieves 81.47 % mIoU on Cityscapes which is 1.58 % better than its Swin-Upernet counterpart."
b0036fe712ed6ee5,254685645,Segmentation network pre-training,micro,micro,0.9952017833428038,True,"For both boundaries, we select pixels with representative boundaries by thresholding them (threshold=1e −8 [32]). Assuming p + GT and p + pred as the corresponding boundary pixels for ground truth and segmentation prediction masks after thresholding (ie. p + GT , p + pred are points where Γ GT > 1e −8 , Γ pred > 1e −8 respectively), we calculate our boundary loss as: where we set λ 1 , λ 2 to be 0.5 in our experiments. This boundary loss has been used in [32] by applying it on finely annotated images. In contrast, we apply this boundary loss on synthetic data and we do not access any finely annotated data, which is a more challenging setting. This loss term complements the cross-entropy loss by enforcing boundary consistency. We do not apply the boundary loss on coarse data due to its inaccurate boundaries."
c0be9715bb0c4538,254685645,Segmentation network pre-training,micro,micro,0.9959356408235912,True,"After generating the pseudo labels, we move to the third stage, where we replace the unlabelled pixels in the coarseannotated images with the pseudo labels. Note that after each iteration we only replace the previous labels from the ignore regions of the coarse data and keep the manually annotated coarse labels intact. Then we re-train the segmentation network using the new coarse data, original synthetic data and augmented data with the same loss functions defined in the first stage. These two stages can be repeated in an iterative manner to refine the network."
e5d3dccb6047b5dd,254685773,Training with Data from Individual Camera Poses,micro,micro,0.9999982948686061,True,"The results imply that, a careful selection of the training camera pose is important but a single camera is enough with a slight sacrifice in performance while reducing the initial calibration effort."
23bf1435e699f1c2,254685890,D. Ablation study on the test setting,micro,micro,0.9999995963956675,True,"As shown in Table VIII, using either the ACT or the ECN alone improved the segmentation accuracy by an average of 0.43% or 1.40% respectively, which justified the design of the ECM. In addition, an average improvement of 1.55% and 1.81% in segmentation accuracy were achieved by using SBSS-MS and SBSS-SS, respectively."
b835eef96b229700,254685890,G. Qualitative Analysis of the Segmentation Results,micro,micro,0.9959482139727105,True,"The top four plots of Fig. 5 show the segmentation accuracy (IoU) of buildings for the four datasets when they were tested with SS at different resizing scales. It was observed that the segmentation accuracies of buildings in the Cityscapes, UAVid and Potsdam datasets were generally higher when smaller resizing scales were used. This is consistent with the fact that these datasets were collected in urban scenes, where buildings are expected to be the relatively large objects. However, as the LoveDA dataset includes many images of rural scenes where buildings are comparatively smaller objects than forests and water bodies, a larger resizing scale was favourable."
67ed53c0d90d58bc,254686056,Model Analysis,micro,meso,0.9859134620573972,False,"Concretely, we visualize the IoU histograms of bounding boxes predicted by the RoI head of the baseline method, i.e., imTED [12], w or w/o our PDC after fine-tuning in Fig. 3. It is clear that our PDC remarkably improves the localization ability of the RoI head, which predicts more accurate bounding boxes (high IoU with ground truth) whose distribution approaches the base class statistics produced with sufficient supervision. In Fig. 4, we explore the detailed classification precision improvement of the RoI head for localized instances with bounding boxes of different IoUs. PDC achieves better results than the baseline not limited in proposals of high IoU, which validates that fine-tuning with the calibrated proposal distribution facilitates the improved classification ability generalizing to low IoU cases, cf. Sec. III-D. so, from the figure, PDC classification ability improvement is proven."
d77de96668589838,254686056,D. Generalization Analysis,micro,micro,0.98847348244204,True,"We can determine the relationship between the true risk and the empirical risk as follow: where l(p) ∈ L is the loss function of fine-tuning for the RoI head, and L = L Re−Roi + L Roi . n is the number of proposals with probability at least 1 − δ. E D (l(p F )) denotes the true risk andÊ D f (l(p F )) denotes the empirical risk for available labeled data. Following [23], we can obtain the empirical risk upper bound as follow: Note that ln 1/δ n and 2R n (L) are constants when the dataset and the model are given. AsÊ D f (l(p F )) is minimized during model finetuning, Eq. 12 can be approximated as where MMD [24] is the maximum mean discrepancy term, which is proved as where N b and N f denote the input proposal numbers of RoI head of during base training and fine-tuning respectively. H denotes the RKHS(Reproducing Kernel Hilbert Space). According to Eq. 14, when the mean and variance differences of distributions P B and P F are decreased, the maximum mean discrepancy of distributions P B and P F are reduced at the same time. Combining Eq. 13 and Eq. 14, the empirical risk upper bound is effectively reduced."
75c6412dd4341668,254688136,Network architecture,micro,micro,0.9992740054639737,True,"block. The downsampling operation produces thumbnails of the corresponding images, enabling deeper networks to gather more contextual data while requiring less computational work. Downsampling, however, lowers spatial resolution, which typically results in a loss of spatial information and impacts the predictions' outcomes. Therefore, to maintain a good balance, only three downsampling operations-for a total downsampling rate of eight-are carried out in our LMDCNet. The three, two, and seven MS-DAB modules comprise LMDCNet's three encoder stages. We introduce dilated convolution in the MS-DAB module. To solve the grid problem, we follow the design concept of HDC (hybrid dilated convolution) when designing the dilation rates: First, the adjacent dilation rates cannot be greater than the common divisor of 1; Second, the dilation rates can be designed as a zigzag structure, such as (1, 2, 5, 2, 5, 7); Third, the final dilation rates should cover the maximum segmentation target. The specific design of the network is as follows: the dilation rates of the first stage and the second stage are set to 1, and the dilation rates of the third stage is set to (1, 2, 5, 2, 5, 9, 17). Many lightweight real-time networks remove the decoder part, and proper decoding can improve network accuracy. The decoder includes the SC-FP module and the upsampling module; obviously, our network architecture is asymmetric. The SC-FP module contains feature pyramids and attention, which can refine the detailed information on segmentation and the selection of features. The feature map size does not match the input image size, and a bilinear interpolation algorithm is needed to recover the feature map resolution. The parameters of the decoder part are few but can effectively improve the segmentation accuracy. Our network has no complicated data processing links in the training process, and the number of parameters is only 1.05 M."
97c0671bbf7739a6,254688136,Evaluation results on cityscapes,micro,micro,0.9673115275156366,True,"We show the results for each class IoU (%) and class mIoU (%) on the Cityscapes test set in Table 5. Overall, especially in 5 categories, our LMDCNet achieves higher segmentation accuracy, demonstrating the effectiveness of our LMDCNet. Figure 6 shows a visual comparison of the Cityscapes validation set. We can classify different objects more accurately using LMDCNet and produce more consistent visual outputs across all categories. LMDCNet outperforms ERFNet, DABNet, and FDDWNet in the segmentation of vehicles, riders, and traffic signs."
df469af4067edc93,254706356,"Image pre-processing, segmentation and performance assessment",micro,micro,0.9950308037169283,True,"To classify lipid-rich structures, accurate segmentation of foam cell clusters is required. Dice coefficient was applied to a random subset of fifty images per group, inclusive of images from all three diseased states (EFS, EF and AA) [39]. The ground truth image was curated manually by employing active contours boundary tracing [40]. To segment the plaque specifically, an initial mask unique to each plaque's boundaries was defined, specifying the initial state of the active contour (Fig. 4)."
9c8d025c087a8259,254720728,Training the network with the SA score (online ProtoSeg),micro,micro,0.9999994991255228,True,"Training the network with the SA score (online ProtoSeg) in the loss can increase the segmentation ability of deep features Fig. 6 and Table 1 show that the segmentation ability of the deep features trained with the SA scores (online ProtoSeg) in the loss are higher than the ones trained without SA score (offline ProtoSeg), indicating that using the SA score in the loss can increase the segmentation ability of deep features on the intermediate layers of the U-Net. In addition, the SA scores of the segmentation S 18 are higher than the segmentation of the output B on these five datasets."
405aa805746dac84,254721717,Ablation Studies,micro,meso,0.9999992813697689,False,"To further investigate the effect of sharing encoder on the noise robustness of TMS-Net, Figure 4(a) shows the relation between min consistency scores across its decoder outputs and Jaccard indices of mean decoder outputs. In this figure, even though some samples have at least one view with very low similarities to others, indicated with small min consistency scores of [0, 0.5], they have large Jaccard scores, mostly larger than 0.7, particularly true for images corrupted with BIM-1 noise. This explains why TMS-Net is more robust than TMS-Net3, which is because of better compensating missed or corrupted information. On the other hand, we observe almost a linear relation between min consistency scores and Jaccard indices, for TMS-Net3 in Figure 4(b), which suggests that the network is sensitive to issues related to the noise types such as high anisotropy and small training set. Figure 5 compares t-SNE plots of lateral representation of TMS-Net and TMS-Net3 for an MRI volume from STACOM 2013. In contrast to TMS-Net3, non-LA slice projections are clustered around three centers for TMS-Net; each corresponding to a different view. This means that the shared encoder of TMS-Net can accurately discriminate non-LA slices from LA slices in its last encoder layer and treat them differently, in contrast to TMS-Net3 which generated similar response to LA slices. Another observation from the figure is that the projections of LA slices form or 8-like curves for both networks, by representing regular changes in LA shape across slices such as typical decreases of LA size toward end slices. When the input image volume is corrupted by three views corruption of FGSM, the regular curves of the projections for the original images are changed, as shown in Figure 6, such that, some non-LA slices are identified as the LA, indicated by small curves in non-LA slice projections. Also, we observe small perturbations in LA slice projections, deviating from their regular shapes, which can be as a result of changes in network responses to some LA slices due to the corruption of input images with the engineered noise. These alterations are more prominent for TMS-Net3 supporting superiority of TMS-Net on noise-robustness. As a result, we can conclude that t-SNE plots of the last encoder layer activations of TMS-Net have human interpretable features, which is valuable to improve trust in network outputs. Figure 7 exemplifies corrupted images by FGSM and BIM methods when a single or three views are corrupted by comparing them with the original images. As understood from the figure, there is no visible difference apparent between the original and corrupted images, which exhibit big potentials for simulating undertraining and anisotropy related problems. On the other hand, Figure 8 demonstrates images corrupted with synthetic Rician noise, where the visibility of anatomical structures is largely reduced, simulating poor imaging settings. See Figure 13 in Appendix for how much consistency decreases between decoder outputs in the presence of three views engineered noise and Rician noise. Table 1 and Table 2 tabulate the performance of TMS-Net and previous methods on the original images of STACOM 2013 and STACOM 2018 datasets. Our network produces better or comparable performance to previous methods. We compare the robustness of TMS-Net with other networks in Figure 9 for three views corruption with engineered noise, in Figure 10 for single view corruption with engineered noise and in Figure 11 for Rician noise, respectively simulating undertrainig, high anisotropy and poor image settings problems. As understood from the figures, TMS-Net is the most robust network to the noise types, followed by other multi-view networks. We have two conclusions from these results. The first, TMS-Net can better deal with corrupted information at not only single view but all three views, indicating more tolerance to high anisotropy and undertraining related problems. Also, the network is more robust to poor imaging settings by mostly maintaining its segmentation performance for severe Rician noise, where the other networks generate almost zero Dice scores (see Figure 11). Secondly, compared to single networks, not only TMS-Net but also other multi-view networks are more robust to challenging conditions. Figure 12 demonstrates relation between our max consistency scores and run-time Jaccard scores, calculated from ground truth segmentation masks. As shown in the figure, TMS-Net presents a linear relation between these parameters, which is degraded when parameter sharing is removed in TMS-Net3. Pearson correlation coefficents are given in Table 3 for STACOM 2013 and Table 4 for STACOM 2018, where we find a very high correlation between our max consistency scores and Jaccard indices. Although our method is not based on training a model for run-time performance estimation, we obtain small MAEs as presented in Table 5."
17d4ffe0b3e78635,254722320,Image matching algorithm based on frequency domain analysis,micro,meso,0.9995280505118097,False,"This type of algorithm has a little dependence on the grayscale value, the sharp detection peak, and high matching precision. It also needs the conversion between the spatial and frequency domains, so the matching efficiency is undesirable."
6c53b0f86a0a6064,254724490,Model Establishment,micro,micro,0.9998986248086625,True,"In order to reduce the chance of the model misjudging the background and improve the degree of fit between the model output boundary box and the mildewed region, we set both the confidence threshold and intersection-over-union threshold of the model to 0.3. After training is completed, the best model is selected according to the variation in box loss during the training. The method for calculating box loss is shown in Equation (1): where A ∩ B is the number of pixels in the intersection area of the model-predicted boundary box and the manually marked box, and A ∪ B is the number of pixels in the union area of model-predicted boundary box and the manually marked box. Then, the confusion matrix of the recognition results yielded by the model in detecting mildewed regions in the image of rice grains contaminated by molds was calculated to evaluate the accuracy of the model's detection. Finally, the feature images output by the three C3 modules (marked with red boxes in Figure 5) in the second, fourth, and sixth stages of the backbone part of the model were collected to analyze the effectiveness of the model in extracting the features of mildewed regions of rice grains."
357830d81bda4759,254737556,D. Ablation Experiments and Comparative Studies,micro,micro,0.9998363460622727,True,"In addition, two comparative studies are performed to demonstrate the effectiveness of the proposed feature fusion module. First, the feature fusion module is only adopted at the final stage and ignored for the adjacent stages in the encoder, noted as feature fusion-1 in Table III. Second, the feature fusion module is adopted both in the encoder and decoder, noted as feature fusion-2 in Table III. The encoder part is the same as Fig. 4; for the decoder part, feature maps of the first and second stages are downsampled by 2 × 2 convolution and concatenated in the channel dimension with those of the next stage. Afterward, the number of channels is halved by 1 × 1 convolution, and the residuals are finally added together. Table III gives the comparison results of these three different feature fusion modules, indicating that both insufficient (feature fusion-1) and excessive (feature fusion-2) feature fusion modules have negative impacts on recognition accuracy."
92c6284b92e73d9a,254772228,Ablation Study,micro,micro,0.9987773667355342,True,"As shown in Table 7, we conducted ablation experiments on the COSNet architecture. Due to the form of the mean square loss, the difference between the predicted and true values are amplified, forming a strong supervision for the training, which is superior to the combination of cross entropy and Dice loss. In particular, our global contrastive loss function improves segmentation AUC by nearly 2 percentage points; other methods have less impact. This shows that our proposed combination of methods (Method 6) performs better on the ROSE dataset."
1c1d4d4007f67144,254776044,Evaluating the Segmentation Performance,micro,micro,0.9999999890815708,True,"To further understand the impact of different loss and C3S on the performance of the segmentation network, this part uses the performance of the validation set and the test set to conduct ablation experiments, and the results are shown in Table 3. It can be seen from the results that the performance of using only dice loss is worse than that of using focal loss, while the performance of combining dice loss with focal loss is the best. Furthermore, no matter what kind of loss is used, as long as the C3S is used in the training process, better segmentation performance can be obtained. The results show that the combination of dice loss and focal loss is beneficial to the optimization of the segmentation network. The C3S used in the training process can improve the generalization ability of the segmentation network."
ad19cd9c3ab1eed3,254776044,Training,micro,micro,0.9989332618650982,True,"The training samples of the overall network in the training phase are partly from the segmentation training set and partly from the classification training set. The segmentation network and the classification network are jointly trained by the training samples of the two training sets. The training sample I s from the segmentation training set is fed into DIU-Net to obtain NFM. The corresponding L seg is calculated through the ground truth of I s , and then the weights of DIU-Net are corrected via L seg . The training sample I c from the classification training set is fed into DIU-Net to obtain NFM. After multiplying NFM and I c to obtain NFWI, then input to BHCNet to obtain classification prediction. The corresponding loss L c is calculated through the ground truth of I c . Correcting the weights of BHCNet and DIU-Net via L total : L c = L bce , two classes L mce , multi − class (7)"
a00bdae191027736,254779897,Vehicle Identification Based on the EfficientDet Model,micro,micro,0.9999964793252125,True,"Object detection network models trained via deep learning [27][28][29] include Cascade R-CNN [30], SpineNet [31], CenterNet [32], and EfficientDet [33]. These structures require a backbone network to extract features, such as DLA-34 [34], ResNet [35], InceptionV3 [36,37], Inception ResNet [38], and Efficientnet [39]. TensorFlow denotes the deep learning framework for calculations in the form of computational graphs [40]. All calculations are transformed into nodes on a computational graph. The application programming interface (API) project [37] provides a variety of network structures trained by the Common Objects in Context (COCO) database. Therefore, separately constructing a framework for Cascade R-CNN, RetinaNet, CenterNet, and EfficientDet is unnecessary, and the object detection model can be trained by modifying relevant parameters on this basis. The COCO mAP in Table 1 indicates the detection performance of the models measured using the standard mean average precision (mAP) [41] on the COCO dataset. The higher the mAP value, the better the detection performance. EfficientDet is a fast and efficient detection method that was proposed by Mingxing Tan et al. [33]; they also proposed a bidirectional feature pyramid network (BiFPN) that allows highly effective cross-scale connections and bidirectional weighted feature fusion. BiFPN removes some nodes; these nodes have only one input and no feature fusion. Moreover, an edge is connected between the original input and output nodes of the same level, as this edge can fuse more features. During the training of the EfficientDet model, top-down and bottom-up bidirectional feature fusion are applied iteratively. The fused features are fed into the class and box networks to produce predictions for class and bounding boxes, respectively. Meanwhile, the weights of the class and box networks are shared across all the features."
470c29dd6fca9c6d,254817832,"XDecompo model is composed of the following four main stages, see Figure 1",micro,macro,0.9955042096768323,False,"Pretext Training: Using an ImageNet pre-trained network, such as ResNet-50, to classify pseudo-labelled images and achieve coarse transfer learning; where all layers were learnt as a deep-tuning mode to construct the feature space. The CNN model was trained with a cross-entropy loss function based on a mini-batch of stochastic gradient descent (mSGD) [53] to optimise the model during training."
344786a8c8b8f253,254823146,2D-3D-S dataset,micro,micro,0.9994742062516139,True,"Compared to the 2D baseline (U-Net34), our approach improves the mIoU scores by more than 10%. This shows that using 3D data significantly helps the network to produce better segmentation result. Among the methods which processes point clouds with RGB images, our approach outperforms Liu et al. (2021) which uses the same 2D backbone as ours. Our improvement can be explained by the fact that we use real 3D data, while Liu et al. (2021) only mimic 3D features. CMX (Liu et al., 2022) yields a better score than ours, but at the price of a much heavier 2D backbone (SegFormer-B4 ), with six times more parameters. The performance gain with respect to the increase in memory consumption is still interesting if we compare our approach to ShapeConv (Cao et al., 2021). ShapeConv improves the mIoU score by 6% for a cost of 1M additional parameters compared to their already strong 2D baseline (DeepLabv3+). In our case, although we do not reach such high scores, a 1M parameter increase in the number of parameters yields a +12% on the mIoU scores, and the total weight of the network is less than half the weight of ShapeConv."
96cd77223ed70c2d,254823146,NYU-V2 dataset,micro,micro,0.9998847272493507,True,"The NYU-V2 dataset provides 795 training images, and 654 validation of indoors scenes annotated with 40 classes. The results are reported in Table 5. (Cao et al., 2021) 51.3 CMX(B2) (Liu et al., 2022) 54.1 Compared to the 2D baseline, adding depth information improves the segmentation result. However, the results are far less interesting than when considering a point cloud, as it allows the network to process more contextual information around the points."
4d712877f4285fde,254823331,Cross-Model Querying,micro,micro,0.9778736082734427,True,"With the usage of window-based attention, the computational complexity decreases to linear to the input size, i.e., the computation complexity of RBQ module for each image is O(w 2 HW C), compared to O((HW ) 2 C) of the global attention, which makes the detail querying more efficient."
5d6fdca4d14c2af6,254823331,Cross-Model Querying,micro,macro,0.7406896616643172,False,"Conventionally, direct element-wise addition is used to fuse the aligned features. However, in COD scenario, directly fusion of low-level details and high-level semantics may lead to a phenomenon that the fine-graind details are easily overwhelmed by surrounding contextual information. Thus, we propose a Relation-Based Querying (RBQ) module to bridge the cross-model semantic gaps by calculating the pixel-wise relations of two kinds of features and adding the relation-based result to the original fusion. Given the ViT features Z ∈ R P 2 ·C and tokenized ResNet features Y ∈ R P 2 ·C as input, we employ window-based cross attention to reason the pixel-wise relations among spatial neighboring elements. Firstly, the features are partitioned into several non-overlapping windows, i.e., where w is the predefined window size. After that, the partitioned tokens are flattened along the spatial dimension and projected to query, key, and value tokens, i.e."
c5e7aa27f9e95188,254853770,Ablation Study,micro,micro,0.5467005616124317,True,"Sensitivity on λ in (2). In Table 4, we test the sensitivity on λ in (2) when training the augmentor using 10% labeled data on ScanNet. The higher lambda values (e.g., 1.0) accelerate the training processing of our augmentor to become more aggressive (i.e., generating more challenging samples), which may harm the stability in the early training stage, thus leading to worse performance. On the other hand, the lower lambda values control the pace for training the augmentor in an appropriate step, stabilizing the training and leading to better performance. Overall, Table 4 shows that our method is robust to the λ value when it is in a reasonable range (e.g., from 0.01 to 0.5). In all the experiments, we choose λ = 0.1."
f62017036599983d,254853770,Displacements Analysis,micro,micro,0.995382516136539,True,"Here, we only count points with displacement ratios larger than 1%, which are considered significant augmentation. This figure shows that our augmentor learns to produce more realistic augmented data. For example, most points are augmented with displacement ratios less than 3% along x-direction and y-direction while less than 1.5% along z-direction. It is the expected result since all objects should be placed on the ground or on top of another object due to gravity. It implies that our augmentor can appropriately augment objects by increasing data variance and maintaining object distinctiveness at the same time."
de340358d7f3f49e,254853824,Model Architecture,micro,micro,0.8335375616119425,True,"The overall architecture of the proposed visual concept extractor is shown in Figure 3 (left). First, we collect the common object categories from the Visual Genome dataset (Krishna et al. 2017), and form these category words using the description form a photo of [object]. We take advantage of the CLIP text encoder to extract the textual embeddings of these descriptions to form an off-the-shelf vocabulary. Note that this vocabulary contains textual embeddings instead of the raw words to avoid unnecessary computations in the captioning stage. Then, we train an efficient foreground-background object detector without knowing object classes. This detector is designed to roughly predict the foreground bounding boxes, whose architecture is tiny YOLOv5n (Ultralytics 2020) with only 1.9M parameters. After obtaining the object proposals, we employ ROI-Align (He et al. 2017) to pool the region embeddings. These ROI embeddings are further processed by two linear blocks to align with the concept embeddings in the aforementioned vocabulary. To train this concept extractor, we freeze the CLIP ResNet-50 parameters and only train two linear layers using the standard contrastive loss in CLIP."
b73a18fec6d197d8,254854056,Quantitative Evaluation Results,micro,micro,0.9927738434272398,True,"Comparison results on Synapse The test results for all the comparison methods on the Synapse dataset are reported in Table 1. We can see that the proposed PSCV performs substantially better than the other comparison methods in terms of both DSC and HD95 metrics. Note that WSL4MIS and USTM are based on pseudo-label generations. Due to the extremely small number of annotated pixels, the noise of their generated pseudo-labels tends to bias the model learning. The proposed PSCV outperforms these two approaches by 22% and 16.5% respectively, and achieves 0.717 in terms of the class average of DSC results. Moreover, PSCV outperforms the second best result of GatedCRF by 12.1% in terms of the class average DSC, and substantially reduces the class average HD95 result from 66.32 to 37.38. Aorta (Aor) and Liver (Liv) are the smallest and largest organs in the Synapse dataset, while the proposed PSCV achieves very satisfactory results (0.803 and 0.901 in terms of class average DSC) in both categories compared to the other methods. It is also worth noting that the performance of PSCV is very close to the upper bound produced by the fully supervised method. These results validate the effectiveness of the proposed PSCV. Comparison results on ACDC The comparison results on the ACDC dataset are reported in Table 2. It is clear that the proposed PSCV outperforms the state-of-the-art comparison methods, achieving the best class average DSC value of 0.841 and the best class average HD95 value of 3.57. In particular, PSCV outperforms the second best, Gat-edCRF, by 2.7% in terms of class average DSC. PSCV also substantially reduces the performance gap between the point-supervised methods and the fully supervised method in terms of DSC. In terms of HD95, PSCV even outperforms the fully supervised method. These results suggest that PSCV is effective for point-supervised learning."
35b5ea41fe7ff11b,254854154,DATASET,micro,meso,0.7294281827380172,False,"Neural networks, especially recent models trained with batch normalization, have shown to produce overconfident output probabilities during later stages of training [17], [26]. This effect is less of a problem for applications, where the network output is the final stage of the perception process. For our probabilistic model, where we fuse the network output probability of a network based solely on VIS images with hand-crafted vegetation indices from VIS+NIR image pairs, we want the network output probability to resemble the empirically observable segmentation errors. The process of adjusting the network output probabilities is called calibration. The temperature concept, which applies a Platt scaling with a single scale parameter T > 0 for all classes can be used to calibrate the network outputs [17]. The temperature T can raise the output entropy of the network by softening the softmax function for T > 1. T is optimized with respect to the NLL on the validation set to produce a calibrated confidence valueq."
5e381579f05baba8,254854154,DATASET,micro,micro,0.9999360824420702,True,"Practically speaking, LTS adds an additional postprocessing stage to the overall training process, where we optimize the weights of the temperature mapping network H . This is alleviated by the few parameters in H and the relatively small size of the hold-out validation dataset. The effects of network output calibration can be observed in the reliability diagrams in Fig. 4."
fc12b946fbd16a58,254854232,Experimental Setup,micro,micro,0.8558751576463502,True,"Implementation Details. For CAM generation, we adopt CLIP pre-trained model ViT-B-16 [34]. The feature map used to generate CAM is the one before the last selfattention layer in ViT. We replace the class token with the average of remaining tokens to compute final logits, which can significantly boost the performance. Detailed analysis is discussed in Appendix. Input images remain their original size, and we do not use the multi-scale strategy during inference. λ used in the CAA module is set to 0.4 and 0.7 for VOC and COCO, respectively. The generated CAMs are further post-processed by dense CRF [21] to generate final pseudo masks. For final segmentation, we use ResNet101based DeepLabV2 following prior works [24,27,46]. The setting details about the segmentation network are provided in Appendix."
70ff7f69803647e3,254854475,Evaluation Metrics,micro,micro,0.9999211554183369,True,The recall is the ratio tp/(tp + fn) where tp is the number of true positives and fn the number of false negatives. The recall is intuitively the ability of the classifier to find all the positive samples.
4427e28cb45e7eb4,254854625,Experimental setup and dataset specifications,micro,micro,0.9934098948198874,True,"In the interactive experiments, we consider the iCub robot as an action observer and four human operators as action performers. In this setting, each operator performs four predefined actions on the objects by using four different tools. The dataset was constructed with 20 objects with specific affordances, shown in Figure 1(a). For instance, a can of liquid drink offers rollability as affordance, whereas a box can not provide the same affordance [2]. The set of tools used in the experiments is presented in Figure 1 As seen in Figure 1(c), the iCub robot is situated in front of the operator to capture the images with three color cameras and a depth sensor. We note that the images were recorded before and after performing actions. In doing so, we obtained the pose of the object in the scene and the effect of action (i.e., final pose) that occurred by using a specific tool to perform a particular action. We allow the operators to perform four different actions: pulling, pushing, moving an object from left to right, and moving an object from right to left. The subfigures in the second row of Figure 1 were captured from the robot's camera, and the arrows illustrate the possible trajectory of an object with these actions. We repeat the same action 10 times for each object-tool-action triplet and collected 9600 color and 3200 depth images (with the size of 640 × 480) of the initial and final poses of the object."
98694877d1064b2f,254854625,Performance Metrics Sensors,micro,macro,0.9929665943384919,False,"Therefore, decision-making was influenced by adding weights to the models; in turn, it improved the accuracy by 0.0015. That translates to an increase of 1 true positive. This can also be seen in the corresponding confusion matrices from Figure 3. Although the results given by the post-processing weighted average decision level fusion might not be achieved in an online action recognition case, this approach gives us insight into the full potential of decision level fusion for this particular dataset. Table 1 shows an accuracy of 0.9922, a precision of 0.9923, a recall of 0.9922, and an F1-score of 0.9922 for this ensemble learning type. This indicates that the selected model weights did not achieve the full learning potential on this dataset. To reproduce the presented results and provide all the related data to the interested researchers, we used a public repository 3 . We note that the same repository also hosts the results with MLP models that we could not provide here due to the page limit."
bcd47e29a46a7202,254854644,Detector Components Analysis,micro,micro,0.9418272691498052,True,"stacked BiFPN. Consequently, we equip our detector with seven stacked NAS-FPN blocks, enjoying a good trade-off between accuracy and cost. Besides, Cascade RPN brings a consistent gain (+1.0 mAP at least on COCO and +0.2 mAP at least on MVD) across whatever necks, especially for NAS-FPN, without increasing too much extra computational cost."
c6fa3edd3f22b8ce,254854644,Hierarchy-aware Cross-dataset Loss Suppression,micro,micro,0.9973862510530882,True,"(c) [Neither] Suppose this category is independent of any superclass of OID. HCLS does nothing about loss adaptation. In other words, we equally calculate losses over all the categories in the unified label space in loss functions."
c2d3a5d124073eaa,254876512,Evaluation on the usability of TACLND in clinical scenarios,micro,micro,0.6768883250416255,True,"As is shown in Fig. 8, we present the ROC curve of TACLND based on the prediction on the same US images, and the discrete distribution of the doctors' diagnosis results in the ROC space. The circle points denote the diagnosis results of each individual doctor, while the rhombus points denote the overall diagnosis results of the whole doctors. It can be seen that our proposed TACLND overall performs better than these experienced doctors. Specifically, TACLND performs much better than doctors especially when make classification between benign and non-benign cervical LNs. When making classification between malignant and non-malignant cervical LNs, only the doctors with more than 10 year clinical experience can perform better than TACLND. Therefore, In the vast majority of cases, TACLND diagnoses cervical LNs more accurately than doctors. We believe that our proposed method can support the decision-making of doctors, especially the common doctors, to a great extent in clinical scenarios."
fb721c8fc94344d7,254876995,Experimental Setup,micro,meso,0.5413381189502959,False,"3D object detection is a widely used downstream task for scene understanding. We report the fine-tuning results of object detection for ScanNetv2 in the Table 2, our MM-3DScene achieves the state-of-the-art performance among the SSL methods. With of MM-3DScene pre-training, it achieves a significant improvement of 4.4 on mAP@0.25, and 6.1 on mAP@0.5 compared to training from scratch. Meanwhile, even if we only train the informative masked modeling branch without the consistency distillation, the result also surpasses the state-of-the-art method 4DContrast [7], which strongly demonstrates the effectiveness of our customized masked modeling method for object detection. SUN RGB-D object detection."
44e0cb3a29b40c82,254877205,A. Model Performance,micro,micro,0.9967219916072062,True,"One of the open questions is whether these convolutional models are overparameterized and overfitting the training data. By comparing the parameter counts, and hence the complexity, of the three convolutional models, we see how the model performance increases as we increase model parameterization. In Table II, as we increase parameter count from 8M with DenseNet 121 to 11M with EfficientNet B0 and then 23M with ResNet50, we see a steady improvement in precision, recall, and F1-score for both the reduced EF and preserved EF classes. This suggests that these convolutional models are not over-parameterized enough to overfit the training data. Table III shows how data augmentation using basic image transformations can further improve model performance. After we add data augmentation to ResNet50, our best model, we see a 5% improvements for Precision, Recall, and F1-score, across both the reduced EF and preserved EF classes. This suggests that data augmentations during training improves model robustness to input permutations in the test set."
11d99aeff7d3e82c,254877518,Dataset-driven self-supervised region classification,micro,micro,0.999987753543244,True,"After Foreground (Fg) and Bg groups identification, we associate to the clusters two types of labels (i) Each Fg cluster is assigned an id representing one discovered semantic class. (ii) All clusters have a binary label indicating whether it belongs to Fg or Bg. These image clusters are used to train two CNN-based classifiers, with the cluster id as a classification target. The first is a multi-class classifier trained using Fg clusters to assign objects and object parts to a specific class. The second classifier is trained using all the discovered clusters, and learns to distinguish between objects and Bg regions."
26af0778273ba500,254877518,Dataset-level semantic object proposals,micro,meso,0.9995228821844321,False,"We recall that the aim of this new ranking is to reduce the amount of noise in the top proposals, which will be retained for clustering, as explained in section 3.4. We choose to use SeSe proposals for its popularity. However, the proposed ranking should be valid with other proposals, provided that they have a similar distribution, i.e. bounding boxes that occupy the whole image, and thus verify the background dominance condition, discussed above."
1b686bae5a4e53ac,254877528,D. Ablation Studies,micro,meso,0.956282338322792,False,"Additionally, we evaluate the performance of applying OBMO to different difficulty levels of objects in Table VIII. The difficulty level of the object is defined according to the height of the 2D bounding box, occlusion, and truncation values. We can see that OBMO works well for all levels of objects, which means that the issue of depth ambiguity indeed exists and is widespread. Weights of Label Score λ. We use different loss weights in the label score branch and report the results in Table IX For the first one, we use the same default configuration as in Car, i.e., four pseudo labels: ∆ z = {−8%, −4%, +4%, +8%} and IoU Label Score. The results are shown in Table XI. The IoU threshold we used is 0.5 for both of them. The improvements are apparent, proving that our method can apply to varied categories."
b3b69fbdd73b852d,254877528,D. Ablation Studies,micro,meso,0.9998176959207794,False,"For the latter one, we take GUPNet [33] as our baseline and adopt the metrics with mAP and mAPH under the IoU threshold of 0.7 and 0.5, respectively. ""Level 1"" denotes the evaluation of the bounding boxes that contain more than 5 lidar points. ""Level 2"" denotes the evaluation of all bounding boxes. The results prove that our proposed OBMO method achieves consistent improvements in all settings, as shown in Table XII."
54e9b4d835e5a374,254877627,Evaluation of foreign predictions,micro,meso,0.9945499001323039,False,"We propose to deal with this issue by extending each dataset-specific taxonomy with a special void class that maps to all universal classes that are foreign to this particular taxonomy. Note that such practice is compatible with major multi-domain recognition competitions, since they"
a4fc70e0c97f1b64,254877627,Implementation details,micro,micro,0.6217603342068,True,"We augment training images with horizontal flipping, random scaling between 0.5× to 2× and random cropping. We use 768×768 crops except when training on the MSeg dataset collection where we use 512×512 crops. In experiments on ADE20k, Vistas as well as MSeg and RVC collections, we start augmentation by upsampling images so that the smaller side is 1080 pixels. We apply the same preprocessing to the test images as well and proceed by downsampling predictions to the input resolution. Most of our experiments use a single Tesla V100 32 GB and set the common batch size with respect to the most memory inefficient model. Our RVC submissions have been trained and evaluated on 6 such GPUs. Our minibatches prefer images with multiple class instances and rare classes, as well as encourage even representation of datasets."
aec2a8a2a91de43f,254877750,Deep learning model EfficientNet,micro,meso,0.9999996677312142,False,"The models with various scales are suitable for the data learning problems with different dataset sizes. For the photometric image dataset Galaxy Zoo-The Galaxy Challenge, we choose B1 from this series of models. It is found that for this dataset, the valid information in most of the sample images is concentrated within a certain range, outside of which there are small bright spots (other galaxies) or black backgrounds. This range is bounded by a central rectangle of 240*240 pixels in the image , and the input resolution for EfficientNet-B1 is 240*240 pixels. In addition, although the size of this dataset is not large, there exists a slight underfitting on the benchmark model B0 due to insufficient network complexity. On the other hand, these are some overfitting on the model B2 or a more complex model. Therefore, this work selected the model B1."
d0f19061beb8c0ee,254905833,Analysis of Ablation,micro,meso,0.9907911150946342,False,(2) The model that integrates both tr G and tr G achieves better performance than the model with either tr G or tr G only. This shows that combining both tr G and tr G can capture more complete correlation information among categories. (3) The performance of our model is better than other variants. This demonstrates the capability of our graph contrastive learning module to generate discriminative and effective classifiers.
feba93f18b4fcc11,254905833,Analysis of Ablation,micro,micro,0.9968198524789912,True,"We perform an empirical evaluation to verify that our intuition is correct and that dditional hidden layers in GUN-2A indeed aggregate more information from the global tructure in the knowledge graph. Table 5 reports the model performance of previous imilar works [28,29] using GCN with a different number of layers and illustrates the perrmance when adding additional layers to the GUN for 2-hops task. We observe a steady ecline in the performance of previous methods as the number of layers increases. In our xperiments, the performance of our model increases with more GCN layers. Compared the 4-layers GCNZ, we believe that our GUN structure effectively aggregates valid feares from remote nodes without modifying the origin topology. However, this aggregaon also brings potential concerns of gradients vanishing as the number of GCN layers ontinues to increase."
20dcdaa8c49317ea,254926356,Evaluation,micro,micro,0.9999220686651485,True,"Area under AL Curves. In light of the complexity of the AL problem, we propose the area under the AL curve (AUC ). It constitutes a more robust performance metric compared to (horizontal or vertical) cross sections through the learning curves. Fig. 3 shows two AL curves and corresponding AUC metrics at two distinct points t 1 and t 2 ."
9c5ad9c0ada22eca,254926356,Evaluation,micro,micro,0.9949313791627393,True,"Note that in practice, there is no fixed maximal dataset size for which a maximum performance exists. Then, the AL experiment may end and be evaluated at any given vertical section of t points of training data. Knowing the maximal performance (or the 90% mark shown in Fig. 3) may lead to wrong conclusions in the presented case which is taken from the scenario in Fig. 4. Ending the experiment at t 1 clearly determines the red curve (which also has a higher AUC ) as preferable. Ending the experiment at t 2 favors the blue curve by just looking at the actual test performance. However, the AUC still favors the red curve, since it takes the complete AL curve into account. This is in line with our qualitative feeling of the curves when regarded up to t 2 ."
c7a0686cbd615bb5,254926421,A. Dataset,micro,meso,0.8279235066408981,False,"These images, which include 750 total images of lung tissue and 500 total images of colon tissue are further augmented using the Python programming language's Augmentor module, which was increased to 25,000. For augmentation purposes, left and right rotations and horizontal and vertical flips were used. In this work, we have used the lung images from this dataset which is a total of 15,000 images in number consisting of 3 classes."
048386ed24c777fe,254926434,Experimental setup and procedure,micro,meso,0.7977993503379073,False,"With the above setup in place, we first train detection models with only the target dataset. A (train, val, test) split of (0.7, 0.0, 0.3) is used for training Faster RCNN (referred to hereinafter as FRCNN), RetinaNet and FCOS models, while (0.7, 0.1, 0.2) is used for training YOLOv5. We then train detection models with the reference dataset with the above split to obtain the pre-trained models. These models are finally finetuned with a (train, val, test) split of (0.3, 0.0, 0.7) for FRCNN, RetinaNet and FCOS, while (0.3, 0.1, 0.6) for YOLOv5 on the target dataset to obtain the fine-tuned models. We adopt this process for all three detection tasks, resulting in a total of 18 models. For the sake of brevity, we use the term target-trained model to refer to a model trained from scratch and differentiate from pre-trained and fine-tuned models in the rest of the article. Finally, we vary the training subset size in the set {0.1, 0.2, 0.3, 0.4, 0.5, 0.7} and record the performance of the fine-tuned models. In the following section, we present the results of these experiments and provide a discussion of the key insights."
9dbd77ef8dba9590,254926434,Model pool selection,micro,micro,0.9997975472284759,True,"The last model considered here is the fifth version of You Only Look Once models, i.e., YOLOv5 which comes from a lineage of highly successful one-stage YOLO models. YOLOv5 performs a series of pre-processing and postprocessing steps along with multi-scale detection [30], and has also been shown to outperform several other models like the Faster RCNN and RetinaNet. These models are very popular and successful in both computer vision and domain-specific applications, and cover a wide spectrum of modelling approaches including two-stage and one-stage models, imbalance addressing loss function, fully convolutional architectures as well as data augmentation extensive models. We do not consider the recent vision transformer based object detection models that have a very different architecture than convolutional models because of limited size of our datasets."
1420d6ab3e15faaa,254963365,The online and offline processes proposed approach,micro,meso,0.9823201593421725,False,"The commonly dataset used in most image retrieval and classification research is Corel-1k dataset [33]. Therefore, the performance of the proposed DLCBIR is examined using Corel-1k dataset. The Corel-1k dataset composed of 10 categories, each one contain 100 images with a resolution of 256×384×3 or 384×256×3 pixels. We used 70% of images per class for training and 30% for evolution. Six samples of each type are shown in Figure 7."
5da3eceec10c94ec,254967787,MineNavi: a synthetic dataset of large scale scenes,micro,micro,0.5327596895313481,True,"Moving objects in the scene. The dynamic objects in a practical environment may have a great influence on unsupervised monocular depth estimation method. Many previous work [16][17][18] focused on how to remove the negative effects of dynamic objects in monocular depth estimation, but due to the very limited dataset, the progress is far from satisfactory. In order to simulate the influence of a moving object in the synthetic dataset on the depth estimation, the construction of the scene containing moving objects can be further parameterized as: where P i is the path of the ith moving objects in the scene. Each of the dynamic object can be modeled as custom shape by Blender or other 3D software and set their paths by using BlockBuster 19 . Note that we have no involved the moving object in our proposed dataset yet due to its negative effects on depth estimation mode. www.nature.com/scientificreports/ Generating ground-truth annotations. The shader can perform color mapping on the 3D information of the scene, which acts as a ground-truth as shown in Fig. 1."
969e1e31aa7f4e17,254967787,MineNavi: a synthetic dataset of large scale scenes,micro,meso,0.996726411418177,False,"In MineNavi, we can set the key points manually or automatically by using Aperture 15 and obtain the full path that matched with image sequence through the interpolation algorithm (see Fig. 4). The generated path has high enough dynamics, and the pose transformation is much larger than the general real-world data captured by UAVs."
d4ded90ed3e8eff5,254974269,B. Evaluation metrics,micro,micro,0.9998297267111866,True,"The results of CroHD are very close to those of SCUT-Head given in Table VII. The only difference is that the absolute counting errors of CroHD are greater than those of SCUT-Head. This is because CroHD has a higher crowd density than SCUT-Head. Similarly, our GTA Head results in lower MAE and RMSE due to much higher crowd density."
f28e8ec7874ce985,254974269,B. Evaluation metrics,micro,meso,0.9166655526830817,False,"2) Results and discussion: The results of SCUT-Head are shown in Table VI. We can see that the accuracy of counting has been improved for all networks by replacing the Focal Loss with our Mask Focal Loss. Because the dataset has low density and complexity, most of the counting errors are very close. But even so, the best result MAE=1.26 reduced from MAE=1.92 by 34%."
2089ff6d8ea13aea,254974301,Ablation Study,micro,meso,0.6290333664895066,False,"proves over our estimated depth by 7.2% in terms of MPJPE and 4.2% in terms of PA-MPJPE. This demonstrates that the accuracy of our predicted pose benefits from better depth maps, but still our estimated scene depth already provides a significant improvement over the baselines. Finally, we evaluate our depth inpainting network in Table 4. We compare with a baseline method without depth inpainting, i.e., the human body is removed from the input image and the scene depth map is predicted directly with the network D in Sec. 3.2. Our method outperforms the baseline, since it is more challenging for the network to simultaneously estimate and inpaint the depth. Moreover, the network can be influenced by the segmented part in the input image as some extinct object, as shown in Table 4. The quantitative results of depth estimator. We evaluate average absolute relative error (Abs-Rel) and root mean squared errors (RMSE) on our test dataset following [11]."
2db0e172b740b485,254974459,Ablation Study,micro,meso,0.7324346459675942,False,"Effectiveness of SBA and GLSA. We conduct an experiment to evaluate DuAT without SBA module ""(w/o SBA)"". The performance without the SBA drops sharply on all three datasets are shown in Table 5. In particular, the mDice is reduced from 0.822 to 0.814 on ETIS. Moreover, we further investigate the contribution of the Global-to-Local Spatial Aggregation by removing it from the overall DuAT and replacing it with convolution operation with a kernel size of 3, which is denoted as ""(w/o GLSA)"". The performance of the complete DuAT shows an improvement of 2.2 % and 6.7% in terms of mDice and mIoU respectively on ISIC-2018. After using the two modules (SBA + GLSA), the model's performance is improved again. These results demonstrate that these modules enable our model to distinguish polyp and lesion tissues effectively."
75c0d35035b4b5ef,254974459,Ablation Study,micro,meso,0.855645269595073,False,"The visual results are given in Figure 6. We observe that the SBA module facilitates the fine-grained of ambiguous boundaries and the GLSA module greatly improves the accuracies of small object detection and target object location. Arrangements of GSA and LSA. GSA and LSA represent global spatial attention module and local spatial attention module respectively. We further study the effec-tiveness and different arrangements of GSA and LSA. The results tested on Kavsir, ETIS, and ISIC-2018 datasets are shown in Table 5 (the second and sixth row), and all the methods are using the same backbone PVTv2 [46]. GSA + LSA(Serial) means first performing GSA then LSA, while LSA + GSA(Serial) is the opposite. Overall, all improve the baseline and our GLSA group achieves more accuracy and reliable results. The GLSA module outperforms the GSA, LSA, GSA + LSA (Serial), LSA + GSA (Serial) by 4.2%, 2.9%, 2.8%, 1.5% in term of mean Dice on the ETIS dataset."
947a37b285582eb5,254974483,3D shape information -Deep Manta approach,micro,micro,0.9431777587082023,True,"First, the input image is passed through the Deep MANTA network that outputs 2D scored bounding boxes, associated vehicle geometry (vehicle part coordinates, 3D template similarity) and part visibility properties. Instead of optimizing separate quantities, Chabot et al. [12] proposed a multi-tasking network structure for 2D and 3D vehicle analysis from a single image. For simultaneous part localization, visibility characterization, vehicle detection, and 3D dimension estimation, the many-tasks network (MANTA) first detects 2D bounding boxes of vehicles in multiple refinement stages. For each detection, it also gives the 3D shape template, part visibility, and part coordinates of the detected vehicle even if some parts are not visible. Then, these features are considered to estimate the vehicle localization and orientation using 2D-3D correspondence matching. To access the 3D information of the test objects, the vehicle models are searched for template matching. The real-time pose and orientation estimation uses the outputs of the network in the inference stage. At the time of publication [12] , this approach was the state-of-the-art approach using the KITTI 3D benchmark in terms of vehicle detection, 3D localization, and orientation estimation tasks."
395ad88474b29868,254974512,Performance,micro,micro,0.9415724120677887,True,"From Fig1, comparing performances of stereo depth estimation and Lidar depth estimation, Lidar depth estimation performance is showing better and has more accuracy. Because 3D points data quality is so high and can't be affected and influenced by outdoor environment. However, using 3D cloud points data provided by ford to do Lidar depth estimation doesn't have information about dynamic objects(i.e cars , pedestrian,sky and etc) but can provide information about static objects. For stereo depth estimation by pure mathematics approach, stereo images quality is so important and is easily affected by outdoor environment( for instance clouds, shadows and high lightness, in Fig1.1st row, the mid image has a high lightness which affect the image quality.). But using stereo images can provide the more † These authors contributed equally to this work information about dynamic objects(i.e cars , pedestrian,sky and etc). Lidar depth estimation with better performance than stereo depth estimation can be used as ground truth."
213afea68ea4aa59,255055220,Microstructure analysis,micro,meso,0.9999150683338996,False,"(a) (b) Figure 11: a) Plot of loss function with number of epochs b) Accuracy evaluation CONCLUSION n order to elicit the appropriate responses and help humans with a variety of production-related tasks, computer vision in manufacturing concentrates on creating artificial systems that can capture, process, and thus recognize visual inputs from the physical world (primarily factories and other industrial sites). The simplest forms of computer vision, used in manufacturing as well as other industries, can identify particular objects and prompt a response using a rule-based principle. Specifically, they do this by identifying key characteristics in the collected visual elements and determining whether they match a set of predetermined parameters. This method is less effective at handling the finer distinctions and variances that frequently appear when working with unstructured sources of information like images and is prone to producing a lot of misclassification. The following conclusions are drawn from the current study:  The abrupt temperature increase may cause some material to melt and be removed. Heat-induced metallographic changes in some of the nearby material lead to the creation of discharge pits of various sizes. While a tiny amount of this melted surface hardens once more as a result of the dielectric's cooling effect. The flushing operation of the dielectric fails to completely remove some of the molten material. The density and thickness of these numerous pockmarks, globules, and microcracks, which are all part of the resolidified layer known as the white layer, depend on the process parameters.  The goal of picture segmentation is to separate an image into a number of smaller pieces. The computations of image object segmentation will be aided by these segments or these numerous segments that were formed. Use of masks is another crucial prerequisite for picture segmentation jobs. We may get the desired outcome needed for the segmentation task with the use of masking, which is essentially a binary image made up of zero or nonzero values. With the aid of images and their corresponding masks, we can explain the key elements of the image that were discovered during image segmentation, allowing us to use them for a variety of future tasks.  The future scope of this work can be based on the implementation of the embedded machine learning to incorporate our proposed framework for identification of the presence of the fracture cracks in a real-time by a normal human operator."
ed46cbfcde52d44d,255081891,Experimental Result,micro,meso,0.9999970081641292,False,A comparison of several fltering techniques is shown in Table 2 in order to identify the outcomes of the suggested method that have higher accuracy. Te PSNR rate of the adaptive bilateral flter was demonstrated by comparing the flter method.
899040024ffe2185,255096225,A. Dataset and Metrics,micro,micro,0.9828790685534448,True,"Metrics. We adopt the metrics used in SPEC2021. The rotation error is defined as the angle between the predicted quaternionq and the ground truth q, i.e., E q = 2 arccos(q T q). The translation error is defined as the difference between the predicted valuet and the ground truth t, i.e., E t = t − t 2 . Given an image, the scores for rotation and translation are defined as S q = E q and S t = E t / t 2 , respectively. The overall score is given as where θ q = 0.169 • and θ t = 2.173 × 10 −3 are the thresholds, which are determined by the calibration results of the facility used to create the dataset [22]."
7fa2b8de82038c6f,255096244,D. Synthetic Evaluation,micro,meso,0.8218837293555502,False,"Assessment on Synthetic Data. We find that for this synthetic data, in the absence of noise, lighting changes, and other imaging non-idealities, we are able to recover nearly ground truth reconstructions of both the objects and background planes. This supports our plane plus offset depth model, which fits the simple plane to the out-of-focus background content instead of generating spurious depth estimates for regions without reliable parallax information. Though the colorful object textures make single-view depth estimation visually difficult, as illustrated by artifacts in the MiDaS reconstructions, these high-contrast cues allow our method to reconstruct even tiny features such as the tusks of the Synth-Ganesha. This validates that even with small camera motion, given sufficient image texture we converge on geometrically correct solutions. In Fig. 9 we also see how the camera motion estimates converge to nearly ground truth as our method jointly refines depth and camera trajectory estimates during training. Motion estimates are re-normalized and overlaid to demonstrate the accuracy in estimated camera trajectory to ground truth data."
9451d3ed2f02f82b,255096244,B. Additional Ablation Experiments,micro,meso,0.9999671483040877,False,"Depth Model. The main adjustable parameter in our forward model is the plane regularization weight α P . This plane regularization affects depth reconstruction bidirectionally, regions with little parallax information are pulled towards the plane to remove spurious depth estimates, but in order to minimize depth offset, the plane is also pulled towards the reconstructed foreground objects. The effect of this can be seen in Fig. 5, where for very low α P ≤ 10 −5 this plane does not align with the foreground depth, and instead drifts into the background, causing a discontinuity in the reconstruction. Conversely, for large α P ≥ 10 −3 , this regularization is so strong that the plane begins to cut into the foreground objects, flattening regions with low parallax information. We find α P = 10 −4 to work well for a wide range of scenes, gluing the depth plane to the limit of reconstructed objects. We note that in scenes such as Desk Gourds, and as we will see later with synthetic data, this plane accurately reconstructs the real geometry of the background. However, for many settings it is more akin to a segmentation mask than depth, designating the area which we cannot reconstruct using parallax information."
ee5650aa61dd477a,255096379,Datasets and Setup,micro,micro,0.5144966253850604,True,• RegionCLIP [32] further improves the alignment between the semantic and visual embeddings by conduct- Table 3. Open vocabulary object detection result on LVIS. * denotes our re-evaluation by adding the mask head. Supervised and Supervised + RFS are baselines that have access to the training data of target categories. RFS means the repeat factor sampling method [12].
50a085af22b8968f,255096479,PROPOSED METHOD,micro,micro,0.999113536699508,True,"In our network, the EP image and the corresponding four CU images are taken as inputs, and their correlations are reflected in the design of our DWF and FR modules. In the DWF module, the correlation of the EP and CU features is achieved through the inter and intra fusion of our design. Considering that the EP features can better perceive the global information and the CU features can describe the object attribute with less distortion, we achieve the inter fusion between each CU features and EP features, thereby automatically picking out the valuable parts of each of the two different projection features and generating the CU-induced fusion features. The intra fusion further considers the correlation and importance of different unfolding ways, and then learns a dynamic weight for each cube-unfolding manner to fuse the four CU-induced fusion features. Besides, in the FR module, we combine the EP and four CU encoder features with the decoder features, considering not only the associations among the EP and CU encoder features, but also their associations with the decoder features. Since the encoder features obtained by different projection methods have their own redundancy, we design a filtration scheme to filter out their redundancy and update the encoder features in a modulation manner. Then, the filtrated EP features and the four filtrated CU features are combined to strengthen the correlation among them and reduce the redundant information irrelevant to salient objects. Further combination with the decoder features is then done through a refinement scheme. In a word, we exploit complementarity of EP and CU features through the adaptive fusion in the DWF module, and use the EP encoder features and four CU encoder features together to generate encoding features in the FR module that complement the decoder features, thus further considering their correlation."
9c6d65f3d139e7e4,255096479,Ablation Study,micro,micro,0.5488614600436347,True,"Besides, we also discuss the network performance when the CU images are input in different orders. In our network, four CU images are embedded into the feature extraction backbone in a parallel manner. Furthermore, in subsequent modules, all processing operations (e.g., DWF, FR) on the four cube-unfolding features are parallelized and adaptive. Therefore, in theory, all operations in our network are orderinvariant. To verify this, we randomly select three orders from 24 possibilities for verification. Assuming that the original order of the cube-unfolding images is represented as 1-2-3-4, then the three sampled orders in this experiment can be represented as 1-3-2-4, 2-4-3-1, and 4-2-1-3. The rest of the network and the training parameter settings remain unchanged, and the results are shown in Table IV. As can be seen, the performance of the three randomly sampled orders is very close to the performance of the original order, indicating that our model is insensitive to the order of four CU images."
341beabbe8f530d6,255096562,DOMAIN-SHIFT CALIBRATION EVALUATION,micro,micro,0.9956801681993449,True,"Across benchmarks, we find that label space shift causes more significant miscalibration. For example, ADE20K to COCO-164K and SYNTHIA to CityScapes show worse ECE than other domainshift experiments. We link it to poorer domain adaptation and model generalization degradation. Also, we observe that small object segmentation like SN-7, as a challenged task, can cause worse miscalibration. Except for SN-7, more accurate models are more calibrated by benchmarks. For SN-7, background pixels engage in training but are excluded from calibration calculation, which causes larger ECE. Within these models, we find that Segmenter is still more calibrated."
64fc5b1e7722094c,255096562,ABLATION STUDY,micro,micro,0.9940259431709141,True,"Selective scaling with existing calibrators. We also find that selective scaling can boost existing calibrators, vice versa. Figure 4 shows that the integration with selective scaling helps existing calibrators to improve model calibration. When detection accuracy is lower, like < 20%, existing calibrators can help improve selective scaling."
8a204c03429c5d28,255121584,Experimental setup,micro,micro,0.7159683585851018,True,"After getting results from both neural network architectures, the best one is selected, and the feature extraction part is removed for the CBIR task. Then that feature extraction part is used to extract the data of the images stored in the database, and the same feature extraction part is used to extract data from the query image, and then both the features are matched. If yes, then it gives the most similar image, and if no, then that case does not occur as we implemented the feature extraction layer; then, features are extracted and matched."
b8e7bd184a2435ca,255121584,Dataset,micro,micro,0.999755128532107,True,"The original dimension of the image is 299 × 299 pixels which are reduced to 80 × 80 pixels for successful processing. For training, 80% of data from each class is used, and 20% of the data is used for testing. Figure 3 shows the sample of all the three types of images in the used dataset."
a6ae72bdccc7f329,255125454,Network Architecture,micro,meso,0.9546700981283119,False,"As stated above, our OAN has a straightforward structure, which facilitates the integration and practical usage. Note that more complex designs (e.g., multi-scale feature fusion) have potential to further improve the performance but are not the primary goal of this work."
217a66852be75e3f,255125459,B. DATA COLLECTION,micro,meso,0.9999822603264059,False,"Video footage data will also be collected to evaluate model performance. Data from this video footage will not be used to train the models. Rather, this video footage will be used to measure inference levels in various environments and altitudes to determine model behavior and characteristics. Groundbased model inference will be evaluated against footage from traffic in Dupont Circle, Washington D.C., in the month of August 2022. Air-based model inference performance will be evaluated on video footage that is collected between November and December of 2022 in Manassas, Virginia, near a major highway (Interstate 66). To evaluate inference performance at various altitudes video footage will be collected in December of 2022 in Fairfax, Virginia, at a hardware store parking lot where all object classes are present."
eb2829eb3fcb135e,255125459,B. DATA COLLECTION,micro,micro,0.968026935176461,True,"The images are collected from various camera angles at different times of the day, thus creating a more resilient RGB-LWIR model [79]. For data collection, 100 RGB images and 100 LWIR images are extracted from the full-motion video footage with each object class, (i) car, (ii) truck, (iii) person. The RGB and LWIR footage is then fused in Adobe Premier Pro with a 50-50 fusion ratio to create an additional 100 images for the fused RGB-LWIR dataset. The RGB resolution is also cut in half from 1280x1024 pixels to 640x512 pixels to conform the RGB resolution to the LWIR resolution."
8c52973aabdc036c,255125488,A. Method,micro,meso,0.778843607017183,False,"In this section, we propose a learning approach to numerically compute J . This is achieved by generating a random sample of increments Δp, producing a × matrix of perturbations p + Δp. The resulting × matrix of corresponding measurement variations is calculated through f as Δx = f (p + Δp) − f (p). Then, the Jacobian of the image formation process is evaluated by resolving the linear system in Eq. (7) in the least-squares sense. If the × matrix composed of pose samples has a rank equal to , the Jacobian J is computed from the right inverse of this matrix. This process is described in the next section."
59cc4d61c0eac1cc,255125489,Ablation Study,micro,meso,0.7988457887155891,False,"Notably, for objects with richer textures or articulation (Glue, Phone), the baseline model without their supervision yields nearly no improvements. However, when respectively introducing E adv and E reg to the baseline model, we observe ca. 10% absolute improvement on ADD(-S) score. Further, combining both of them yields the best performance."
bf07488c68a97808,255125489,Dataset,micro,meso,0.7184510920791061,False,"LineMOD. [14] consists of 13 objects with watertight CAD models. Thereby, each object is accompanied by a small image sequence of around 1k frames, captured in cluttered environment with challenging lighting. Following previous works [40,47], we employ 15% of the captured RGB images for self-supervision, discarding any manual annotations, and test our model on the remaining samples."
f46b88fb626a4f08,255186162,Ablation study,micro,micro,0.9999988413216709,True,"Bucketing strategy. We compare different discretization strategies for constructing bins of bucketing: 1) Uniform bucketing where all bins have identical intervals of CLIP similarity and 2) Quantile bucketing where each bin has adaptive widths for containing an equal number of samples. Tab. 4(a) presents results where the two strategies show similar CIDEr scores, Uniform bucketing achieves a higher CLIPScore than Quantile bucketing."
2a72467c70cd2b12,255186222,Ablation Studies,micro,micro,0.9366445670014385,True,"Effect of numbers of boxes and groups. As summarized in Table 4, the effect of different number of boxes and groups on model performance for PCAN has also been investigated in detail. We set the number of boxes and groups as K = 6 and G = 3, respectively, and evaluate the effect of the number of boxes and groups on the model separately. In terms of the number of boxes, more boxes can bring a notable performance gain of about 1.93% from K = 2 to K = 6, which can be explained by that more boxes can guide the model to handle more instances and complex scenes. The performance saturates at K = 6 and begins to slightly decrease when further increasing the number of boxes. We speculate that it is caused by the more succinct language expressions of the RefCOCO dataset and the unbalanced distribution of negative samples. As illustrated in the bottom half of Table 4, the model achieves the best performance when the number of groups is taken as 3. No more improvement can be attained when continuing to increase the number of groups. As our default settings, we set the number of boxes and groups to K = 6 and G = 3."
c7e09fc534f409cb,255186222,PCAN Architecture,micro,micro,0.9631548778156804,True,"Expression: ""white chair on left side close to table"" Expression: ""a grop of fruits there is two red apples next to eachother"" where MHCA(·) denotes the multi-head cross attention. Within language constraints, the network will easily find the referred region. In the training phase, we further use PAM and CLUM to enhance the language comprehension and feature representation ability of our model with positionprior information and contrastive learning. Mask head. We upsample and sum the cross-modal feature maps following the standard FPN [30] top-down structure. Following [52], to predict the mask of the referred objects, a feed forward network (FFN) is used for Q O to obtain the convolution kernel parameters of the 3 × 3 convolution. Finally, we perform dynamic convolution to get the segmentation mask."
0f61d00a7050e13d,255186456,Robustness Evaluation,micro,meso,0.9999952839701232,False,"our method is more robust. Third, plain ViTs with our representation separation perform more robust than the pure attention baselines. On Cityscapes, RSSeg-ViT-B even surpasses the FAN-L-Hybrid [84], a well-designed fully attentional network for stronger robustness with a similar encoder size. With greater model capacity, our RSSeg-ViT-L achieves the unprecedented robustness to natural corruptions on Cityscapes. This indicates the interesting properties of our representation separation framework, which maintain or even enhance the robustness by increasing the representational discrepancy."
54c224963c726592,255186456,Implementation Details,micro,meso,0.9998485630006756,False,"During the inference phase, we adopt the sliding window inference of which window size is identical to the training crop size for plain ViTs models. For pyramid ViTs models, we adopt the sliding window inference for Cityscapes following [16]. For the multi-scale results, we perform the multi-scale test with scaling factors of (1.0, 1.25, 1.5, 1.75) on Cityscapes. For the other datasets, the default scaling factors of (0.5, 0.75, 1.0, 1.25, 1.5, 1.75) are used."
7c41993099af5b48,255186577,DR Grade Assessment Method Based on Threshold Inspection Mechanism,micro,meso,0.9996348949695147,False,"In the third step, according to the weights of MCS-DRNet, we construct a grade revision mechanism based on pixel thresholds in the lesion area. The role of this mechanism is to adjust the results of the preliminary classification in the second step. In this mechanism, the MCS-DRNet method is responsible for identifying various lesion areas in the image, and accumulating and outputting the pixel values of these areas. One thing needs to be explained in particular, Based on Equation 4, we construct the inspection and revision mechanism as follows:"
14fa979ed67ae546,255186585,Ablation Study,micro,micro,0.7425678077785394,True,"2D Backbones and Temporal Information. We further explore the influence of 2D backbones and temporal information to our TiG-BEV in Table 6. We observe that our TiG-BEV brings significant performance improvement consistent over different 2D backbones. Also, our target innergeometry learning schemes can provide positive effect for both single-frame and multi-frame settings. The improvement of mAP ranges from +3.4% to +5.8% and the improvement of NDS ranges from +2.5% to +5.0%."
